-- Generated Test Data
-- Generated at: 2026-01-18T09:09:15.789Z

INSERT INTO `approval_record` (`id`, `title`, `type_code`, `content`, `initiator_id`, `priority`, `status`, `current_node_order`, `workflow_id`, `created_at`, `completed_at`) VALUES ('209cfd16c5324a499b9d34cf2be26179', 'BUSINESS_TRIP - Generated', 'BUSINESS_TRIP', '{}', 14, 0, 3, 3, 4, '2025-11-28 03:25:28', '2025-11-28 09:16:04');
INSERT INTO `operation_log` (`user_id`, `module`, `operation`, `target_id`, `detail`, `user_agent`, `created_at`) VALUES (14, 'APPROVAL', 'SUBMIT', '209cfd16c5324a499b9d34cf2be26179', 'Initiated Request', 'Generated Script', '2025-11-28 03:25:28');
INSERT INTO `operation_log` (`user_id`, `module`, `operation`, `target_id`, `detail`, `user_agent`, `created_at`) VALUES (5, 'APPROVAL', 'APPROVE', '209cfd16c5324a499b9d34cf2be26179', 'Approved node 2', 'Generated Script', '2025-11-28 09:17:18');
INSERT INTO `approval_node` (`approval_id`, `node_name`, `approver_id`, `node_order`, `status`, `comment`, `approved_at`, `created_at`) VALUES ('209cfd16c5324a499b9d34cf2be26179', 'Node 2', 5, 2, 1, 'Approved', '2025-11-28 09:17:18', '2025-11-28 03:25:28');
INSERT INTO `operation_log` (`user_id`, `module`, `operation`, `target_id`, `detail`, `user_agent`, `created_at`) VALUES (3, 'APPROVAL', 'APPROVE', '209cfd16c5324a499b9d34cf2be26179', 'Approved node 3', 'Generated Script', '2025-11-28 11:17:09');
INSERT INTO `approval_node` (`approval_id`, `node_name`, `approver_id`, `node_order`, `status`, `comment`, `approved_at`, `created_at`) VALUES ('209cfd16c5324a499b9d34cf2be26179', 'Node 3', 3, 3, 1, 'Approved', '2025-11-28 11:17:09', '2025-11-28 03:25:28');
INSERT INTO `approval_record` (`id`, `title`, `type_code`, `content`, `initiator_id`, `priority`, `status`, `current_node_order`, `workflow_id`, `created_at`, `completed_at`) VALUES ('1b3329cf77e545eba28c6d39bde19274', 'LEAVE - Generated', 'LEAVE', '{}', 19, 1, 3, 3, 1, '2025-11-29 07:47:47', '2025-12-01 23:50:34');
INSERT INTO `operation_log` (`user_id`, `module`, `operation`, `target_id`, `detail`, `user_agent`, `created_at`) VALUES (19, 'APPROVAL', 'SUBMIT', '1b3329cf77e545eba28c6d39bde19274', 'Initiated Request', 'Generated Script', '2025-11-29 07:47:47');
INSERT INTO `operation_log` (`user_id`, `module`, `operation`, `target_id`, `detail`, `user_agent`, `created_at`) VALUES (5, 'APPROVAL', 'APPROVE', '1b3329cf77e545eba28c6d39bde19274', 'Approved node 2', 'Generated Script', '2025-11-29 12:46:58');
INSERT INTO `approval_node` (`approval_id`, `node_name`, `approver_id`, `node_order`, `status`, `comment`, `approved_at`, `created_at`) VALUES ('1b3329cf77e545eba28c6d39bde19274', 'Node 2', 5, 2, 1, 'Approved', '2025-11-29 12:46:58', '2025-11-29 07:47:47');
INSERT INTO `operation_log` (`user_id`, `module`, `operation`, `target_id`, `detail`, `user_agent`, `created_at`) VALUES (4, 'APPROVAL', 'APPROVE', '1b3329cf77e545eba28c6d39bde19274', 'Approved node 3', 'Generated Script', '2025-11-29 15:09:51');
INSERT INTO `approval_node` (`approval_id`, `node_name`, `approver_id`, `node_order`, `status`, `comment`, `approved_at`, `created_at`) VALUES ('1b3329cf77e545eba28c6d39bde19274', 'Node 3', 4, 3, 1, 'Approved', '2025-11-29 15:09:51', '2025-11-29 07:47:47');
INSERT INTO `approval_record` (`id`, `title`, `type_code`, `content`, `initiator_id`, `priority`, `status`, `current_node_order`, `workflow_id`, `created_at`, `completed_at`) VALUES ('8628b89f812b4bbbad68fa2a70729331', 'LEAVE - Generated', 'LEAVE', '{}', 13, 0, 4, 3, 1, '2025-12-16 18:10:22', '2025-12-17 00:12:20');
INSERT INTO `operation_log` (`user_id`, `module`, `operation`, `target_id`, `detail`, `user_agent`, `created_at`) VALUES (13, 'APPROVAL', 'SUBMIT', '8628b89f812b4bbbad68fa2a70729331', 'Initiated Request', 'Generated Script', '2025-12-16 18:10:22');
INSERT INTO `operation_log` (`user_id`, `module`, `operation`, `target_id`, `detail`, `user_agent`, `created_at`) VALUES (3, 'APPROVAL', 'APPROVE', '8628b89f812b4bbbad68fa2a70729331', 'Approved node 2', 'Generated Script', '2025-12-17 00:36:40');
INSERT INTO `approval_node` (`approval_id`, `node_name`, `approver_id`, `node_order`, `status`, `comment`, `approved_at`, `created_at`) VALUES ('8628b89f812b4bbbad68fa2a70729331', 'Node 2', 3, 2, 1, 'Approved', '2025-12-17 00:36:40', '2025-12-16 18:10:22');
INSERT INTO `operation_log` (`user_id`, `module`, `operation`, `target_id`, `detail`, `user_agent`, `created_at`) VALUES (4, 'APPROVAL', 'REJECT', '8628b89f812b4bbbad68fa2a70729331', 'Rejected node 3', 'Generated Script', '2025-12-17 02:20:33');
INSERT INTO `approval_node` (`approval_id`, `node_name`, `approver_id`, `node_order`, `status`, `comment`, `approved_at`, `created_at`) VALUES ('8628b89f812b4bbbad68fa2a70729331', 'Node 3', 4, 3, 2, 'Rejected', '2025-12-17 02:20:33', '2025-12-16 18:10:22');
INSERT INTO `approval_record` (`id`, `title`, `type_code`, `content`, `initiator_id`, `priority`, `status`, `current_node_order`, `workflow_id`, `created_at`, `completed_at`) VALUES ('241b284a0fb2447e8d74ea141814c440', 'CONTRACT - Generated', 'CONTRACT', '{}', 4, 0, 3, 3, 6, '2025-12-30 07:32:49', '2026-01-02 04:30:06');
INSERT INTO `operation_log` (`user_id`, `module`, `operation`, `target_id`, `detail`, `user_agent`, `created_at`) VALUES (4, 'APPROVAL', 'SUBMIT', '241b284a0fb2447e8d74ea141814c440', 'Initiated Request', 'Generated Script', '2025-12-30 07:32:49');
INSERT INTO `operation_log` (`user_id`, `module`, `operation`, `target_id`, `detail`, `user_agent`, `created_at`) VALUES (5, 'APPROVAL', 'APPROVE', '241b284a0fb2447e8d74ea141814c440', 'Approved node 2', 'Generated Script', '2025-12-30 13:19:52');
INSERT INTO `approval_node` (`approval_id`, `node_name`, `approver_id`, `node_order`, `status`, `comment`, `approved_at`, `created_at`) VALUES ('241b284a0fb2447e8d74ea141814c440', 'Node 2', 5, 2, 1, 'Approved', '2025-12-30 13:19:52', '2025-12-30 07:32:49');
INSERT INTO `operation_log` (`user_id`, `module`, `operation`, `target_id`, `detail`, `user_agent`, `created_at`) VALUES (1, 'APPROVAL', 'APPROVE', '241b284a0fb2447e8d74ea141814c440', 'Approved node 3', 'Generated Script', '2025-12-30 16:56:28');
INSERT INTO `approval_node` (`approval_id`, `node_name`, `approver_id`, `node_order`, `status`, `comment`, `approved_at`, `created_at`) VALUES ('241b284a0fb2447e8d74ea141814c440', 'Node 3', 1, 3, 1, 'Approved', '2025-12-30 16:56:28', '2025-12-30 07:32:49');
INSERT INTO `approval_record` (`id`, `title`, `type_code`, `content`, `initiator_id`, `priority`, `status`, `current_node_order`, `workflow_id`, `created_at`, `completed_at`) VALUES ('9f4d3d89b9034f95bd9e921feaf6a62d', 'CONTRACT - Generated', 'CONTRACT', '{}', 4, 2, 2, 2, 6, '2026-01-06 15:58:24', NULL);
INSERT INTO `operation_log` (`user_id`, `module`, `operation`, `target_id`, `detail`, `user_agent`, `created_at`) VALUES (4, 'APPROVAL', 'SUBMIT', '9f4d3d89b9034f95bd9e921feaf6a62d', 'Initiated Request', 'Generated Script', '2026-01-06 15:58:24');
INSERT INTO `operation_log` (`user_id`, `module`, `operation`, `target_id`, `detail`, `user_agent`, `created_at`) VALUES (4, 'APPROVAL', 'APPROVE', '9f4d3d89b9034f95bd9e921feaf6a62d', 'Approved node 2', 'Generated Script', '2026-01-06 21:53:24');
INSERT INTO `approval_node` (`approval_id`, `node_name`, `approver_id`, `node_order`, `status`, `comment`, `approved_at`, `created_at`) VALUES ('9f4d3d89b9034f95bd9e921feaf6a62d', 'Node 2', 4, 2, 1, 'Approved', '2026-01-06 21:53:24', '2026-01-06 15:58:24');
INSERT INTO `approval_record` (`id`, `title`, `type_code`, `content`, `initiator_id`, `priority`, `status`, `current_node_order`, `workflow_id`, `created_at`, `completed_at`) VALUES ('d61bfb2813964e6780cec6ca96ce2a6d', 'LEAVE - Generated', 'LEAVE', '{}', 8, 1, 3, 3, 1, '2025-11-27 23:18:13', '2025-11-28 16:53:49');
INSERT INTO `operation_log` (`user_id`, `module`, `operation`, `target_id`, `detail`, `user_agent`, `created_at`) VALUES (8, 'APPROVAL', 'SUBMIT', 'd61bfb2813964e6780cec6ca96ce2a6d', 'Initiated Request', 'Generated Script', '2025-11-27 23:18:13');
INSERT INTO `operation_log` (`user_id`, `module`, `operation`, `target_id`, `detail`, `user_agent`, `created_at`) VALUES (5, 'APPROVAL', 'APPROVE', 'd61bfb2813964e6780cec6ca96ce2a6d', 'Approved node 2', 'Generated Script', '2025-11-28 05:51:32');
INSERT INTO `approval_node` (`approval_id`, `node_name`, `approver_id`, `node_order`, `status`, `comment`, `approved_at`, `created_at`) VALUES ('d61bfb2813964e6780cec6ca96ce2a6d', 'Node 2', 5, 2, 1, 'Approved', '2025-11-28 05:51:32', '2025-11-27 23:18:13');
INSERT INTO `operation_log` (`user_id`, `module`, `operation`, `target_id`, `detail`, `user_agent`, `created_at`) VALUES (4, 'APPROVAL', 'APPROVE', 'd61bfb2813964e6780cec6ca96ce2a6d', 'Approved node 3', 'Generated Script', '2025-11-28 09:50:41');
INSERT INTO `approval_node` (`approval_id`, `node_name`, `approver_id`, `node_order`, `status`, `comment`, `approved_at`, `created_at`) VALUES ('d61bfb2813964e6780cec6ca96ce2a6d', 'Node 3', 4, 3, 1, 'Approved', '2025-11-28 09:50:41', '2025-11-27 23:18:13');
INSERT INTO `approval_record` (`id`, `title`, `type_code`, `content`, `initiator_id`, `priority`, `status`, `current_node_order`, `workflow_id`, `created_at`, `completed_at`) VALUES ('cafa5f251f7b4d75b71bdcf411f8c3ab', 'CONTRACT - Generated', 'CONTRACT', '{}', 5, 1, 3, 3, 6, '2026-01-03 13:48:07', '2026-01-03 21:17:20');
INSERT INTO `operation_log` (`user_id`, `module`, `operation`, `target_id`, `detail`, `user_agent`, `created_at`) VALUES (5, 'APPROVAL', 'SUBMIT', 'cafa5f251f7b4d75b71bdcf411f8c3ab', 'Initiated Request', 'Generated Script', '2026-01-03 13:48:07');
INSERT INTO `operation_log` (`user_id`, `module`, `operation`, `target_id`, `detail`, `user_agent`, `created_at`) VALUES (4, 'APPROVAL', 'APPROVE', 'cafa5f251f7b4d75b71bdcf411f8c3ab', 'Approved node 2', 'Generated Script', '2026-01-03 17:29:59');
INSERT INTO `approval_node` (`approval_id`, `node_name`, `approver_id`, `node_order`, `status`, `comment`, `approved_at`, `created_at`) VALUES ('cafa5f251f7b4d75b71bdcf411f8c3ab', 'Node 2', 4, 2, 1, 'Approved', '2026-01-03 17:29:59', '2026-01-03 13:48:07');
INSERT INTO `operation_log` (`user_id`, `module`, `operation`, `target_id`, `detail`, `user_agent`, `created_at`) VALUES (4, 'APPROVAL', 'APPROVE', 'cafa5f251f7b4d75b71bdcf411f8c3ab', 'Approved node 3', 'Generated Script', '2026-01-03 19:53:07');
INSERT INTO `approval_node` (`approval_id`, `node_name`, `approver_id`, `node_order`, `status`, `comment`, `approved_at`, `created_at`) VALUES ('cafa5f251f7b4d75b71bdcf411f8c3ab', 'Node 3', 4, 3, 1, 'Approved', '2026-01-03 19:53:07', '2026-01-03 13:48:07');
INSERT INTO `approval_record` (`id`, `title`, `type_code`, `content`, `initiator_id`, `priority`, `status`, `current_node_order`, `workflow_id`, `created_at`, `completed_at`) VALUES ('7f06ef916ef1413caaf23790951bbc02', 'CONTRACT - Generated', 'CONTRACT', '{}', 1, 2, 1, 1, 6, '2025-10-28 06:04:01', NULL);
INSERT INTO `operation_log` (`user_id`, `module`, `operation`, `target_id`, `detail`, `user_agent`, `created_at`) VALUES (1, 'APPROVAL', 'SUBMIT', '7f06ef916ef1413caaf23790951bbc02', 'Initiated Request', 'Generated Script', '2025-10-28 06:04:01');
INSERT INTO `approval_record` (`id`, `title`, `type_code`, `content`, `initiator_id`, `priority`, `status`, `current_node_order`, `workflow_id`, `created_at`, `completed_at`) VALUES ('e556d46bab7b4038ae3887be9669475a', 'CONTRACT - Generated', 'CONTRACT', '{}', 5, 2, 1, 1, 6, '2025-10-29 14:04:23', NULL);
INSERT INTO `operation_log` (`user_id`, `module`, `operation`, `target_id`, `detail`, `user_agent`, `created_at`) VALUES (5, 'APPROVAL', 'SUBMIT', 'e556d46bab7b4038ae3887be9669475a', 'Initiated Request', 'Generated Script', '2025-10-29 14:04:23');
INSERT INTO `approval_record` (`id`, `title`, `type_code`, `content`, `initiator_id`, `priority`, `status`, `current_node_order`, `workflow_id`, `created_at`, `completed_at`) VALUES ('7ddad14cdc654e06af062750f4a78e5c', 'PURCHASE - Generated', 'PURCHASE', '{}', 14, 1, 3, 3, 3, '2025-11-17 20:45:38', '2025-11-20 13:02:34');
INSERT INTO `operation_log` (`user_id`, `module`, `operation`, `target_id`, `detail`, `user_agent`, `created_at`) VALUES (14, 'APPROVAL', 'SUBMIT', '7ddad14cdc654e06af062750f4a78e5c', 'Initiated Request', 'Generated Script', '2025-11-17 20:45:38');
INSERT INTO `operation_log` (`user_id`, `module`, `operation`, `target_id`, `detail`, `user_agent`, `created_at`) VALUES (3, 'APPROVAL', 'APPROVE', '7ddad14cdc654e06af062750f4a78e5c', 'Approved node 2', 'Generated Script', '2025-11-18 01:36:56');
INSERT INTO `approval_node` (`approval_id`, `node_name`, `approver_id`, `node_order`, `status`, `comment`, `approved_at`, `created_at`) VALUES ('7ddad14cdc654e06af062750f4a78e5c', 'Node 2', 3, 2, 1, 'Approved', '2025-11-18 01:36:56', '2025-11-17 20:45:38');
INSERT INTO `operation_log` (`user_id`, `module`, `operation`, `target_id`, `detail`, `user_agent`, `created_at`) VALUES (5, 'APPROVAL', 'APPROVE', '7ddad14cdc654e06af062750f4a78e5c', 'Approved node 3', 'Generated Script', '2025-11-18 02:38:18');
INSERT INTO `approval_node` (`approval_id`, `node_name`, `approver_id`, `node_order`, `status`, `comment`, `approved_at`, `created_at`) VALUES ('7ddad14cdc654e06af062750f4a78e5c', 'Node 3', 5, 3, 1, 'Approved', '2025-11-18 02:38:18', '2025-11-17 20:45:38');
INSERT INTO `approval_record` (`id`, `title`, `type_code`, `content`, `initiator_id`, `priority`, `status`, `current_node_order`, `workflow_id`, `created_at`, `completed_at`) VALUES ('b7562a09cf9f4515a057bf501be14f00', 'LEAVE - Generated', 'LEAVE', '{}', 10, 0, 4, 3, 1, '2026-01-11 03:13:55', '2026-01-12 04:18:15');
INSERT INTO `operation_log` (`user_id`, `module`, `operation`, `target_id`, `detail`, `user_agent`, `created_at`) VALUES (10, 'APPROVAL', 'SUBMIT', 'b7562a09cf9f4515a057bf501be14f00', 'Initiated Request', 'Generated Script', '2026-01-11 03:13:55');
INSERT INTO `operation_log` (`user_id`, `module`, `operation`, `target_id`, `detail`, `user_agent`, `created_at`) VALUES (3, 'APPROVAL', 'APPROVE', 'b7562a09cf9f4515a057bf501be14f00', 'Approved node 2', 'Generated Script', '2026-01-11 05:42:35');
INSERT INTO `approval_node` (`approval_id`, `node_name`, `approver_id`, `node_order`, `status`, `comment`, `approved_at`, `created_at`) VALUES ('b7562a09cf9f4515a057bf501be14f00', 'Node 2', 3, 2, 1, 'Approved', '2026-01-11 05:42:35', '2026-01-11 03:13:55');
INSERT INTO `operation_log` (`user_id`, `module`, `operation`, `target_id`, `detail`, `user_agent`, `created_at`) VALUES (1, 'APPROVAL', 'REJECT', 'b7562a09cf9f4515a057bf501be14f00', 'Rejected node 3', 'Generated Script', '2026-01-11 08:35:35');
INSERT INTO `approval_node` (`approval_id`, `node_name`, `approver_id`, `node_order`, `status`, `comment`, `approved_at`, `created_at`) VALUES ('b7562a09cf9f4515a057bf501be14f00', 'Node 3', 1, 3, 2, 'Rejected', '2026-01-11 08:35:35', '2026-01-11 03:13:55');
INSERT INTO `approval_record` (`id`, `title`, `type_code`, `content`, `initiator_id`, `priority`, `status`, `current_node_order`, `workflow_id`, `created_at`, `completed_at`) VALUES ('81a9aec928b34e93899918a75f82221e', 'LEAVE - Generated', 'LEAVE', '{}', 7, 0, 4, 3, 1, '2025-11-24 22:55:58', '2025-11-26 16:07:46');
INSERT INTO `operation_log` (`user_id`, `module`, `operation`, `target_id`, `detail`, `user_agent`, `created_at`) VALUES (7, 'APPROVAL', 'SUBMIT', '81a9aec928b34e93899918a75f82221e', 'Initiated Request', 'Generated Script', '2025-11-24 22:55:58');
INSERT INTO `operation_log` (`user_id`, `module`, `operation`, `target_id`, `detail`, `user_agent`, `created_at`) VALUES (1, 'APPROVAL', 'APPROVE', '81a9aec928b34e93899918a75f82221e', 'Approved node 2', 'Generated Script', '2025-11-25 05:12:24');
INSERT INTO `approval_node` (`approval_id`, `node_name`, `approver_id`, `node_order`, `status`, `comment`, `approved_at`, `created_at`) VALUES ('81a9aec928b34e93899918a75f82221e', 'Node 2', 1, 2, 1, 'Approved', '2025-11-25 05:12:24', '2025-11-24 22:55:58');
INSERT INTO `operation_log` (`user_id`, `module`, `operation`, `target_id`, `detail`, `user_agent`, `created_at`) VALUES (5, 'APPROVAL', 'REJECT', '81a9aec928b34e93899918a75f82221e', 'Rejected node 3', 'Generated Script', '2025-11-25 06:11:25');
INSERT INTO `approval_node` (`approval_id`, `node_name`, `approver_id`, `node_order`, `status`, `comment`, `approved_at`, `created_at`) VALUES ('81a9aec928b34e93899918a75f82221e', 'Node 3', 5, 3, 2, 'Rejected', '2025-11-25 06:11:25', '2025-11-24 22:55:58');
INSERT INTO `approval_record` (`id`, `title`, `type_code`, `content`, `initiator_id`, `priority`, `status`, `current_node_order`, `workflow_id`, `created_at`, `completed_at`) VALUES ('b042a1e30f904eaa936b3336ecfe5fec', 'LEAVE - Generated', 'LEAVE', '{}', 8, 1, 3, 3, 1, '2025-12-20 06:06:27', '2025-12-21 14:16:56');
INSERT INTO `operation_log` (`user_id`, `module`, `operation`, `target_id`, `detail`, `user_agent`, `created_at`) VALUES (8, 'APPROVAL', 'SUBMIT', 'b042a1e30f904eaa936b3336ecfe5fec', 'Initiated Request', 'Generated Script', '2025-12-20 06:06:27');
INSERT INTO `operation_log` (`user_id`, `module`, `operation`, `target_id`, `detail`, `user_agent`, `created_at`) VALUES (1, 'APPROVAL', 'APPROVE', 'b042a1e30f904eaa936b3336ecfe5fec', 'Approved node 2', 'Generated Script', '2025-12-20 08:59:07');
INSERT INTO `approval_node` (`approval_id`, `node_name`, `approver_id`, `node_order`, `status`, `comment`, `approved_at`, `created_at`) VALUES ('b042a1e30f904eaa936b3336ecfe5fec', 'Node 2', 1, 2, 1, 'Approved', '2025-12-20 08:59:07', '2025-12-20 06:06:27');
INSERT INTO `operation_log` (`user_id`, `module`, `operation`, `target_id`, `detail`, `user_agent`, `created_at`) VALUES (4, 'APPROVAL', 'APPROVE', 'b042a1e30f904eaa936b3336ecfe5fec', 'Approved node 3', 'Generated Script', '2025-12-20 10:34:45');
INSERT INTO `approval_node` (`approval_id`, `node_name`, `approver_id`, `node_order`, `status`, `comment`, `approved_at`, `created_at`) VALUES ('b042a1e30f904eaa936b3336ecfe5fec', 'Node 3', 4, 3, 1, 'Approved', '2025-12-20 10:34:45', '2025-12-20 06:06:27');
INSERT INTO `approval_record` (`id`, `title`, `type_code`, `content`, `initiator_id`, `priority`, `status`, `current_node_order`, `workflow_id`, `created_at`, `completed_at`) VALUES ('1bee24504f45457cb32ff3e04ecee05b', 'PURCHASE - Generated', 'PURCHASE', '{}', 9, 0, 3, 3, 3, '2025-11-05 12:40:32', '2025-11-07 06:38:47');
INSERT INTO `operation_log` (`user_id`, `module`, `operation`, `target_id`, `detail`, `user_agent`, `created_at`) VALUES (9, 'APPROVAL', 'SUBMIT', '1bee24504f45457cb32ff3e04ecee05b', 'Initiated Request', 'Generated Script', '2025-11-05 12:40:32');
INSERT INTO `operation_log` (`user_id`, `module`, `operation`, `target_id`, `detail`, `user_agent`, `created_at`) VALUES (2, 'APPROVAL', 'APPROVE', '1bee24504f45457cb32ff3e04ecee05b', 'Approved node 2', 'Generated Script', '2025-11-05 19:12:14');
INSERT INTO `approval_node` (`approval_id`, `node_name`, `approver_id`, `node_order`, `status`, `comment`, `approved_at`, `created_at`) VALUES ('1bee24504f45457cb32ff3e04ecee05b', 'Node 2', 2, 2, 1, 'Approved', '2025-11-05 19:12:14', '2025-11-05 12:40:32');
INSERT INTO `operation_log` (`user_id`, `module`, `operation`, `target_id`, `detail`, `user_agent`, `created_at`) VALUES (5, 'APPROVAL', 'APPROVE', '1bee24504f45457cb32ff3e04ecee05b', 'Approved node 3', 'Generated Script', '2025-11-05 22:19:59');
INSERT INTO `approval_node` (`approval_id`, `node_name`, `approver_id`, `node_order`, `status`, `comment`, `approved_at`, `created_at`) VALUES ('1bee24504f45457cb32ff3e04ecee05b', 'Node 3', 5, 3, 1, 'Approved', '2025-11-05 22:19:59', '2025-11-05 12:40:32');
INSERT INTO `approval_record` (`id`, `title`, `type_code`, `content`, `initiator_id`, `priority`, `status`, `current_node_order`, `workflow_id`, `created_at`, `completed_at`) VALUES ('3582f67bac934059bd428fa604607cce', 'OVERTIME - Generated', 'OVERTIME', '{}', 2, 0, 3, 3, 5, '2025-10-21 20:18:33', '2025-10-22 09:53:22');
INSERT INTO `operation_log` (`user_id`, `module`, `operation`, `target_id`, `detail`, `user_agent`, `created_at`) VALUES (2, 'APPROVAL', 'SUBMIT', '3582f67bac934059bd428fa604607cce', 'Initiated Request', 'Generated Script', '2025-10-21 20:18:33');
INSERT INTO `operation_log` (`user_id`, `module`, `operation`, `target_id`, `detail`, `user_agent`, `created_at`) VALUES (4, 'APPROVAL', 'APPROVE', '3582f67bac934059bd428fa604607cce', 'Approved node 2', 'Generated Script', '2025-10-21 23:42:11');
INSERT INTO `approval_node` (`approval_id`, `node_name`, `approver_id`, `node_order`, `status`, `comment`, `approved_at`, `created_at`) VALUES ('3582f67bac934059bd428fa604607cce', 'Node 2', 4, 2, 1, 'Approved', '2025-10-21 23:42:11', '2025-10-21 20:18:33');
INSERT INTO `operation_log` (`user_id`, `module`, `operation`, `target_id`, `detail`, `user_agent`, `created_at`) VALUES (4, 'APPROVAL', 'APPROVE', '3582f67bac934059bd428fa604607cce', 'Approved node 3', 'Generated Script', '2025-10-22 01:09:54');
INSERT INTO `approval_node` (`approval_id`, `node_name`, `approver_id`, `node_order`, `status`, `comment`, `approved_at`, `created_at`) VALUES ('3582f67bac934059bd428fa604607cce', 'Node 3', 4, 3, 1, 'Approved', '2025-10-22 01:09:54', '2025-10-21 20:18:33');
INSERT INTO `approval_record` (`id`, `title`, `type_code`, `content`, `initiator_id`, `priority`, `status`, `current_node_order`, `workflow_id`, `created_at`, `completed_at`) VALUES ('956f21d7b1a44719bdfd74e1483dfe9a', 'EXPENSE - Generated', 'EXPENSE', '{}', 8, 0, 3, 3, 2, '2025-12-19 14:06:00', '2025-12-22 08:53:54');
INSERT INTO `operation_log` (`user_id`, `module`, `operation`, `target_id`, `detail`, `user_agent`, `created_at`) VALUES (8, 'APPROVAL', 'SUBMIT', '956f21d7b1a44719bdfd74e1483dfe9a', 'Initiated Request', 'Generated Script', '2025-12-19 14:06:00');
INSERT INTO `operation_log` (`user_id`, `module`, `operation`, `target_id`, `detail`, `user_agent`, `created_at`) VALUES (5, 'APPROVAL', 'APPROVE', '956f21d7b1a44719bdfd74e1483dfe9a', 'Approved node 2', 'Generated Script', '2025-12-19 19:49:34');
INSERT INTO `approval_node` (`approval_id`, `node_name`, `approver_id`, `node_order`, `status`, `comment`, `approved_at`, `created_at`) VALUES ('956f21d7b1a44719bdfd74e1483dfe9a', 'Node 2', 5, 2, 1, 'Approved', '2025-12-19 19:49:34', '2025-12-19 14:06:00');
INSERT INTO `operation_log` (`user_id`, `module`, `operation`, `target_id`, `detail`, `user_agent`, `created_at`) VALUES (3, 'APPROVAL', 'APPROVE', '956f21d7b1a44719bdfd74e1483dfe9a', 'Approved node 3', 'Generated Script', '2025-12-19 23:47:43');
INSERT INTO `approval_node` (`approval_id`, `node_name`, `approver_id`, `node_order`, `status`, `comment`, `approved_at`, `created_at`) VALUES ('956f21d7b1a44719bdfd74e1483dfe9a', 'Node 3', 3, 3, 1, 'Approved', '2025-12-19 23:47:43', '2025-12-19 14:06:00');
INSERT INTO `approval_record` (`id`, `title`, `type_code`, `content`, `initiator_id`, `priority`, `status`, `current_node_order`, `workflow_id`, `created_at`, `completed_at`) VALUES ('56e45e0fe4444f57abaf4d887917e6b1', 'BUSINESS_TRIP - Generated', 'BUSINESS_TRIP', '{}', 15, 0, 1, 1, 4, '2025-12-03 20:50:05', NULL);
INSERT INTO `operation_log` (`user_id`, `module`, `operation`, `target_id`, `detail`, `user_agent`, `created_at`) VALUES (15, 'APPROVAL', 'SUBMIT', '56e45e0fe4444f57abaf4d887917e6b1', 'Initiated Request', 'Generated Script', '2025-12-03 20:50:05');
INSERT INTO `approval_record` (`id`, `title`, `type_code`, `content`, `initiator_id`, `priority`, `status`, `current_node_order`, `workflow_id`, `created_at`, `completed_at`) VALUES ('00575ee86c104e80b49f7ba5e3af8028', 'PURCHASE - Generated', 'PURCHASE', '{}', 6, 1, 3, 3, 3, '2026-01-03 03:25:45', '2026-01-05 00:19:36');
INSERT INTO `operation_log` (`user_id`, `module`, `operation`, `target_id`, `detail`, `user_agent`, `created_at`) VALUES (6, 'APPROVAL', 'SUBMIT', '00575ee86c104e80b49f7ba5e3af8028', 'Initiated Request', 'Generated Script', '2026-01-03 03:25:45');
INSERT INTO `operation_log` (`user_id`, `module`, `operation`, `target_id`, `detail`, `user_agent`, `created_at`) VALUES (4, 'APPROVAL', 'APPROVE', '00575ee86c104e80b49f7ba5e3af8028', 'Approved node 2', 'Generated Script', '2026-01-03 09:01:26');
INSERT INTO `approval_node` (`approval_id`, `node_name`, `approver_id`, `node_order`, `status`, `comment`, `approved_at`, `created_at`) VALUES ('00575ee86c104e80b49f7ba5e3af8028', 'Node 2', 4, 2, 1, 'Approved', '2026-01-03 09:01:26', '2026-01-03 03:25:45');
INSERT INTO `operation_log` (`user_id`, `module`, `operation`, `target_id`, `detail`, `user_agent`, `created_at`) VALUES (2, 'APPROVAL', 'APPROVE', '00575ee86c104e80b49f7ba5e3af8028', 'Approved node 3', 'Generated Script', '2026-01-03 10:02:00');
INSERT INTO `approval_node` (`approval_id`, `node_name`, `approver_id`, `node_order`, `status`, `comment`, `approved_at`, `created_at`) VALUES ('00575ee86c104e80b49f7ba5e3af8028', 'Node 3', 2, 3, 1, 'Approved', '2026-01-03 10:02:00', '2026-01-03 03:25:45');
INSERT INTO `approval_record` (`id`, `title`, `type_code`, `content`, `initiator_id`, `priority`, `status`, `current_node_order`, `workflow_id`, `created_at`, `completed_at`) VALUES ('116e0ab6d46b4298872c1536ed81e5df', 'EXPENSE - Generated', 'EXPENSE', '{}', 2, 1, 4, 3, 2, '2025-12-16 19:14:25', '2025-12-18 10:22:17');
INSERT INTO `operation_log` (`user_id`, `module`, `operation`, `target_id`, `detail`, `user_agent`, `created_at`) VALUES (2, 'APPROVAL', 'SUBMIT', '116e0ab6d46b4298872c1536ed81e5df', 'Initiated Request', 'Generated Script', '2025-12-16 19:14:25');
INSERT INTO `operation_log` (`user_id`, `module`, `operation`, `target_id`, `detail`, `user_agent`, `created_at`) VALUES (5, 'APPROVAL', 'APPROVE', '116e0ab6d46b4298872c1536ed81e5df', 'Approved node 2', 'Generated Script', '2025-12-16 23:28:59');
INSERT INTO `approval_node` (`approval_id`, `node_name`, `approver_id`, `node_order`, `status`, `comment`, `approved_at`, `created_at`) VALUES ('116e0ab6d46b4298872c1536ed81e5df', 'Node 2', 5, 2, 1, 'Approved', '2025-12-16 23:28:59', '2025-12-16 19:14:25');
INSERT INTO `operation_log` (`user_id`, `module`, `operation`, `target_id`, `detail`, `user_agent`, `created_at`) VALUES (4, 'APPROVAL', 'REJECT', '116e0ab6d46b4298872c1536ed81e5df', 'Rejected node 3', 'Generated Script', '2025-12-17 02:48:52');
INSERT INTO `approval_node` (`approval_id`, `node_name`, `approver_id`, `node_order`, `status`, `comment`, `approved_at`, `created_at`) VALUES ('116e0ab6d46b4298872c1536ed81e5df', 'Node 3', 4, 3, 2, 'Rejected', '2025-12-17 02:48:52', '2025-12-16 19:14:25');
INSERT INTO `approval_record` (`id`, `title`, `type_code`, `content`, `initiator_id`, `priority`, `status`, `current_node_order`, `workflow_id`, `created_at`, `completed_at`) VALUES ('84aba73edccd4bb1a28a62e138300d45', 'EXPENSE - Generated', 'EXPENSE', '{}', 2, 1, 2, 2, 2, '2025-12-26 04:48:25', NULL);
INSERT INTO `operation_log` (`user_id`, `module`, `operation`, `target_id`, `detail`, `user_agent`, `created_at`) VALUES (2, 'APPROVAL', 'SUBMIT', '84aba73edccd4bb1a28a62e138300d45', 'Initiated Request', 'Generated Script', '2025-12-26 04:48:25');
INSERT INTO `operation_log` (`user_id`, `module`, `operation`, `target_id`, `detail`, `user_agent`, `created_at`) VALUES (1, 'APPROVAL', 'APPROVE', '84aba73edccd4bb1a28a62e138300d45', 'Approved node 2', 'Generated Script', '2025-12-26 10:04:45');
INSERT INTO `approval_node` (`approval_id`, `node_name`, `approver_id`, `node_order`, `status`, `comment`, `approved_at`, `created_at`) VALUES ('84aba73edccd4bb1a28a62e138300d45', 'Node 2', 1, 2, 1, 'Approved', '2025-12-26 10:04:45', '2025-12-26 04:48:25');
INSERT INTO `approval_record` (`id`, `title`, `type_code`, `content`, `initiator_id`, `priority`, `status`, `current_node_order`, `workflow_id`, `created_at`, `completed_at`) VALUES ('e0cb97bc2e414805a1550e9e73617fb6', 'PURCHASE - Generated', 'PURCHASE', '{}', 2, 0, 3, 3, 3, '2026-01-01 22:54:20', '2026-01-03 16:47:23');
INSERT INTO `operation_log` (`user_id`, `module`, `operation`, `target_id`, `detail`, `user_agent`, `created_at`) VALUES (2, 'APPROVAL', 'SUBMIT', 'e0cb97bc2e414805a1550e9e73617fb6', 'Initiated Request', 'Generated Script', '2026-01-01 22:54:20');
INSERT INTO `operation_log` (`user_id`, `module`, `operation`, `target_id`, `detail`, `user_agent`, `created_at`) VALUES (3, 'APPROVAL', 'APPROVE', 'e0cb97bc2e414805a1550e9e73617fb6', 'Approved node 2', 'Generated Script', '2026-01-02 04:41:54');
INSERT INTO `approval_node` (`approval_id`, `node_name`, `approver_id`, `node_order`, `status`, `comment`, `approved_at`, `created_at`) VALUES ('e0cb97bc2e414805a1550e9e73617fb6', 'Node 2', 3, 2, 1, 'Approved', '2026-01-02 04:41:54', '2026-01-01 22:54:20');
INSERT INTO `operation_log` (`user_id`, `module`, `operation`, `target_id`, `detail`, `user_agent`, `created_at`) VALUES (1, 'APPROVAL', 'APPROVE', 'e0cb97bc2e414805a1550e9e73617fb6', 'Approved node 3', 'Generated Script', '2026-01-02 07:49:39');
INSERT INTO `approval_node` (`approval_id`, `node_name`, `approver_id`, `node_order`, `status`, `comment`, `approved_at`, `created_at`) VALUES ('e0cb97bc2e414805a1550e9e73617fb6', 'Node 3', 1, 3, 1, 'Approved', '2026-01-02 07:49:39', '2026-01-01 22:54:20');
INSERT INTO `approval_record` (`id`, `title`, `type_code`, `content`, `initiator_id`, `priority`, `status`, `current_node_order`, `workflow_id`, `created_at`, `completed_at`) VALUES ('5964f33b97fa4cf0b6e07dcfe21de152', 'BUSINESS_TRIP - Generated', 'BUSINESS_TRIP', '{}', 15, 0, 3, 3, 4, '2025-11-16 07:18:58', '2025-11-16 18:06:51');
INSERT INTO `operation_log` (`user_id`, `module`, `operation`, `target_id`, `detail`, `user_agent`, `created_at`) VALUES (15, 'APPROVAL', 'SUBMIT', '5964f33b97fa4cf0b6e07dcfe21de152', 'Initiated Request', 'Generated Script', '2025-11-16 07:18:58');
INSERT INTO `operation_log` (`user_id`, `module`, `operation`, `target_id`, `detail`, `user_agent`, `created_at`) VALUES (3, 'APPROVAL', 'APPROVE', '5964f33b97fa4cf0b6e07dcfe21de152', 'Approved node 2', 'Generated Script', '2025-11-16 09:19:43');
INSERT INTO `approval_node` (`approval_id`, `node_name`, `approver_id`, `node_order`, `status`, `comment`, `approved_at`, `created_at`) VALUES ('5964f33b97fa4cf0b6e07dcfe21de152', 'Node 2', 3, 2, 1, 'Approved', '2025-11-16 09:19:43', '2025-11-16 07:18:58');
INSERT INTO `operation_log` (`user_id`, `module`, `operation`, `target_id`, `detail`, `user_agent`, `created_at`) VALUES (3, 'APPROVAL', 'APPROVE', '5964f33b97fa4cf0b6e07dcfe21de152', 'Approved node 3', 'Generated Script', '2025-11-16 10:37:12');
INSERT INTO `approval_node` (`approval_id`, `node_name`, `approver_id`, `node_order`, `status`, `comment`, `approved_at`, `created_at`) VALUES ('5964f33b97fa4cf0b6e07dcfe21de152', 'Node 3', 3, 3, 1, 'Approved', '2025-11-16 10:37:12', '2025-11-16 07:18:58');
INSERT INTO `approval_record` (`id`, `title`, `type_code`, `content`, `initiator_id`, `priority`, `status`, `current_node_order`, `workflow_id`, `created_at`, `completed_at`) VALUES ('540109bc1e6e46a581e7f4ecc09d8ba7', 'BUSINESS_TRIP - Generated', 'BUSINESS_TRIP', '{}', 6, 0, 2, 2, 4, '2026-01-08 21:57:42', NULL);
INSERT INTO `operation_log` (`user_id`, `module`, `operation`, `target_id`, `detail`, `user_agent`, `created_at`) VALUES (6, 'APPROVAL', 'SUBMIT', '540109bc1e6e46a581e7f4ecc09d8ba7', 'Initiated Request', 'Generated Script', '2026-01-08 21:57:42');
INSERT INTO `operation_log` (`user_id`, `module`, `operation`, `target_id`, `detail`, `user_agent`, `created_at`) VALUES (2, 'APPROVAL', 'APPROVE', '540109bc1e6e46a581e7f4ecc09d8ba7', 'Approved node 2', 'Generated Script', '2026-01-09 03:06:25');
INSERT INTO `approval_node` (`approval_id`, `node_name`, `approver_id`, `node_order`, `status`, `comment`, `approved_at`, `created_at`) VALUES ('540109bc1e6e46a581e7f4ecc09d8ba7', 'Node 2', 2, 2, 1, 'Approved', '2026-01-09 03:06:25', '2026-01-08 21:57:42');
INSERT INTO `approval_record` (`id`, `title`, `type_code`, `content`, `initiator_id`, `priority`, `status`, `current_node_order`, `workflow_id`, `created_at`, `completed_at`) VALUES ('d8a80260f10747b48bc0670bfdb6bbb7', 'OVERTIME - Generated', 'OVERTIME', '{}', 19, 2, 1, 1, 5, '2026-01-01 22:23:51', NULL);
INSERT INTO `operation_log` (`user_id`, `module`, `operation`, `target_id`, `detail`, `user_agent`, `created_at`) VALUES (19, 'APPROVAL', 'SUBMIT', 'd8a80260f10747b48bc0670bfdb6bbb7', 'Initiated Request', 'Generated Script', '2026-01-01 22:23:51');
INSERT INTO `approval_record` (`id`, `title`, `type_code`, `content`, `initiator_id`, `priority`, `status`, `current_node_order`, `workflow_id`, `created_at`, `completed_at`) VALUES ('66373ae6a7194c40ad4db8e3faaa34bd', 'EXPENSE - Generated', 'EXPENSE', '{}', 6, 0, 2, 2, 2, '2025-12-22 20:03:51', NULL);
INSERT INTO `operation_log` (`user_id`, `module`, `operation`, `target_id`, `detail`, `user_agent`, `created_at`) VALUES (6, 'APPROVAL', 'SUBMIT', '66373ae6a7194c40ad4db8e3faaa34bd', 'Initiated Request', 'Generated Script', '2025-12-22 20:03:51');
INSERT INTO `operation_log` (`user_id`, `module`, `operation`, `target_id`, `detail`, `user_agent`, `created_at`) VALUES (3, 'APPROVAL', 'APPROVE', '66373ae6a7194c40ad4db8e3faaa34bd', 'Approved node 2', 'Generated Script', '2025-12-23 02:59:41');
INSERT INTO `approval_node` (`approval_id`, `node_name`, `approver_id`, `node_order`, `status`, `comment`, `approved_at`, `created_at`) VALUES ('66373ae6a7194c40ad4db8e3faaa34bd', 'Node 2', 3, 2, 1, 'Approved', '2025-12-23 02:59:41', '2025-12-22 20:03:51');
INSERT INTO `approval_record` (`id`, `title`, `type_code`, `content`, `initiator_id`, `priority`, `status`, `current_node_order`, `workflow_id`, `created_at`, `completed_at`) VALUES ('7ecb3f5dd08141d2ab1f5e61f8eeeeb8', 'EXPENSE - Generated', 'EXPENSE', '{}', 10, 2, 3, 3, 2, '2026-01-11 18:12:18', '2026-01-12 16:36:35');
INSERT INTO `operation_log` (`user_id`, `module`, `operation`, `target_id`, `detail`, `user_agent`, `created_at`) VALUES (10, 'APPROVAL', 'SUBMIT', '7ecb3f5dd08141d2ab1f5e61f8eeeeb8', 'Initiated Request', 'Generated Script', '2026-01-11 18:12:18');
INSERT INTO `operation_log` (`user_id`, `module`, `operation`, `target_id`, `detail`, `user_agent`, `created_at`) VALUES (1, 'APPROVAL', 'APPROVE', '7ecb3f5dd08141d2ab1f5e61f8eeeeb8', 'Approved node 2', 'Generated Script', '2026-01-11 22:24:28');
INSERT INTO `approval_node` (`approval_id`, `node_name`, `approver_id`, `node_order`, `status`, `comment`, `approved_at`, `created_at`) VALUES ('7ecb3f5dd08141d2ab1f5e61f8eeeeb8', 'Node 2', 1, 2, 1, 'Approved', '2026-01-11 22:24:28', '2026-01-11 18:12:18');
INSERT INTO `operation_log` (`user_id`, `module`, `operation`, `target_id`, `detail`, `user_agent`, `created_at`) VALUES (5, 'APPROVAL', 'APPROVE', '7ecb3f5dd08141d2ab1f5e61f8eeeeb8', 'Approved node 3', 'Generated Script', '2026-01-11 23:39:00');
INSERT INTO `approval_node` (`approval_id`, `node_name`, `approver_id`, `node_order`, `status`, `comment`, `approved_at`, `created_at`) VALUES ('7ecb3f5dd08141d2ab1f5e61f8eeeeb8', 'Node 3', 5, 3, 1, 'Approved', '2026-01-11 23:39:00', '2026-01-11 18:12:18');
INSERT INTO `approval_record` (`id`, `title`, `type_code`, `content`, `initiator_id`, `priority`, `status`, `current_node_order`, `workflow_id`, `created_at`, `completed_at`) VALUES ('06dbb4f02588438c8b1d3f15a5eeb5b0', 'CONTRACT - Generated', 'CONTRACT', '{}', 13, 1, 3, 3, 6, '2025-12-24 15:02:14', '2025-12-26 19:19:03');
INSERT INTO `operation_log` (`user_id`, `module`, `operation`, `target_id`, `detail`, `user_agent`, `created_at`) VALUES (13, 'APPROVAL', 'SUBMIT', '06dbb4f02588438c8b1d3f15a5eeb5b0', 'Initiated Request', 'Generated Script', '2025-12-24 15:02:14');
INSERT INTO `operation_log` (`user_id`, `module`, `operation`, `target_id`, `detail`, `user_agent`, `created_at`) VALUES (2, 'APPROVAL', 'APPROVE', '06dbb4f02588438c8b1d3f15a5eeb5b0', 'Approved node 2', 'Generated Script', '2025-12-24 19:55:13');
INSERT INTO `approval_node` (`approval_id`, `node_name`, `approver_id`, `node_order`, `status`, `comment`, `approved_at`, `created_at`) VALUES ('06dbb4f02588438c8b1d3f15a5eeb5b0', 'Node 2', 2, 2, 1, 'Approved', '2025-12-24 19:55:13', '2025-12-24 15:02:14');
INSERT INTO `operation_log` (`user_id`, `module`, `operation`, `target_id`, `detail`, `user_agent`, `created_at`) VALUES (2, 'APPROVAL', 'APPROVE', '06dbb4f02588438c8b1d3f15a5eeb5b0', 'Approved node 3', 'Generated Script', '2025-12-24 22:33:40');
INSERT INTO `approval_node` (`approval_id`, `node_name`, `approver_id`, `node_order`, `status`, `comment`, `approved_at`, `created_at`) VALUES ('06dbb4f02588438c8b1d3f15a5eeb5b0', 'Node 3', 2, 3, 1, 'Approved', '2025-12-24 22:33:40', '2025-12-24 15:02:14');
INSERT INTO `approval_record` (`id`, `title`, `type_code`, `content`, `initiator_id`, `priority`, `status`, `current_node_order`, `workflow_id`, `created_at`, `completed_at`) VALUES ('cdec3ef5d3e94390a78c3704fabf623d', 'LEAVE - Generated', 'LEAVE', '{}', 4, 2, 3, 3, 1, '2025-12-04 03:50:29', '2025-12-04 05:20:29');
INSERT INTO `operation_log` (`user_id`, `module`, `operation`, `target_id`, `detail`, `user_agent`, `created_at`) VALUES (4, 'APPROVAL', 'SUBMIT', 'cdec3ef5d3e94390a78c3704fabf623d', 'Initiated Request', 'Generated Script', '2025-12-04 03:50:29');
INSERT INTO `operation_log` (`user_id`, `module`, `operation`, `target_id`, `detail`, `user_agent`, `created_at`) VALUES (2, 'APPROVAL', 'APPROVE', 'cdec3ef5d3e94390a78c3704fabf623d', 'Approved node 2', 'Generated Script', '2025-12-04 10:06:51');
INSERT INTO `approval_node` (`approval_id`, `node_name`, `approver_id`, `node_order`, `status`, `comment`, `approved_at`, `created_at`) VALUES ('cdec3ef5d3e94390a78c3704fabf623d', 'Node 2', 2, 2, 1, 'Approved', '2025-12-04 10:06:51', '2025-12-04 03:50:29');
INSERT INTO `operation_log` (`user_id`, `module`, `operation`, `target_id`, `detail`, `user_agent`, `created_at`) VALUES (5, 'APPROVAL', 'APPROVE', 'cdec3ef5d3e94390a78c3704fabf623d', 'Approved node 3', 'Generated Script', '2025-12-04 13:20:19');
INSERT INTO `approval_node` (`approval_id`, `node_name`, `approver_id`, `node_order`, `status`, `comment`, `approved_at`, `created_at`) VALUES ('cdec3ef5d3e94390a78c3704fabf623d', 'Node 3', 5, 3, 1, 'Approved', '2025-12-04 13:20:19', '2025-12-04 03:50:29');
INSERT INTO `approval_record` (`id`, `title`, `type_code`, `content`, `initiator_id`, `priority`, `status`, `current_node_order`, `workflow_id`, `created_at`, `completed_at`) VALUES ('a05f070a643e430092927fc9487a79a6', 'CONTRACT - Generated', 'CONTRACT', '{}', 16, 1, 3, 3, 6, '2025-11-13 21:08:02', '2025-11-16 10:07:37');
INSERT INTO `operation_log` (`user_id`, `module`, `operation`, `target_id`, `detail`, `user_agent`, `created_at`) VALUES (16, 'APPROVAL', 'SUBMIT', 'a05f070a643e430092927fc9487a79a6', 'Initiated Request', 'Generated Script', '2025-11-13 21:08:02');
INSERT INTO `operation_log` (`user_id`, `module`, `operation`, `target_id`, `detail`, `user_agent`, `created_at`) VALUES (3, 'APPROVAL', 'APPROVE', 'a05f070a643e430092927fc9487a79a6', 'Approved node 2', 'Generated Script', '2025-11-13 23:44:37');
INSERT INTO `approval_node` (`approval_id`, `node_name`, `approver_id`, `node_order`, `status`, `comment`, `approved_at`, `created_at`) VALUES ('a05f070a643e430092927fc9487a79a6', 'Node 2', 3, 2, 1, 'Approved', '2025-11-13 23:44:37', '2025-11-13 21:08:02');
INSERT INTO `operation_log` (`user_id`, `module`, `operation`, `target_id`, `detail`, `user_agent`, `created_at`) VALUES (5, 'APPROVAL', 'APPROVE', 'a05f070a643e430092927fc9487a79a6', 'Approved node 3', 'Generated Script', '2025-11-14 03:28:55');
INSERT INTO `approval_node` (`approval_id`, `node_name`, `approver_id`, `node_order`, `status`, `comment`, `approved_at`, `created_at`) VALUES ('a05f070a643e430092927fc9487a79a6', 'Node 3', 5, 3, 1, 'Approved', '2025-11-14 03:28:55', '2025-11-13 21:08:02');
INSERT INTO `approval_record` (`id`, `title`, `type_code`, `content`, `initiator_id`, `priority`, `status`, `current_node_order`, `workflow_id`, `created_at`, `completed_at`) VALUES ('97e71ecf999a4f7abb96f42c3f23e0be', 'EXPENSE - Generated', 'EXPENSE', '{}', 5, 0, 3, 3, 2, '2026-01-02 18:19:52', '2026-01-04 17:01:13');
INSERT INTO `operation_log` (`user_id`, `module`, `operation`, `target_id`, `detail`, `user_agent`, `created_at`) VALUES (5, 'APPROVAL', 'SUBMIT', '97e71ecf999a4f7abb96f42c3f23e0be', 'Initiated Request', 'Generated Script', '2026-01-02 18:19:52');
INSERT INTO `operation_log` (`user_id`, `module`, `operation`, `target_id`, `detail`, `user_agent`, `created_at`) VALUES (5, 'APPROVAL', 'APPROVE', '97e71ecf999a4f7abb96f42c3f23e0be', 'Approved node 2', 'Generated Script', '2026-01-02 23:24:58');
INSERT INTO `approval_node` (`approval_id`, `node_name`, `approver_id`, `node_order`, `status`, `comment`, `approved_at`, `created_at`) VALUES ('97e71ecf999a4f7abb96f42c3f23e0be', 'Node 2', 5, 2, 1, 'Approved', '2026-01-02 23:24:58', '2026-01-02 18:19:52');
INSERT INTO `operation_log` (`user_id`, `module`, `operation`, `target_id`, `detail`, `user_agent`, `created_at`) VALUES (4, 'APPROVAL', 'APPROVE', '97e71ecf999a4f7abb96f42c3f23e0be', 'Approved node 3', 'Generated Script', '2026-01-03 00:37:03');
INSERT INTO `approval_node` (`approval_id`, `node_name`, `approver_id`, `node_order`, `status`, `comment`, `approved_at`, `created_at`) VALUES ('97e71ecf999a4f7abb96f42c3f23e0be', 'Node 3', 4, 3, 1, 'Approved', '2026-01-03 00:37:03', '2026-01-02 18:19:52');
INSERT INTO `approval_record` (`id`, `title`, `type_code`, `content`, `initiator_id`, `priority`, `status`, `current_node_order`, `workflow_id`, `created_at`, `completed_at`) VALUES ('1cffc48823514461a454f187fd167350', 'BUSINESS_TRIP - Generated', 'BUSINESS_TRIP', '{}', 2, 0, 3, 3, 4, '2025-12-15 06:06:02', '2025-12-17 03:44:37');
INSERT INTO `operation_log` (`user_id`, `module`, `operation`, `target_id`, `detail`, `user_agent`, `created_at`) VALUES (2, 'APPROVAL', 'SUBMIT', '1cffc48823514461a454f187fd167350', 'Initiated Request', 'Generated Script', '2025-12-15 06:06:02');
INSERT INTO `operation_log` (`user_id`, `module`, `operation`, `target_id`, `detail`, `user_agent`, `created_at`) VALUES (1, 'APPROVAL', 'APPROVE', '1cffc48823514461a454f187fd167350', 'Approved node 2', 'Generated Script', '2025-12-15 10:03:08');
INSERT INTO `approval_node` (`approval_id`, `node_name`, `approver_id`, `node_order`, `status`, `comment`, `approved_at`, `created_at`) VALUES ('1cffc48823514461a454f187fd167350', 'Node 2', 1, 2, 1, 'Approved', '2025-12-15 10:03:08', '2025-12-15 06:06:02');
INSERT INTO `operation_log` (`user_id`, `module`, `operation`, `target_id`, `detail`, `user_agent`, `created_at`) VALUES (4, 'APPROVAL', 'APPROVE', '1cffc48823514461a454f187fd167350', 'Approved node 3', 'Generated Script', '2025-12-15 12:23:51');
INSERT INTO `approval_node` (`approval_id`, `node_name`, `approver_id`, `node_order`, `status`, `comment`, `approved_at`, `created_at`) VALUES ('1cffc48823514461a454f187fd167350', 'Node 3', 4, 3, 1, 'Approved', '2025-12-15 12:23:51', '2025-12-15 06:06:02');
INSERT INTO `approval_record` (`id`, `title`, `type_code`, `content`, `initiator_id`, `priority`, `status`, `current_node_order`, `workflow_id`, `created_at`, `completed_at`) VALUES ('6e260ad42f3a4488b10998f65c913bab', 'BUSINESS_TRIP - Generated', 'BUSINESS_TRIP', '{}', 4, 0, 3, 3, 4, '2025-10-31 08:16:23', '2025-11-03 06:03:08');
INSERT INTO `operation_log` (`user_id`, `module`, `operation`, `target_id`, `detail`, `user_agent`, `created_at`) VALUES (4, 'APPROVAL', 'SUBMIT', '6e260ad42f3a4488b10998f65c913bab', 'Initiated Request', 'Generated Script', '2025-10-31 08:16:23');
INSERT INTO `operation_log` (`user_id`, `module`, `operation`, `target_id`, `detail`, `user_agent`, `created_at`) VALUES (5, 'APPROVAL', 'APPROVE', '6e260ad42f3a4488b10998f65c913bab', 'Approved node 2', 'Generated Script', '2025-10-31 12:48:53');
INSERT INTO `approval_node` (`approval_id`, `node_name`, `approver_id`, `node_order`, `status`, `comment`, `approved_at`, `created_at`) VALUES ('6e260ad42f3a4488b10998f65c913bab', 'Node 2', 5, 2, 1, 'Approved', '2025-10-31 12:48:53', '2025-10-31 08:16:23');
INSERT INTO `operation_log` (`user_id`, `module`, `operation`, `target_id`, `detail`, `user_agent`, `created_at`) VALUES (2, 'APPROVAL', 'APPROVE', '6e260ad42f3a4488b10998f65c913bab', 'Approved node 3', 'Generated Script', '2025-10-31 15:39:38');
INSERT INTO `approval_node` (`approval_id`, `node_name`, `approver_id`, `node_order`, `status`, `comment`, `approved_at`, `created_at`) VALUES ('6e260ad42f3a4488b10998f65c913bab', 'Node 3', 2, 3, 1, 'Approved', '2025-10-31 15:39:38', '2025-10-31 08:16:23');
INSERT INTO `approval_record` (`id`, `title`, `type_code`, `content`, `initiator_id`, `priority`, `status`, `current_node_order`, `workflow_id`, `created_at`, `completed_at`) VALUES ('11208a5ecc644d5dbf396b507105ff46', 'PURCHASE - Generated', 'PURCHASE', '{}', 4, 0, 3, 3, 3, '2025-12-29 04:15:27', '2025-12-30 09:31:40');
INSERT INTO `operation_log` (`user_id`, `module`, `operation`, `target_id`, `detail`, `user_agent`, `created_at`) VALUES (4, 'APPROVAL', 'SUBMIT', '11208a5ecc644d5dbf396b507105ff46', 'Initiated Request', 'Generated Script', '2025-12-29 04:15:27');
INSERT INTO `operation_log` (`user_id`, `module`, `operation`, `target_id`, `detail`, `user_agent`, `created_at`) VALUES (4, 'APPROVAL', 'APPROVE', '11208a5ecc644d5dbf396b507105ff46', 'Approved node 2', 'Generated Script', '2025-12-29 06:45:37');
INSERT INTO `approval_node` (`approval_id`, `node_name`, `approver_id`, `node_order`, `status`, `comment`, `approved_at`, `created_at`) VALUES ('11208a5ecc644d5dbf396b507105ff46', 'Node 2', 4, 2, 1, 'Approved', '2025-12-29 06:45:37', '2025-12-29 04:15:27');
INSERT INTO `operation_log` (`user_id`, `module`, `operation`, `target_id`, `detail`, `user_agent`, `created_at`) VALUES (4, 'APPROVAL', 'APPROVE', '11208a5ecc644d5dbf396b507105ff46', 'Approved node 3', 'Generated Script', '2025-12-29 09:03:21');
INSERT INTO `approval_node` (`approval_id`, `node_name`, `approver_id`, `node_order`, `status`, `comment`, `approved_at`, `created_at`) VALUES ('11208a5ecc644d5dbf396b507105ff46', 'Node 3', 4, 3, 1, 'Approved', '2025-12-29 09:03:21', '2025-12-29 04:15:27');
INSERT INTO `approval_record` (`id`, `title`, `type_code`, `content`, `initiator_id`, `priority`, `status`, `current_node_order`, `workflow_id`, `created_at`, `completed_at`) VALUES ('f7551dcb5910469c8be2a5107de5c35b', 'BUSINESS_TRIP - Generated', 'BUSINESS_TRIP', '{}', 3, 2, 3, 3, 4, '2025-10-24 01:49:05', '2025-10-25 08:26:42');
INSERT INTO `operation_log` (`user_id`, `module`, `operation`, `target_id`, `detail`, `user_agent`, `created_at`) VALUES (3, 'APPROVAL', 'SUBMIT', 'f7551dcb5910469c8be2a5107de5c35b', 'Initiated Request', 'Generated Script', '2025-10-24 01:49:05');
INSERT INTO `operation_log` (`user_id`, `module`, `operation`, `target_id`, `detail`, `user_agent`, `created_at`) VALUES (3, 'APPROVAL', 'APPROVE', 'f7551dcb5910469c8be2a5107de5c35b', 'Approved node 2', 'Generated Script', '2025-10-24 05:28:35');
INSERT INTO `approval_node` (`approval_id`, `node_name`, `approver_id`, `node_order`, `status`, `comment`, `approved_at`, `created_at`) VALUES ('f7551dcb5910469c8be2a5107de5c35b', 'Node 2', 3, 2, 1, 'Approved', '2025-10-24 05:28:35', '2025-10-24 01:49:05');
INSERT INTO `operation_log` (`user_id`, `module`, `operation`, `target_id`, `detail`, `user_agent`, `created_at`) VALUES (5, 'APPROVAL', 'APPROVE', 'f7551dcb5910469c8be2a5107de5c35b', 'Approved node 3', 'Generated Script', '2025-10-24 07:43:20');
INSERT INTO `approval_node` (`approval_id`, `node_name`, `approver_id`, `node_order`, `status`, `comment`, `approved_at`, `created_at`) VALUES ('f7551dcb5910469c8be2a5107de5c35b', 'Node 3', 5, 3, 1, 'Approved', '2025-10-24 07:43:20', '2025-10-24 01:49:05');
INSERT INTO `approval_record` (`id`, `title`, `type_code`, `content`, `initiator_id`, `priority`, `status`, `current_node_order`, `workflow_id`, `created_at`, `completed_at`) VALUES ('97fb5f48b71b443e899ca4931e509a34', 'OVERTIME - Generated', 'OVERTIME', '{}', 1, 0, 1, 1, 5, '2025-10-20 16:16:24', NULL);
INSERT INTO `operation_log` (`user_id`, `module`, `operation`, `target_id`, `detail`, `user_agent`, `created_at`) VALUES (1, 'APPROVAL', 'SUBMIT', '97fb5f48b71b443e899ca4931e509a34', 'Initiated Request', 'Generated Script', '2025-10-20 16:16:24');
INSERT INTO `approval_record` (`id`, `title`, `type_code`, `content`, `initiator_id`, `priority`, `status`, `current_node_order`, `workflow_id`, `created_at`, `completed_at`) VALUES ('d55b1c926889463cbd78adbb2b6adfe9', 'EXPENSE - Generated', 'EXPENSE', '{}', 19, 2, 3, 3, 2, '2026-01-07 05:45:30', '2026-01-08 07:11:01');
INSERT INTO `operation_log` (`user_id`, `module`, `operation`, `target_id`, `detail`, `user_agent`, `created_at`) VALUES (19, 'APPROVAL', 'SUBMIT', 'd55b1c926889463cbd78adbb2b6adfe9', 'Initiated Request', 'Generated Script', '2026-01-07 05:45:30');
INSERT INTO `operation_log` (`user_id`, `module`, `operation`, `target_id`, `detail`, `user_agent`, `created_at`) VALUES (3, 'APPROVAL', 'APPROVE', 'd55b1c926889463cbd78adbb2b6adfe9', 'Approved node 2', 'Generated Script', '2026-01-07 09:08:23');
INSERT INTO `approval_node` (`approval_id`, `node_name`, `approver_id`, `node_order`, `status`, `comment`, `approved_at`, `created_at`) VALUES ('d55b1c926889463cbd78adbb2b6adfe9', 'Node 2', 3, 2, 1, 'Approved', '2026-01-07 09:08:23', '2026-01-07 05:45:30');
INSERT INTO `operation_log` (`user_id`, `module`, `operation`, `target_id`, `detail`, `user_agent`, `created_at`) VALUES (1, 'APPROVAL', 'APPROVE', 'd55b1c926889463cbd78adbb2b6adfe9', 'Approved node 3', 'Generated Script', '2026-01-07 12:41:39');
INSERT INTO `approval_node` (`approval_id`, `node_name`, `approver_id`, `node_order`, `status`, `comment`, `approved_at`, `created_at`) VALUES ('d55b1c926889463cbd78adbb2b6adfe9', 'Node 3', 1, 3, 1, 'Approved', '2026-01-07 12:41:39', '2026-01-07 05:45:30');
INSERT INTO `approval_record` (`id`, `title`, `type_code`, `content`, `initiator_id`, `priority`, `status`, `current_node_order`, `workflow_id`, `created_at`, `completed_at`) VALUES ('fd7b3d7a249941c6a86715a851ebd0ee', 'OVERTIME - Generated', 'OVERTIME', '{}', 11, 0, 1, 1, 5, '2025-11-19 08:11:02', NULL);
INSERT INTO `operation_log` (`user_id`, `module`, `operation`, `target_id`, `detail`, `user_agent`, `created_at`) VALUES (11, 'APPROVAL', 'SUBMIT', 'fd7b3d7a249941c6a86715a851ebd0ee', 'Initiated Request', 'Generated Script', '2025-11-19 08:11:02');
INSERT INTO `approval_record` (`id`, `title`, `type_code`, `content`, `initiator_id`, `priority`, `status`, `current_node_order`, `workflow_id`, `created_at`, `completed_at`) VALUES ('7e6a96e594694cedae74b738dea4c2b8', 'CONTRACT - Generated', 'CONTRACT', '{}', 16, 0, 3, 3, 6, '2026-01-01 14:33:15', '2026-01-03 03:36:20');
INSERT INTO `operation_log` (`user_id`, `module`, `operation`, `target_id`, `detail`, `user_agent`, `created_at`) VALUES (16, 'APPROVAL', 'SUBMIT', '7e6a96e594694cedae74b738dea4c2b8', 'Initiated Request', 'Generated Script', '2026-01-01 14:33:15');
INSERT INTO `operation_log` (`user_id`, `module`, `operation`, `target_id`, `detail`, `user_agent`, `created_at`) VALUES (5, 'APPROVAL', 'APPROVE', '7e6a96e594694cedae74b738dea4c2b8', 'Approved node 2', 'Generated Script', '2026-01-01 20:18:02');
INSERT INTO `approval_node` (`approval_id`, `node_name`, `approver_id`, `node_order`, `status`, `comment`, `approved_at`, `created_at`) VALUES ('7e6a96e594694cedae74b738dea4c2b8', 'Node 2', 5, 2, 1, 'Approved', '2026-01-01 20:18:02', '2026-01-01 14:33:15');
INSERT INTO `operation_log` (`user_id`, `module`, `operation`, `target_id`, `detail`, `user_agent`, `created_at`) VALUES (4, 'APPROVAL', 'APPROVE', '7e6a96e594694cedae74b738dea4c2b8', 'Approved node 3', 'Generated Script', '2026-01-01 22:32:58');
INSERT INTO `approval_node` (`approval_id`, `node_name`, `approver_id`, `node_order`, `status`, `comment`, `approved_at`, `created_at`) VALUES ('7e6a96e594694cedae74b738dea4c2b8', 'Node 3', 4, 3, 1, 'Approved', '2026-01-01 22:32:58', '2026-01-01 14:33:15');
INSERT INTO `approval_record` (`id`, `title`, `type_code`, `content`, `initiator_id`, `priority`, `status`, `current_node_order`, `workflow_id`, `created_at`, `completed_at`) VALUES ('2f711f9fb8634eefa5aac4796d55a8f5', 'PURCHASE - Generated', 'PURCHASE', '{}', 10, 0, 1, 1, 3, '2026-01-15 20:28:43', NULL);
INSERT INTO `operation_log` (`user_id`, `module`, `operation`, `target_id`, `detail`, `user_agent`, `created_at`) VALUES (10, 'APPROVAL', 'SUBMIT', '2f711f9fb8634eefa5aac4796d55a8f5', 'Initiated Request', 'Generated Script', '2026-01-15 20:28:43');
INSERT INTO `approval_record` (`id`, `title`, `type_code`, `content`, `initiator_id`, `priority`, `status`, `current_node_order`, `workflow_id`, `created_at`, `completed_at`) VALUES ('e16bb1b579d24db79e2289dd296ab434', 'BUSINESS_TRIP - Generated', 'BUSINESS_TRIP', '{}', 8, 1, 2, 2, 4, '2025-10-28 23:59:56', NULL);
INSERT INTO `operation_log` (`user_id`, `module`, `operation`, `target_id`, `detail`, `user_agent`, `created_at`) VALUES (8, 'APPROVAL', 'SUBMIT', 'e16bb1b579d24db79e2289dd296ab434', 'Initiated Request', 'Generated Script', '2025-10-28 23:59:56');
INSERT INTO `operation_log` (`user_id`, `module`, `operation`, `target_id`, `detail`, `user_agent`, `created_at`) VALUES (1, 'APPROVAL', 'APPROVE', 'e16bb1b579d24db79e2289dd296ab434', 'Approved node 2', 'Generated Script', '2025-10-29 07:39:02');
INSERT INTO `approval_node` (`approval_id`, `node_name`, `approver_id`, `node_order`, `status`, `comment`, `approved_at`, `created_at`) VALUES ('e16bb1b579d24db79e2289dd296ab434', 'Node 2', 1, 2, 1, 'Approved', '2025-10-29 07:39:02', '2025-10-28 23:59:56');
INSERT INTO `approval_record` (`id`, `title`, `type_code`, `content`, `initiator_id`, `priority`, `status`, `current_node_order`, `workflow_id`, `created_at`, `completed_at`) VALUES ('2645b7464a2446c093e019618d3192ee', 'EXPENSE - Generated', 'EXPENSE', '{}', 15, 0, 3, 3, 2, '2025-12-28 06:11:32', '2025-12-30 21:52:22');
INSERT INTO `operation_log` (`user_id`, `module`, `operation`, `target_id`, `detail`, `user_agent`, `created_at`) VALUES (15, 'APPROVAL', 'SUBMIT', '2645b7464a2446c093e019618d3192ee', 'Initiated Request', 'Generated Script', '2025-12-28 06:11:32');
INSERT INTO `operation_log` (`user_id`, `module`, `operation`, `target_id`, `detail`, `user_agent`, `created_at`) VALUES (4, 'APPROVAL', 'APPROVE', '2645b7464a2446c093e019618d3192ee', 'Approved node 2', 'Generated Script', '2025-12-28 10:53:09');
INSERT INTO `approval_node` (`approval_id`, `node_name`, `approver_id`, `node_order`, `status`, `comment`, `approved_at`, `created_at`) VALUES ('2645b7464a2446c093e019618d3192ee', 'Node 2', 4, 2, 1, 'Approved', '2025-12-28 10:53:09', '2025-12-28 06:11:32');
INSERT INTO `operation_log` (`user_id`, `module`, `operation`, `target_id`, `detail`, `user_agent`, `created_at`) VALUES (3, 'APPROVAL', 'APPROVE', '2645b7464a2446c093e019618d3192ee', 'Approved node 3', 'Generated Script', '2025-12-28 12:46:26');
INSERT INTO `approval_node` (`approval_id`, `node_name`, `approver_id`, `node_order`, `status`, `comment`, `approved_at`, `created_at`) VALUES ('2645b7464a2446c093e019618d3192ee', 'Node 3', 3, 3, 1, 'Approved', '2025-12-28 12:46:26', '2025-12-28 06:11:32');
INSERT INTO `approval_record` (`id`, `title`, `type_code`, `content`, `initiator_id`, `priority`, `status`, `current_node_order`, `workflow_id`, `created_at`, `completed_at`) VALUES ('0b6adfdbe12c47e8a97711d744c5b4c5', 'LEAVE - Generated', 'LEAVE', '{}', 7, 1, 3, 3, 1, '2026-01-11 17:41:45', '2026-01-12 21:31:31');
INSERT INTO `operation_log` (`user_id`, `module`, `operation`, `target_id`, `detail`, `user_agent`, `created_at`) VALUES (7, 'APPROVAL', 'SUBMIT', '0b6adfdbe12c47e8a97711d744c5b4c5', 'Initiated Request', 'Generated Script', '2026-01-11 17:41:45');
INSERT INTO `operation_log` (`user_id`, `module`, `operation`, `target_id`, `detail`, `user_agent`, `created_at`) VALUES (4, 'APPROVAL', 'APPROVE', '0b6adfdbe12c47e8a97711d744c5b4c5', 'Approved node 2', 'Generated Script', '2026-01-11 23:00:09');
INSERT INTO `approval_node` (`approval_id`, `node_name`, `approver_id`, `node_order`, `status`, `comment`, `approved_at`, `created_at`) VALUES ('0b6adfdbe12c47e8a97711d744c5b4c5', 'Node 2', 4, 2, 1, 'Approved', '2026-01-11 23:00:09', '2026-01-11 17:41:45');
INSERT INTO `operation_log` (`user_id`, `module`, `operation`, `target_id`, `detail`, `user_agent`, `created_at`) VALUES (3, 'APPROVAL', 'APPROVE', '0b6adfdbe12c47e8a97711d744c5b4c5', 'Approved node 3', 'Generated Script', '2026-01-12 00:47:11');
INSERT INTO `approval_node` (`approval_id`, `node_name`, `approver_id`, `node_order`, `status`, `comment`, `approved_at`, `created_at`) VALUES ('0b6adfdbe12c47e8a97711d744c5b4c5', 'Node 3', 3, 3, 1, 'Approved', '2026-01-12 00:47:11', '2026-01-11 17:41:45');
INSERT INTO `approval_record` (`id`, `title`, `type_code`, `content`, `initiator_id`, `priority`, `status`, `current_node_order`, `workflow_id`, `created_at`, `completed_at`) VALUES ('64dac6be52f0496ca728f09402222360', 'EXPENSE - Generated', 'EXPENSE', '{}', 5, 0, 1, 1, 2, '2026-01-15 21:11:12', NULL);
INSERT INTO `operation_log` (`user_id`, `module`, `operation`, `target_id`, `detail`, `user_agent`, `created_at`) VALUES (5, 'APPROVAL', 'SUBMIT', '64dac6be52f0496ca728f09402222360', 'Initiated Request', 'Generated Script', '2026-01-15 21:11:12');
INSERT INTO `approval_record` (`id`, `title`, `type_code`, `content`, `initiator_id`, `priority`, `status`, `current_node_order`, `workflow_id`, `created_at`, `completed_at`) VALUES ('6aba7deec3f94c8cb25dd2bf898d1efb', 'CONTRACT - Generated', 'CONTRACT', '{}', 10, 0, 3, 3, 6, '2026-01-12 13:13:00', '2026-01-14 04:11:27');
INSERT INTO `operation_log` (`user_id`, `module`, `operation`, `target_id`, `detail`, `user_agent`, `created_at`) VALUES (10, 'APPROVAL', 'SUBMIT', '6aba7deec3f94c8cb25dd2bf898d1efb', 'Initiated Request', 'Generated Script', '2026-01-12 13:13:00');
INSERT INTO `operation_log` (`user_id`, `module`, `operation`, `target_id`, `detail`, `user_agent`, `created_at`) VALUES (2, 'APPROVAL', 'APPROVE', '6aba7deec3f94c8cb25dd2bf898d1efb', 'Approved node 2', 'Generated Script', '2026-01-12 15:48:02');
INSERT INTO `approval_node` (`approval_id`, `node_name`, `approver_id`, `node_order`, `status`, `comment`, `approved_at`, `created_at`) VALUES ('6aba7deec3f94c8cb25dd2bf898d1efb', 'Node 2', 2, 2, 1, 'Approved', '2026-01-12 15:48:02', '2026-01-12 13:13:00');
INSERT INTO `operation_log` (`user_id`, `module`, `operation`, `target_id`, `detail`, `user_agent`, `created_at`) VALUES (4, 'APPROVAL', 'APPROVE', '6aba7deec3f94c8cb25dd2bf898d1efb', 'Approved node 3', 'Generated Script', '2026-01-12 17:31:39');
INSERT INTO `approval_node` (`approval_id`, `node_name`, `approver_id`, `node_order`, `status`, `comment`, `approved_at`, `created_at`) VALUES ('6aba7deec3f94c8cb25dd2bf898d1efb', 'Node 3', 4, 3, 1, 'Approved', '2026-01-12 17:31:39', '2026-01-12 13:13:00');
INSERT INTO `approval_record` (`id`, `title`, `type_code`, `content`, `initiator_id`, `priority`, `status`, `current_node_order`, `workflow_id`, `created_at`, `completed_at`) VALUES ('a6925a3cf6fe41b5b131d651149cd215', 'CONTRACT - Generated', 'CONTRACT', '{}', 2, 1, 3, 3, 6, '2026-01-17 18:01:56', '2026-01-18 09:09:15');
INSERT INTO `operation_log` (`user_id`, `module`, `operation`, `target_id`, `detail`, `user_agent`, `created_at`) VALUES (2, 'APPROVAL', 'SUBMIT', 'a6925a3cf6fe41b5b131d651149cd215', 'Initiated Request', 'Generated Script', '2026-01-17 18:01:56');
INSERT INTO `operation_log` (`user_id`, `module`, `operation`, `target_id`, `detail`, `user_agent`, `created_at`) VALUES (2, 'APPROVAL', 'APPROVE', 'a6925a3cf6fe41b5b131d651149cd215', 'Approved node 2', 'Generated Script', '2026-01-17 23:13:43');
INSERT INTO `approval_node` (`approval_id`, `node_name`, `approver_id`, `node_order`, `status`, `comment`, `approved_at`, `created_at`) VALUES ('a6925a3cf6fe41b5b131d651149cd215', 'Node 2', 2, 2, 1, 'Approved', '2026-01-17 23:13:43', '2026-01-17 18:01:56');
INSERT INTO `operation_log` (`user_id`, `module`, `operation`, `target_id`, `detail`, `user_agent`, `created_at`) VALUES (2, 'APPROVAL', 'APPROVE', 'a6925a3cf6fe41b5b131d651149cd215', 'Approved node 3', 'Generated Script', '2026-01-18 01:42:14');
INSERT INTO `approval_node` (`approval_id`, `node_name`, `approver_id`, `node_order`, `status`, `comment`, `approved_at`, `created_at`) VALUES ('a6925a3cf6fe41b5b131d651149cd215', 'Node 3', 2, 3, 1, 'Approved', '2026-01-18 01:42:14', '2026-01-17 18:01:56');
INSERT INTO `approval_record` (`id`, `title`, `type_code`, `content`, `initiator_id`, `priority`, `status`, `current_node_order`, `workflow_id`, `created_at`, `completed_at`) VALUES ('be12a01595f04581a29a4682815b0cbc', 'CONTRACT - Generated', 'CONTRACT', '{}', 10, 1, 3, 3, 6, '2025-11-12 10:46:06', '2025-11-12 14:36:20');
INSERT INTO `operation_log` (`user_id`, `module`, `operation`, `target_id`, `detail`, `user_agent`, `created_at`) VALUES (10, 'APPROVAL', 'SUBMIT', 'be12a01595f04581a29a4682815b0cbc', 'Initiated Request', 'Generated Script', '2025-11-12 10:46:06');
INSERT INTO `operation_log` (`user_id`, `module`, `operation`, `target_id`, `detail`, `user_agent`, `created_at`) VALUES (2, 'APPROVAL', 'APPROVE', 'be12a01595f04581a29a4682815b0cbc', 'Approved node 2', 'Generated Script', '2025-11-12 15:58:36');
INSERT INTO `approval_node` (`approval_id`, `node_name`, `approver_id`, `node_order`, `status`, `comment`, `approved_at`, `created_at`) VALUES ('be12a01595f04581a29a4682815b0cbc', 'Node 2', 2, 2, 1, 'Approved', '2025-11-12 15:58:36', '2025-11-12 10:46:06');
INSERT INTO `operation_log` (`user_id`, `module`, `operation`, `target_id`, `detail`, `user_agent`, `created_at`) VALUES (1, 'APPROVAL', 'APPROVE', 'be12a01595f04581a29a4682815b0cbc', 'Approved node 3', 'Generated Script', '2025-11-12 18:28:41');
INSERT INTO `approval_node` (`approval_id`, `node_name`, `approver_id`, `node_order`, `status`, `comment`, `approved_at`, `created_at`) VALUES ('be12a01595f04581a29a4682815b0cbc', 'Node 3', 1, 3, 1, 'Approved', '2025-11-12 18:28:41', '2025-11-12 10:46:06');
INSERT INTO `approval_record` (`id`, `title`, `type_code`, `content`, `initiator_id`, `priority`, `status`, `current_node_order`, `workflow_id`, `created_at`, `completed_at`) VALUES ('308bfaeabab54f29a991a4e9771f6b8a', 'PURCHASE - Generated', 'PURCHASE', '{}', 11, 1, 2, 2, 3, '2025-12-08 10:26:31', NULL);
INSERT INTO `operation_log` (`user_id`, `module`, `operation`, `target_id`, `detail`, `user_agent`, `created_at`) VALUES (11, 'APPROVAL', 'SUBMIT', '308bfaeabab54f29a991a4e9771f6b8a', 'Initiated Request', 'Generated Script', '2025-12-08 10:26:31');
INSERT INTO `operation_log` (`user_id`, `module`, `operation`, `target_id`, `detail`, `user_agent`, `created_at`) VALUES (3, 'APPROVAL', 'APPROVE', '308bfaeabab54f29a991a4e9771f6b8a', 'Approved node 2', 'Generated Script', '2025-12-08 13:49:03');
INSERT INTO `approval_node` (`approval_id`, `node_name`, `approver_id`, `node_order`, `status`, `comment`, `approved_at`, `created_at`) VALUES ('308bfaeabab54f29a991a4e9771f6b8a', 'Node 2', 3, 2, 1, 'Approved', '2025-12-08 13:49:03', '2025-12-08 10:26:31');
INSERT INTO `approval_record` (`id`, `title`, `type_code`, `content`, `initiator_id`, `priority`, `status`, `current_node_order`, `workflow_id`, `created_at`, `completed_at`) VALUES ('4c01ea0c0d5e4062b5be3fd661c48f28', 'LEAVE - Generated', 'LEAVE', '{}', 2, 1, 3, 3, 1, '2026-01-17 10:17:27', '2026-01-18 01:27:47');
INSERT INTO `operation_log` (`user_id`, `module`, `operation`, `target_id`, `detail`, `user_agent`, `created_at`) VALUES (2, 'APPROVAL', 'SUBMIT', '4c01ea0c0d5e4062b5be3fd661c48f28', 'Initiated Request', 'Generated Script', '2026-01-17 10:17:27');
INSERT INTO `operation_log` (`user_id`, `module`, `operation`, `target_id`, `detail`, `user_agent`, `created_at`) VALUES (2, 'APPROVAL', 'APPROVE', '4c01ea0c0d5e4062b5be3fd661c48f28', 'Approved node 2', 'Generated Script', '2026-01-17 14:25:56');
INSERT INTO `approval_node` (`approval_id`, `node_name`, `approver_id`, `node_order`, `status`, `comment`, `approved_at`, `created_at`) VALUES ('4c01ea0c0d5e4062b5be3fd661c48f28', 'Node 2', 2, 2, 1, 'Approved', '2026-01-17 14:25:56', '2026-01-17 10:17:27');
INSERT INTO `operation_log` (`user_id`, `module`, `operation`, `target_id`, `detail`, `user_agent`, `created_at`) VALUES (2, 'APPROVAL', 'APPROVE', '4c01ea0c0d5e4062b5be3fd661c48f28', 'Approved node 3', 'Generated Script', '2026-01-17 15:54:48');
INSERT INTO `approval_node` (`approval_id`, `node_name`, `approver_id`, `node_order`, `status`, `comment`, `approved_at`, `created_at`) VALUES ('4c01ea0c0d5e4062b5be3fd661c48f28', 'Node 3', 2, 3, 1, 'Approved', '2026-01-17 15:54:48', '2026-01-17 10:17:27');
INSERT INTO `approval_record` (`id`, `title`, `type_code`, `content`, `initiator_id`, `priority`, `status`, `current_node_order`, `workflow_id`, `created_at`, `completed_at`) VALUES ('ec713c4911e247cdb131ef52f3837548', 'EXPENSE - Generated', 'EXPENSE', '{}', 8, 1, 3, 3, 2, '2025-11-20 18:57:28', '2025-11-23 12:37:43');
INSERT INTO `operation_log` (`user_id`, `module`, `operation`, `target_id`, `detail`, `user_agent`, `created_at`) VALUES (8, 'APPROVAL', 'SUBMIT', 'ec713c4911e247cdb131ef52f3837548', 'Initiated Request', 'Generated Script', '2025-11-20 18:57:28');
INSERT INTO `operation_log` (`user_id`, `module`, `operation`, `target_id`, `detail`, `user_agent`, `created_at`) VALUES (4, 'APPROVAL', 'APPROVE', 'ec713c4911e247cdb131ef52f3837548', 'Approved node 2', 'Generated Script', '2025-11-20 22:24:48');
INSERT INTO `approval_node` (`approval_id`, `node_name`, `approver_id`, `node_order`, `status`, `comment`, `approved_at`, `created_at`) VALUES ('ec713c4911e247cdb131ef52f3837548', 'Node 2', 4, 2, 1, 'Approved', '2025-11-20 22:24:48', '2025-11-20 18:57:28');
INSERT INTO `operation_log` (`user_id`, `module`, `operation`, `target_id`, `detail`, `user_agent`, `created_at`) VALUES (5, 'APPROVAL', 'APPROVE', 'ec713c4911e247cdb131ef52f3837548', 'Approved node 3', 'Generated Script', '2025-11-20 23:15:42');
INSERT INTO `approval_node` (`approval_id`, `node_name`, `approver_id`, `node_order`, `status`, `comment`, `approved_at`, `created_at`) VALUES ('ec713c4911e247cdb131ef52f3837548', 'Node 3', 5, 3, 1, 'Approved', '2025-11-20 23:15:42', '2025-11-20 18:57:28');
INSERT INTO `approval_record` (`id`, `title`, `type_code`, `content`, `initiator_id`, `priority`, `status`, `current_node_order`, `workflow_id`, `created_at`, `completed_at`) VALUES ('1f9061a5d61e451db628bea6eb9ce52a', 'PURCHASE - Generated', 'PURCHASE', '{}', 7, 0, 3, 3, 3, '2025-12-05 14:18:37', '2025-12-05 16:49:00');
INSERT INTO `operation_log` (`user_id`, `module`, `operation`, `target_id`, `detail`, `user_agent`, `created_at`) VALUES (7, 'APPROVAL', 'SUBMIT', '1f9061a5d61e451db628bea6eb9ce52a', 'Initiated Request', 'Generated Script', '2025-12-05 14:18:37');
INSERT INTO `operation_log` (`user_id`, `module`, `operation`, `target_id`, `detail`, `user_agent`, `created_at`) VALUES (3, 'APPROVAL', 'APPROVE', '1f9061a5d61e451db628bea6eb9ce52a', 'Approved node 2', 'Generated Script', '2025-12-05 16:12:13');
INSERT INTO `approval_node` (`approval_id`, `node_name`, `approver_id`, `node_order`, `status`, `comment`, `approved_at`, `created_at`) VALUES ('1f9061a5d61e451db628bea6eb9ce52a', 'Node 2', 3, 2, 1, 'Approved', '2025-12-05 16:12:13', '2025-12-05 14:18:37');
INSERT INTO `operation_log` (`user_id`, `module`, `operation`, `target_id`, `detail`, `user_agent`, `created_at`) VALUES (2, 'APPROVAL', 'APPROVE', '1f9061a5d61e451db628bea6eb9ce52a', 'Approved node 3', 'Generated Script', '2025-12-05 16:55:32');
INSERT INTO `approval_node` (`approval_id`, `node_name`, `approver_id`, `node_order`, `status`, `comment`, `approved_at`, `created_at`) VALUES ('1f9061a5d61e451db628bea6eb9ce52a', 'Node 3', 2, 3, 1, 'Approved', '2025-12-05 16:55:32', '2025-12-05 14:18:37');
INSERT INTO `approval_record` (`id`, `title`, `type_code`, `content`, `initiator_id`, `priority`, `status`, `current_node_order`, `workflow_id`, `created_at`, `completed_at`) VALUES ('7a3d6ab0b46341dc96612a167d82636a', 'EXPENSE - Generated', 'EXPENSE', '{}', 13, 0, 1, 1, 2, '2025-12-04 22:12:47', NULL);
INSERT INTO `operation_log` (`user_id`, `module`, `operation`, `target_id`, `detail`, `user_agent`, `created_at`) VALUES (13, 'APPROVAL', 'SUBMIT', '7a3d6ab0b46341dc96612a167d82636a', 'Initiated Request', 'Generated Script', '2025-12-04 22:12:47');
INSERT INTO `approval_record` (`id`, `title`, `type_code`, `content`, `initiator_id`, `priority`, `status`, `current_node_order`, `workflow_id`, `created_at`, `completed_at`) VALUES ('ed4d2354df754640b299ba5cbbf7aea2', 'OVERTIME - Generated', 'OVERTIME', '{}', 8, 1, 3, 3, 5, '2026-01-13 15:44:07', '2026-01-15 04:55:19');
INSERT INTO `operation_log` (`user_id`, `module`, `operation`, `target_id`, `detail`, `user_agent`, `created_at`) VALUES (8, 'APPROVAL', 'SUBMIT', 'ed4d2354df754640b299ba5cbbf7aea2', 'Initiated Request', 'Generated Script', '2026-01-13 15:44:07');
INSERT INTO `operation_log` (`user_id`, `module`, `operation`, `target_id`, `detail`, `user_agent`, `created_at`) VALUES (1, 'APPROVAL', 'APPROVE', 'ed4d2354df754640b299ba5cbbf7aea2', 'Approved node 2', 'Generated Script', '2026-01-13 21:26:25');
INSERT INTO `approval_node` (`approval_id`, `node_name`, `approver_id`, `node_order`, `status`, `comment`, `approved_at`, `created_at`) VALUES ('ed4d2354df754640b299ba5cbbf7aea2', 'Node 2', 1, 2, 1, 'Approved', '2026-01-13 21:26:25', '2026-01-13 15:44:07');
INSERT INTO `operation_log` (`user_id`, `module`, `operation`, `target_id`, `detail`, `user_agent`, `created_at`) VALUES (4, 'APPROVAL', 'APPROVE', 'ed4d2354df754640b299ba5cbbf7aea2', 'Approved node 3', 'Generated Script', '2026-01-14 00:06:38');
INSERT INTO `approval_node` (`approval_id`, `node_name`, `approver_id`, `node_order`, `status`, `comment`, `approved_at`, `created_at`) VALUES ('ed4d2354df754640b299ba5cbbf7aea2', 'Node 3', 4, 3, 1, 'Approved', '2026-01-14 00:06:38', '2026-01-13 15:44:07');
INSERT INTO `approval_record` (`id`, `title`, `type_code`, `content`, `initiator_id`, `priority`, `status`, `current_node_order`, `workflow_id`, `created_at`, `completed_at`) VALUES ('49baec1cc210498797693c17152fac1c', 'OVERTIME - Generated', 'OVERTIME', '{}', 14, 2, 3, 3, 5, '2025-12-01 07:12:44', '2025-12-02 12:45:42');
INSERT INTO `operation_log` (`user_id`, `module`, `operation`, `target_id`, `detail`, `user_agent`, `created_at`) VALUES (14, 'APPROVAL', 'SUBMIT', '49baec1cc210498797693c17152fac1c', 'Initiated Request', 'Generated Script', '2025-12-01 07:12:44');
INSERT INTO `operation_log` (`user_id`, `module`, `operation`, `target_id`, `detail`, `user_agent`, `created_at`) VALUES (2, 'APPROVAL', 'APPROVE', '49baec1cc210498797693c17152fac1c', 'Approved node 2', 'Generated Script', '2025-12-01 12:11:39');
INSERT INTO `approval_node` (`approval_id`, `node_name`, `approver_id`, `node_order`, `status`, `comment`, `approved_at`, `created_at`) VALUES ('49baec1cc210498797693c17152fac1c', 'Node 2', 2, 2, 1, 'Approved', '2025-12-01 12:11:39', '2025-12-01 07:12:44');
INSERT INTO `operation_log` (`user_id`, `module`, `operation`, `target_id`, `detail`, `user_agent`, `created_at`) VALUES (3, 'APPROVAL', 'APPROVE', '49baec1cc210498797693c17152fac1c', 'Approved node 3', 'Generated Script', '2025-12-01 12:54:39');
INSERT INTO `approval_node` (`approval_id`, `node_name`, `approver_id`, `node_order`, `status`, `comment`, `approved_at`, `created_at`) VALUES ('49baec1cc210498797693c17152fac1c', 'Node 3', 3, 3, 1, 'Approved', '2025-12-01 12:54:39', '2025-12-01 07:12:44');
INSERT INTO `approval_record` (`id`, `title`, `type_code`, `content`, `initiator_id`, `priority`, `status`, `current_node_order`, `workflow_id`, `created_at`, `completed_at`) VALUES ('d456f2d7541d44ddae2fbec65cfd7c30', 'LEAVE - Generated', 'LEAVE', '{}', 2, 2, 3, 3, 1, '2025-12-16 04:35:44', '2025-12-17 14:24:08');
INSERT INTO `operation_log` (`user_id`, `module`, `operation`, `target_id`, `detail`, `user_agent`, `created_at`) VALUES (2, 'APPROVAL', 'SUBMIT', 'd456f2d7541d44ddae2fbec65cfd7c30', 'Initiated Request', 'Generated Script', '2025-12-16 04:35:44');
INSERT INTO `operation_log` (`user_id`, `module`, `operation`, `target_id`, `detail`, `user_agent`, `created_at`) VALUES (4, 'APPROVAL', 'APPROVE', 'd456f2d7541d44ddae2fbec65cfd7c30', 'Approved node 2', 'Generated Script', '2025-12-16 08:19:38');
INSERT INTO `approval_node` (`approval_id`, `node_name`, `approver_id`, `node_order`, `status`, `comment`, `approved_at`, `created_at`) VALUES ('d456f2d7541d44ddae2fbec65cfd7c30', 'Node 2', 4, 2, 1, 'Approved', '2025-12-16 08:19:38', '2025-12-16 04:35:44');
INSERT INTO `operation_log` (`user_id`, `module`, `operation`, `target_id`, `detail`, `user_agent`, `created_at`) VALUES (4, 'APPROVAL', 'APPROVE', 'd456f2d7541d44ddae2fbec65cfd7c30', 'Approved node 3', 'Generated Script', '2025-12-16 11:10:50');
INSERT INTO `approval_node` (`approval_id`, `node_name`, `approver_id`, `node_order`, `status`, `comment`, `approved_at`, `created_at`) VALUES ('d456f2d7541d44ddae2fbec65cfd7c30', 'Node 3', 4, 3, 1, 'Approved', '2025-12-16 11:10:50', '2025-12-16 04:35:44');
INSERT INTO `approval_record` (`id`, `title`, `type_code`, `content`, `initiator_id`, `priority`, `status`, `current_node_order`, `workflow_id`, `created_at`, `completed_at`) VALUES ('ea4958cc2c59440aa47ab09633f4b617', 'BUSINESS_TRIP - Generated', 'BUSINESS_TRIP', '{}', 15, 0, 3, 3, 4, '2025-10-28 03:22:39', '2025-10-30 17:32:13');
INSERT INTO `operation_log` (`user_id`, `module`, `operation`, `target_id`, `detail`, `user_agent`, `created_at`) VALUES (15, 'APPROVAL', 'SUBMIT', 'ea4958cc2c59440aa47ab09633f4b617', 'Initiated Request', 'Generated Script', '2025-10-28 03:22:39');
INSERT INTO `operation_log` (`user_id`, `module`, `operation`, `target_id`, `detail`, `user_agent`, `created_at`) VALUES (2, 'APPROVAL', 'APPROVE', 'ea4958cc2c59440aa47ab09633f4b617', 'Approved node 2', 'Generated Script', '2025-10-28 08:24:30');
INSERT INTO `approval_node` (`approval_id`, `node_name`, `approver_id`, `node_order`, `status`, `comment`, `approved_at`, `created_at`) VALUES ('ea4958cc2c59440aa47ab09633f4b617', 'Node 2', 2, 2, 1, 'Approved', '2025-10-28 08:24:30', '2025-10-28 03:22:39');
INSERT INTO `operation_log` (`user_id`, `module`, `operation`, `target_id`, `detail`, `user_agent`, `created_at`) VALUES (2, 'APPROVAL', 'APPROVE', 'ea4958cc2c59440aa47ab09633f4b617', 'Approved node 3', 'Generated Script', '2025-10-28 11:00:38');
INSERT INTO `approval_node` (`approval_id`, `node_name`, `approver_id`, `node_order`, `status`, `comment`, `approved_at`, `created_at`) VALUES ('ea4958cc2c59440aa47ab09633f4b617', 'Node 3', 2, 3, 1, 'Approved', '2025-10-28 11:00:38', '2025-10-28 03:22:39');
INSERT INTO `approval_record` (`id`, `title`, `type_code`, `content`, `initiator_id`, `priority`, `status`, `current_node_order`, `workflow_id`, `created_at`, `completed_at`) VALUES ('5b953771e8b740beb0fdf2fe078b5023', 'OVERTIME - Generated', 'OVERTIME', '{}', 16, 2, 3, 3, 5, '2025-11-25 17:24:13', '2025-11-28 14:16:18');
INSERT INTO `operation_log` (`user_id`, `module`, `operation`, `target_id`, `detail`, `user_agent`, `created_at`) VALUES (16, 'APPROVAL', 'SUBMIT', '5b953771e8b740beb0fdf2fe078b5023', 'Initiated Request', 'Generated Script', '2025-11-25 17:24:13');
INSERT INTO `operation_log` (`user_id`, `module`, `operation`, `target_id`, `detail`, `user_agent`, `created_at`) VALUES (1, 'APPROVAL', 'APPROVE', '5b953771e8b740beb0fdf2fe078b5023', 'Approved node 2', 'Generated Script', '2025-11-26 00:02:27');
INSERT INTO `approval_node` (`approval_id`, `node_name`, `approver_id`, `node_order`, `status`, `comment`, `approved_at`, `created_at`) VALUES ('5b953771e8b740beb0fdf2fe078b5023', 'Node 2', 1, 2, 1, 'Approved', '2025-11-26 00:02:27', '2025-11-25 17:24:13');
INSERT INTO `operation_log` (`user_id`, `module`, `operation`, `target_id`, `detail`, `user_agent`, `created_at`) VALUES (1, 'APPROVAL', 'APPROVE', '5b953771e8b740beb0fdf2fe078b5023', 'Approved node 3', 'Generated Script', '2025-11-26 02:20:22');
INSERT INTO `approval_node` (`approval_id`, `node_name`, `approver_id`, `node_order`, `status`, `comment`, `approved_at`, `created_at`) VALUES ('5b953771e8b740beb0fdf2fe078b5023', 'Node 3', 1, 3, 1, 'Approved', '2025-11-26 02:20:22', '2025-11-25 17:24:13');
INSERT INTO `approval_record` (`id`, `title`, `type_code`, `content`, `initiator_id`, `priority`, `status`, `current_node_order`, `workflow_id`, `created_at`, `completed_at`) VALUES ('bc2192ef3af840fa9e965b2fedfbe699', 'LEAVE - Generated', 'LEAVE', '{}', 16, 2, 1, 1, 1, '2025-11-26 22:49:58', NULL);
INSERT INTO `operation_log` (`user_id`, `module`, `operation`, `target_id`, `detail`, `user_agent`, `created_at`) VALUES (16, 'APPROVAL', 'SUBMIT', 'bc2192ef3af840fa9e965b2fedfbe699', 'Initiated Request', 'Generated Script', '2025-11-26 22:49:58');
INSERT INTO `approval_record` (`id`, `title`, `type_code`, `content`, `initiator_id`, `priority`, `status`, `current_node_order`, `workflow_id`, `created_at`, `completed_at`) VALUES ('b0f14b536fe7448aa5dfb4f803b23311', 'LEAVE - Generated', 'LEAVE', '{}', 1, 1, 3, 3, 1, '2025-12-03 05:47:18', '2025-12-05 14:04:32');
INSERT INTO `operation_log` (`user_id`, `module`, `operation`, `target_id`, `detail`, `user_agent`, `created_at`) VALUES (1, 'APPROVAL', 'SUBMIT', 'b0f14b536fe7448aa5dfb4f803b23311', 'Initiated Request', 'Generated Script', '2025-12-03 05:47:18');
INSERT INTO `operation_log` (`user_id`, `module`, `operation`, `target_id`, `detail`, `user_agent`, `created_at`) VALUES (2, 'APPROVAL', 'APPROVE', 'b0f14b536fe7448aa5dfb4f803b23311', 'Approved node 2', 'Generated Script', '2025-12-03 11:38:40');
INSERT INTO `approval_node` (`approval_id`, `node_name`, `approver_id`, `node_order`, `status`, `comment`, `approved_at`, `created_at`) VALUES ('b0f14b536fe7448aa5dfb4f803b23311', 'Node 2', 2, 2, 1, 'Approved', '2025-12-03 11:38:40', '2025-12-03 05:47:18');
INSERT INTO `operation_log` (`user_id`, `module`, `operation`, `target_id`, `detail`, `user_agent`, `created_at`) VALUES (2, 'APPROVAL', 'APPROVE', 'b0f14b536fe7448aa5dfb4f803b23311', 'Approved node 3', 'Generated Script', '2025-12-03 15:18:48');
INSERT INTO `approval_node` (`approval_id`, `node_name`, `approver_id`, `node_order`, `status`, `comment`, `approved_at`, `created_at`) VALUES ('b0f14b536fe7448aa5dfb4f803b23311', 'Node 3', 2, 3, 1, 'Approved', '2025-12-03 15:18:48', '2025-12-03 05:47:18');
INSERT INTO `approval_record` (`id`, `title`, `type_code`, `content`, `initiator_id`, `priority`, `status`, `current_node_order`, `workflow_id`, `created_at`, `completed_at`) VALUES ('131afb1926f5409ba18e31d2722bba92', 'LEAVE - Generated', 'LEAVE', '{}', 12, 0, 3, 3, 1, '2025-10-30 18:02:28', '2025-10-30 18:47:22');
INSERT INTO `operation_log` (`user_id`, `module`, `operation`, `target_id`, `detail`, `user_agent`, `created_at`) VALUES (12, 'APPROVAL', 'SUBMIT', '131afb1926f5409ba18e31d2722bba92', 'Initiated Request', 'Generated Script', '2025-10-30 18:02:28');
INSERT INTO `operation_log` (`user_id`, `module`, `operation`, `target_id`, `detail`, `user_agent`, `created_at`) VALUES (4, 'APPROVAL', 'APPROVE', '131afb1926f5409ba18e31d2722bba92', 'Approved node 2', 'Generated Script', '2025-10-30 22:41:38');
INSERT INTO `approval_node` (`approval_id`, `node_name`, `approver_id`, `node_order`, `status`, `comment`, `approved_at`, `created_at`) VALUES ('131afb1926f5409ba18e31d2722bba92', 'Node 2', 4, 2, 1, 'Approved', '2025-10-30 22:41:38', '2025-10-30 18:02:28');
INSERT INTO `operation_log` (`user_id`, `module`, `operation`, `target_id`, `detail`, `user_agent`, `created_at`) VALUES (5, 'APPROVAL', 'APPROVE', '131afb1926f5409ba18e31d2722bba92', 'Approved node 3', 'Generated Script', '2025-10-31 00:54:31');
INSERT INTO `approval_node` (`approval_id`, `node_name`, `approver_id`, `node_order`, `status`, `comment`, `approved_at`, `created_at`) VALUES ('131afb1926f5409ba18e31d2722bba92', 'Node 3', 5, 3, 1, 'Approved', '2025-10-31 00:54:31', '2025-10-30 18:02:28');
INSERT INTO `approval_record` (`id`, `title`, `type_code`, `content`, `initiator_id`, `priority`, `status`, `current_node_order`, `workflow_id`, `created_at`, `completed_at`) VALUES ('38ed21f23f364521b08770935335fd1d', 'BUSINESS_TRIP - Generated', 'BUSINESS_TRIP', '{}', 16, 2, 3, 3, 4, '2025-12-06 08:49:47', '2025-12-09 06:01:04');
INSERT INTO `operation_log` (`user_id`, `module`, `operation`, `target_id`, `detail`, `user_agent`, `created_at`) VALUES (16, 'APPROVAL', 'SUBMIT', '38ed21f23f364521b08770935335fd1d', 'Initiated Request', 'Generated Script', '2025-12-06 08:49:47');
INSERT INTO `operation_log` (`user_id`, `module`, `operation`, `target_id`, `detail`, `user_agent`, `created_at`) VALUES (4, 'APPROVAL', 'APPROVE', '38ed21f23f364521b08770935335fd1d', 'Approved node 2', 'Generated Script', '2025-12-06 11:57:39');
INSERT INTO `approval_node` (`approval_id`, `node_name`, `approver_id`, `node_order`, `status`, `comment`, `approved_at`, `created_at`) VALUES ('38ed21f23f364521b08770935335fd1d', 'Node 2', 4, 2, 1, 'Approved', '2025-12-06 11:57:39', '2025-12-06 08:49:47');
INSERT INTO `operation_log` (`user_id`, `module`, `operation`, `target_id`, `detail`, `user_agent`, `created_at`) VALUES (3, 'APPROVAL', 'APPROVE', '38ed21f23f364521b08770935335fd1d', 'Approved node 3', 'Generated Script', '2025-12-06 15:42:07');
INSERT INTO `approval_node` (`approval_id`, `node_name`, `approver_id`, `node_order`, `status`, `comment`, `approved_at`, `created_at`) VALUES ('38ed21f23f364521b08770935335fd1d', 'Node 3', 3, 3, 1, 'Approved', '2025-12-06 15:42:07', '2025-12-06 08:49:47');
INSERT INTO `approval_record` (`id`, `title`, `type_code`, `content`, `initiator_id`, `priority`, `status`, `current_node_order`, `workflow_id`, `created_at`, `completed_at`) VALUES ('08f524c7a82b4da5ae91b9e4e1acb846', 'EXPENSE - Generated', 'EXPENSE', '{}', 3, 1, 3, 3, 2, '2026-01-06 04:48:33', '2026-01-08 03:13:21');
INSERT INTO `operation_log` (`user_id`, `module`, `operation`, `target_id`, `detail`, `user_agent`, `created_at`) VALUES (3, 'APPROVAL', 'SUBMIT', '08f524c7a82b4da5ae91b9e4e1acb846', 'Initiated Request', 'Generated Script', '2026-01-06 04:48:33');
INSERT INTO `operation_log` (`user_id`, `module`, `operation`, `target_id`, `detail`, `user_agent`, `created_at`) VALUES (1, 'APPROVAL', 'APPROVE', '08f524c7a82b4da5ae91b9e4e1acb846', 'Approved node 2', 'Generated Script', '2026-01-06 08:36:28');
INSERT INTO `approval_node` (`approval_id`, `node_name`, `approver_id`, `node_order`, `status`, `comment`, `approved_at`, `created_at`) VALUES ('08f524c7a82b4da5ae91b9e4e1acb846', 'Node 2', 1, 2, 1, 'Approved', '2026-01-06 08:36:28', '2026-01-06 04:48:33');
INSERT INTO `operation_log` (`user_id`, `module`, `operation`, `target_id`, `detail`, `user_agent`, `created_at`) VALUES (5, 'APPROVAL', 'APPROVE', '08f524c7a82b4da5ae91b9e4e1acb846', 'Approved node 3', 'Generated Script', '2026-01-06 09:47:21');
INSERT INTO `approval_node` (`approval_id`, `node_name`, `approver_id`, `node_order`, `status`, `comment`, `approved_at`, `created_at`) VALUES ('08f524c7a82b4da5ae91b9e4e1acb846', 'Node 3', 5, 3, 1, 'Approved', '2026-01-06 09:47:21', '2026-01-06 04:48:33');
INSERT INTO `approval_record` (`id`, `title`, `type_code`, `content`, `initiator_id`, `priority`, `status`, `current_node_order`, `workflow_id`, `created_at`, `completed_at`) VALUES ('5bcad50aac124868bca76688d74b3344', 'OVERTIME - Generated', 'OVERTIME', '{}', 9, 1, 4, 3, 5, '2025-11-08 20:05:51', '2025-11-11 06:33:15');
INSERT INTO `operation_log` (`user_id`, `module`, `operation`, `target_id`, `detail`, `user_agent`, `created_at`) VALUES (9, 'APPROVAL', 'SUBMIT', '5bcad50aac124868bca76688d74b3344', 'Initiated Request', 'Generated Script', '2025-11-08 20:05:51');
INSERT INTO `operation_log` (`user_id`, `module`, `operation`, `target_id`, `detail`, `user_agent`, `created_at`) VALUES (3, 'APPROVAL', 'APPROVE', '5bcad50aac124868bca76688d74b3344', 'Approved node 2', 'Generated Script', '2025-11-09 02:11:47');
INSERT INTO `approval_node` (`approval_id`, `node_name`, `approver_id`, `node_order`, `status`, `comment`, `approved_at`, `created_at`) VALUES ('5bcad50aac124868bca76688d74b3344', 'Node 2', 3, 2, 1, 'Approved', '2025-11-09 02:11:47', '2025-11-08 20:05:51');
INSERT INTO `operation_log` (`user_id`, `module`, `operation`, `target_id`, `detail`, `user_agent`, `created_at`) VALUES (5, 'APPROVAL', 'REJECT', '5bcad50aac124868bca76688d74b3344', 'Rejected node 3', 'Generated Script', '2025-11-09 05:43:58');
INSERT INTO `approval_node` (`approval_id`, `node_name`, `approver_id`, `node_order`, `status`, `comment`, `approved_at`, `created_at`) VALUES ('5bcad50aac124868bca76688d74b3344', 'Node 3', 5, 3, 2, 'Rejected', '2025-11-09 05:43:58', '2025-11-08 20:05:51');
INSERT INTO `approval_record` (`id`, `title`, `type_code`, `content`, `initiator_id`, `priority`, `status`, `current_node_order`, `workflow_id`, `created_at`, `completed_at`) VALUES ('f259367f9b244ec9bad56bf87cd1ed64', 'PURCHASE - Generated', 'PURCHASE', '{}', 16, 1, 3, 3, 3, '2025-12-08 02:10:26', '2025-12-09 18:47:39');
INSERT INTO `operation_log` (`user_id`, `module`, `operation`, `target_id`, `detail`, `user_agent`, `created_at`) VALUES (16, 'APPROVAL', 'SUBMIT', 'f259367f9b244ec9bad56bf87cd1ed64', 'Initiated Request', 'Generated Script', '2025-12-08 02:10:26');
INSERT INTO `operation_log` (`user_id`, `module`, `operation`, `target_id`, `detail`, `user_agent`, `created_at`) VALUES (3, 'APPROVAL', 'APPROVE', 'f259367f9b244ec9bad56bf87cd1ed64', 'Approved node 2', 'Generated Script', '2025-12-08 04:07:24');
INSERT INTO `approval_node` (`approval_id`, `node_name`, `approver_id`, `node_order`, `status`, `comment`, `approved_at`, `created_at`) VALUES ('f259367f9b244ec9bad56bf87cd1ed64', 'Node 2', 3, 2, 1, 'Approved', '2025-12-08 04:07:24', '2025-12-08 02:10:26');
INSERT INTO `operation_log` (`user_id`, `module`, `operation`, `target_id`, `detail`, `user_agent`, `created_at`) VALUES (4, 'APPROVAL', 'APPROVE', 'f259367f9b244ec9bad56bf87cd1ed64', 'Approved node 3', 'Generated Script', '2025-12-08 07:43:29');
INSERT INTO `approval_node` (`approval_id`, `node_name`, `approver_id`, `node_order`, `status`, `comment`, `approved_at`, `created_at`) VALUES ('f259367f9b244ec9bad56bf87cd1ed64', 'Node 3', 4, 3, 1, 'Approved', '2025-12-08 07:43:29', '2025-12-08 02:10:26');
INSERT INTO `approval_record` (`id`, `title`, `type_code`, `content`, `initiator_id`, `priority`, `status`, `current_node_order`, `workflow_id`, `created_at`, `completed_at`) VALUES ('c681b6d5caf84a4dbe5e17d4dfaf581b', 'EXPENSE - Generated', 'EXPENSE', '{}', 12, 0, 3, 3, 2, '2026-01-16 00:25:53', '2026-01-18 09:09:15');
INSERT INTO `operation_log` (`user_id`, `module`, `operation`, `target_id`, `detail`, `user_agent`, `created_at`) VALUES (12, 'APPROVAL', 'SUBMIT', 'c681b6d5caf84a4dbe5e17d4dfaf581b', 'Initiated Request', 'Generated Script', '2026-01-16 00:25:53');
INSERT INTO `operation_log` (`user_id`, `module`, `operation`, `target_id`, `detail`, `user_agent`, `created_at`) VALUES (2, 'APPROVAL', 'APPROVE', 'c681b6d5caf84a4dbe5e17d4dfaf581b', 'Approved node 2', 'Generated Script', '2026-01-16 01:56:36');
INSERT INTO `approval_node` (`approval_id`, `node_name`, `approver_id`, `node_order`, `status`, `comment`, `approved_at`, `created_at`) VALUES ('c681b6d5caf84a4dbe5e17d4dfaf581b', 'Node 2', 2, 2, 1, 'Approved', '2026-01-16 01:56:36', '2026-01-16 00:25:53');
INSERT INTO `operation_log` (`user_id`, `module`, `operation`, `target_id`, `detail`, `user_agent`, `created_at`) VALUES (4, 'APPROVAL', 'APPROVE', 'c681b6d5caf84a4dbe5e17d4dfaf581b', 'Approved node 3', 'Generated Script', '2026-01-16 03:43:42');
INSERT INTO `approval_node` (`approval_id`, `node_name`, `approver_id`, `node_order`, `status`, `comment`, `approved_at`, `created_at`) VALUES ('c681b6d5caf84a4dbe5e17d4dfaf581b', 'Node 3', 4, 3, 1, 'Approved', '2026-01-16 03:43:42', '2026-01-16 00:25:53');
INSERT INTO `approval_record` (`id`, `title`, `type_code`, `content`, `initiator_id`, `priority`, `status`, `current_node_order`, `workflow_id`, `created_at`, `completed_at`) VALUES ('1e53e7457dde40a5b21d8f59ea8b6658', 'BUSINESS_TRIP - Generated', 'BUSINESS_TRIP', '{}', 12, 2, 1, 1, 4, '2025-11-29 23:46:40', NULL);
INSERT INTO `operation_log` (`user_id`, `module`, `operation`, `target_id`, `detail`, `user_agent`, `created_at`) VALUES (12, 'APPROVAL', 'SUBMIT', '1e53e7457dde40a5b21d8f59ea8b6658', 'Initiated Request', 'Generated Script', '2025-11-29 23:46:40');
INSERT INTO `approval_record` (`id`, `title`, `type_code`, `content`, `initiator_id`, `priority`, `status`, `current_node_order`, `workflow_id`, `created_at`, `completed_at`) VALUES ('012734904bdc40e3aeb218c66f342e43', 'PURCHASE - Generated', 'PURCHASE', '{}', 9, 0, 3, 3, 3, '2025-12-15 06:37:10', '2025-12-17 03:10:10');
INSERT INTO `operation_log` (`user_id`, `module`, `operation`, `target_id`, `detail`, `user_agent`, `created_at`) VALUES (9, 'APPROVAL', 'SUBMIT', '012734904bdc40e3aeb218c66f342e43', 'Initiated Request', 'Generated Script', '2025-12-15 06:37:10');
INSERT INTO `operation_log` (`user_id`, `module`, `operation`, `target_id`, `detail`, `user_agent`, `created_at`) VALUES (1, 'APPROVAL', 'APPROVE', '012734904bdc40e3aeb218c66f342e43', 'Approved node 2', 'Generated Script', '2025-12-15 12:59:18');
INSERT INTO `approval_node` (`approval_id`, `node_name`, `approver_id`, `node_order`, `status`, `comment`, `approved_at`, `created_at`) VALUES ('012734904bdc40e3aeb218c66f342e43', 'Node 2', 1, 2, 1, 'Approved', '2025-12-15 12:59:18', '2025-12-15 06:37:10');
INSERT INTO `operation_log` (`user_id`, `module`, `operation`, `target_id`, `detail`, `user_agent`, `created_at`) VALUES (2, 'APPROVAL', 'APPROVE', '012734904bdc40e3aeb218c66f342e43', 'Approved node 3', 'Generated Script', '2025-12-15 14:21:07');
INSERT INTO `approval_node` (`approval_id`, `node_name`, `approver_id`, `node_order`, `status`, `comment`, `approved_at`, `created_at`) VALUES ('012734904bdc40e3aeb218c66f342e43', 'Node 3', 2, 3, 1, 'Approved', '2025-12-15 14:21:07', '2025-12-15 06:37:10');
INSERT INTO `approval_record` (`id`, `title`, `type_code`, `content`, `initiator_id`, `priority`, `status`, `current_node_order`, `workflow_id`, `created_at`, `completed_at`) VALUES ('bb213dc78ec047939cd1c1f53f4c4187', 'EXPENSE - Generated', 'EXPENSE', '{}', 13, 1, 4, 3, 2, '2025-11-15 14:55:23', '2025-11-17 02:34:58');
INSERT INTO `operation_log` (`user_id`, `module`, `operation`, `target_id`, `detail`, `user_agent`, `created_at`) VALUES (13, 'APPROVAL', 'SUBMIT', 'bb213dc78ec047939cd1c1f53f4c4187', 'Initiated Request', 'Generated Script', '2025-11-15 14:55:23');
INSERT INTO `operation_log` (`user_id`, `module`, `operation`, `target_id`, `detail`, `user_agent`, `created_at`) VALUES (2, 'APPROVAL', 'APPROVE', 'bb213dc78ec047939cd1c1f53f4c4187', 'Approved node 2', 'Generated Script', '2025-11-15 22:05:38');
INSERT INTO `approval_node` (`approval_id`, `node_name`, `approver_id`, `node_order`, `status`, `comment`, `approved_at`, `created_at`) VALUES ('bb213dc78ec047939cd1c1f53f4c4187', 'Node 2', 2, 2, 1, 'Approved', '2025-11-15 22:05:38', '2025-11-15 14:55:23');
INSERT INTO `operation_log` (`user_id`, `module`, `operation`, `target_id`, `detail`, `user_agent`, `created_at`) VALUES (5, 'APPROVAL', 'REJECT', 'bb213dc78ec047939cd1c1f53f4c4187', 'Rejected node 3', 'Generated Script', '2025-11-16 00:58:47');
INSERT INTO `approval_node` (`approval_id`, `node_name`, `approver_id`, `node_order`, `status`, `comment`, `approved_at`, `created_at`) VALUES ('bb213dc78ec047939cd1c1f53f4c4187', 'Node 3', 5, 3, 2, 'Rejected', '2025-11-16 00:58:47', '2025-11-15 14:55:23');
INSERT INTO `approval_record` (`id`, `title`, `type_code`, `content`, `initiator_id`, `priority`, `status`, `current_node_order`, `workflow_id`, `created_at`, `completed_at`) VALUES ('518989c09935447ebdb3be21fd16c6a9', 'BUSINESS_TRIP - Generated', 'BUSINESS_TRIP', '{}', 17, 0, 3, 3, 4, '2026-01-17 23:10:40', '2026-01-18 09:09:15');
INSERT INTO `operation_log` (`user_id`, `module`, `operation`, `target_id`, `detail`, `user_agent`, `created_at`) VALUES (17, 'APPROVAL', 'SUBMIT', '518989c09935447ebdb3be21fd16c6a9', 'Initiated Request', 'Generated Script', '2026-01-17 23:10:40');
INSERT INTO `operation_log` (`user_id`, `module`, `operation`, `target_id`, `detail`, `user_agent`, `created_at`) VALUES (5, 'APPROVAL', 'APPROVE', '518989c09935447ebdb3be21fd16c6a9', 'Approved node 2', 'Generated Script', '2026-01-18 03:20:16');
INSERT INTO `approval_node` (`approval_id`, `node_name`, `approver_id`, `node_order`, `status`, `comment`, `approved_at`, `created_at`) VALUES ('518989c09935447ebdb3be21fd16c6a9', 'Node 2', 5, 2, 1, 'Approved', '2026-01-18 03:20:16', '2026-01-17 23:10:40');
INSERT INTO `operation_log` (`user_id`, `module`, `operation`, `target_id`, `detail`, `user_agent`, `created_at`) VALUES (3, 'APPROVAL', 'APPROVE', '518989c09935447ebdb3be21fd16c6a9', 'Approved node 3', 'Generated Script', '2026-01-18 07:17:33');
INSERT INTO `approval_node` (`approval_id`, `node_name`, `approver_id`, `node_order`, `status`, `comment`, `approved_at`, `created_at`) VALUES ('518989c09935447ebdb3be21fd16c6a9', 'Node 3', 3, 3, 1, 'Approved', '2026-01-18 07:17:33', '2026-01-17 23:10:40');
INSERT INTO `approval_record` (`id`, `title`, `type_code`, `content`, `initiator_id`, `priority`, `status`, `current_node_order`, `workflow_id`, `created_at`, `completed_at`) VALUES ('44703432dc8d4c1c88a8683778830495', 'LEAVE - Generated', 'LEAVE', '{}', 3, 1, 3, 3, 1, '2025-12-22 12:43:39', '2025-12-23 21:17:26');
INSERT INTO `operation_log` (`user_id`, `module`, `operation`, `target_id`, `detail`, `user_agent`, `created_at`) VALUES (3, 'APPROVAL', 'SUBMIT', '44703432dc8d4c1c88a8683778830495', 'Initiated Request', 'Generated Script', '2025-12-22 12:43:39');
INSERT INTO `operation_log` (`user_id`, `module`, `operation`, `target_id`, `detail`, `user_agent`, `created_at`) VALUES (3, 'APPROVAL', 'APPROVE', '44703432dc8d4c1c88a8683778830495', 'Approved node 2', 'Generated Script', '2025-12-22 16:44:55');
INSERT INTO `approval_node` (`approval_id`, `node_name`, `approver_id`, `node_order`, `status`, `comment`, `approved_at`, `created_at`) VALUES ('44703432dc8d4c1c88a8683778830495', 'Node 2', 3, 2, 1, 'Approved', '2025-12-22 16:44:55', '2025-12-22 12:43:39');
INSERT INTO `operation_log` (`user_id`, `module`, `operation`, `target_id`, `detail`, `user_agent`, `created_at`) VALUES (4, 'APPROVAL', 'APPROVE', '44703432dc8d4c1c88a8683778830495', 'Approved node 3', 'Generated Script', '2025-12-22 19:23:32');
INSERT INTO `approval_node` (`approval_id`, `node_name`, `approver_id`, `node_order`, `status`, `comment`, `approved_at`, `created_at`) VALUES ('44703432dc8d4c1c88a8683778830495', 'Node 3', 4, 3, 1, 'Approved', '2025-12-22 19:23:32', '2025-12-22 12:43:39');
INSERT INTO `approval_record` (`id`, `title`, `type_code`, `content`, `initiator_id`, `priority`, `status`, `current_node_order`, `workflow_id`, `created_at`, `completed_at`) VALUES ('fc4999050fc1474b9edfb2fe436fb45f', 'EXPENSE - Generated', 'EXPENSE', '{}', 18, 2, 3, 3, 2, '2025-11-04 05:50:09', '2025-11-06 22:10:31');
INSERT INTO `operation_log` (`user_id`, `module`, `operation`, `target_id`, `detail`, `user_agent`, `created_at`) VALUES (18, 'APPROVAL', 'SUBMIT', 'fc4999050fc1474b9edfb2fe436fb45f', 'Initiated Request', 'Generated Script', '2025-11-04 05:50:09');
INSERT INTO `operation_log` (`user_id`, `module`, `operation`, `target_id`, `detail`, `user_agent`, `created_at`) VALUES (5, 'APPROVAL', 'APPROVE', 'fc4999050fc1474b9edfb2fe436fb45f', 'Approved node 2', 'Generated Script', '2025-11-04 09:31:49');
INSERT INTO `approval_node` (`approval_id`, `node_name`, `approver_id`, `node_order`, `status`, `comment`, `approved_at`, `created_at`) VALUES ('fc4999050fc1474b9edfb2fe436fb45f', 'Node 2', 5, 2, 1, 'Approved', '2025-11-04 09:31:49', '2025-11-04 05:50:09');
INSERT INTO `operation_log` (`user_id`, `module`, `operation`, `target_id`, `detail`, `user_agent`, `created_at`) VALUES (1, 'APPROVAL', 'APPROVE', 'fc4999050fc1474b9edfb2fe436fb45f', 'Approved node 3', 'Generated Script', '2025-11-04 12:16:10');
INSERT INTO `approval_node` (`approval_id`, `node_name`, `approver_id`, `node_order`, `status`, `comment`, `approved_at`, `created_at`) VALUES ('fc4999050fc1474b9edfb2fe436fb45f', 'Node 3', 1, 3, 1, 'Approved', '2025-11-04 12:16:10', '2025-11-04 05:50:09');
INSERT INTO `approval_record` (`id`, `title`, `type_code`, `content`, `initiator_id`, `priority`, `status`, `current_node_order`, `workflow_id`, `created_at`, `completed_at`) VALUES ('3fa51b1a531c405cb67a5c18453c8077', 'LEAVE - Generated', 'LEAVE', '{}', 2, 1, 3, 3, 1, '2026-01-14 03:18:36', '2026-01-14 19:54:11');
INSERT INTO `operation_log` (`user_id`, `module`, `operation`, `target_id`, `detail`, `user_agent`, `created_at`) VALUES (2, 'APPROVAL', 'SUBMIT', '3fa51b1a531c405cb67a5c18453c8077', 'Initiated Request', 'Generated Script', '2026-01-14 03:18:36');
INSERT INTO `operation_log` (`user_id`, `module`, `operation`, `target_id`, `detail`, `user_agent`, `created_at`) VALUES (5, 'APPROVAL', 'APPROVE', '3fa51b1a531c405cb67a5c18453c8077', 'Approved node 2', 'Generated Script', '2026-01-14 07:56:35');
INSERT INTO `approval_node` (`approval_id`, `node_name`, `approver_id`, `node_order`, `status`, `comment`, `approved_at`, `created_at`) VALUES ('3fa51b1a531c405cb67a5c18453c8077', 'Node 2', 5, 2, 1, 'Approved', '2026-01-14 07:56:35', '2026-01-14 03:18:36');
INSERT INTO `operation_log` (`user_id`, `module`, `operation`, `target_id`, `detail`, `user_agent`, `created_at`) VALUES (3, 'APPROVAL', 'APPROVE', '3fa51b1a531c405cb67a5c18453c8077', 'Approved node 3', 'Generated Script', '2026-01-14 08:55:57');
INSERT INTO `approval_node` (`approval_id`, `node_name`, `approver_id`, `node_order`, `status`, `comment`, `approved_at`, `created_at`) VALUES ('3fa51b1a531c405cb67a5c18453c8077', 'Node 3', 3, 3, 1, 'Approved', '2026-01-14 08:55:57', '2026-01-14 03:18:36');
INSERT INTO `approval_record` (`id`, `title`, `type_code`, `content`, `initiator_id`, `priority`, `status`, `current_node_order`, `workflow_id`, `created_at`, `completed_at`) VALUES ('3e0f35d480d54938be41ad76b3d05e00', 'CONTRACT - Generated', 'CONTRACT', '{}', 1, 0, 1, 1, 6, '2025-11-11 01:33:44', NULL);
INSERT INTO `operation_log` (`user_id`, `module`, `operation`, `target_id`, `detail`, `user_agent`, `created_at`) VALUES (1, 'APPROVAL', 'SUBMIT', '3e0f35d480d54938be41ad76b3d05e00', 'Initiated Request', 'Generated Script', '2025-11-11 01:33:44');
INSERT INTO `approval_record` (`id`, `title`, `type_code`, `content`, `initiator_id`, `priority`, `status`, `current_node_order`, `workflow_id`, `created_at`, `completed_at`) VALUES ('b83d7541fa0744ad9f7e1800a766ae0f', 'LEAVE - Generated', 'LEAVE', '{}', 18, 2, 2, 2, 1, '2025-11-12 02:29:52', NULL);
INSERT INTO `operation_log` (`user_id`, `module`, `operation`, `target_id`, `detail`, `user_agent`, `created_at`) VALUES (18, 'APPROVAL', 'SUBMIT', 'b83d7541fa0744ad9f7e1800a766ae0f', 'Initiated Request', 'Generated Script', '2025-11-12 02:29:52');
INSERT INTO `operation_log` (`user_id`, `module`, `operation`, `target_id`, `detail`, `user_agent`, `created_at`) VALUES (3, 'APPROVAL', 'APPROVE', 'b83d7541fa0744ad9f7e1800a766ae0f', 'Approved node 2', 'Generated Script', '2025-11-12 04:14:45');
INSERT INTO `approval_node` (`approval_id`, `node_name`, `approver_id`, `node_order`, `status`, `comment`, `approved_at`, `created_at`) VALUES ('b83d7541fa0744ad9f7e1800a766ae0f', 'Node 2', 3, 2, 1, 'Approved', '2025-11-12 04:14:45', '2025-11-12 02:29:52');
INSERT INTO `approval_record` (`id`, `title`, `type_code`, `content`, `initiator_id`, `priority`, `status`, `current_node_order`, `workflow_id`, `created_at`, `completed_at`) VALUES ('3ed502499ffa4362add9716e00c52d22', 'CONTRACT - Generated', 'CONTRACT', '{}', 10, 0, 3, 3, 6, '2025-12-14 18:44:25', '2025-12-15 23:09:23');
INSERT INTO `operation_log` (`user_id`, `module`, `operation`, `target_id`, `detail`, `user_agent`, `created_at`) VALUES (10, 'APPROVAL', 'SUBMIT', '3ed502499ffa4362add9716e00c52d22', 'Initiated Request', 'Generated Script', '2025-12-14 18:44:25');
INSERT INTO `operation_log` (`user_id`, `module`, `operation`, `target_id`, `detail`, `user_agent`, `created_at`) VALUES (3, 'APPROVAL', 'APPROVE', '3ed502499ffa4362add9716e00c52d22', 'Approved node 2', 'Generated Script', '2025-12-14 21:48:34');
INSERT INTO `approval_node` (`approval_id`, `node_name`, `approver_id`, `node_order`, `status`, `comment`, `approved_at`, `created_at`) VALUES ('3ed502499ffa4362add9716e00c52d22', 'Node 2', 3, 2, 1, 'Approved', '2025-12-14 21:48:34', '2025-12-14 18:44:25');
INSERT INTO `operation_log` (`user_id`, `module`, `operation`, `target_id`, `detail`, `user_agent`, `created_at`) VALUES (5, 'APPROVAL', 'APPROVE', '3ed502499ffa4362add9716e00c52d22', 'Approved node 3', 'Generated Script', '2025-12-14 23:21:57');
INSERT INTO `approval_node` (`approval_id`, `node_name`, `approver_id`, `node_order`, `status`, `comment`, `approved_at`, `created_at`) VALUES ('3ed502499ffa4362add9716e00c52d22', 'Node 3', 5, 3, 1, 'Approved', '2025-12-14 23:21:57', '2025-12-14 18:44:25');
INSERT INTO `approval_record` (`id`, `title`, `type_code`, `content`, `initiator_id`, `priority`, `status`, `current_node_order`, `workflow_id`, `created_at`, `completed_at`) VALUES ('4532a8a6eb7d4c8c80527f77bdbe8708', 'EXPENSE - Generated', 'EXPENSE', '{}', 4, 1, 3, 3, 2, '2025-12-03 10:51:26', '2025-12-06 05:22:46');
INSERT INTO `operation_log` (`user_id`, `module`, `operation`, `target_id`, `detail`, `user_agent`, `created_at`) VALUES (4, 'APPROVAL', 'SUBMIT', '4532a8a6eb7d4c8c80527f77bdbe8708', 'Initiated Request', 'Generated Script', '2025-12-03 10:51:26');
INSERT INTO `operation_log` (`user_id`, `module`, `operation`, `target_id`, `detail`, `user_agent`, `created_at`) VALUES (5, 'APPROVAL', 'APPROVE', '4532a8a6eb7d4c8c80527f77bdbe8708', 'Approved node 2', 'Generated Script', '2025-12-03 13:40:03');
INSERT INTO `approval_node` (`approval_id`, `node_name`, `approver_id`, `node_order`, `status`, `comment`, `approved_at`, `created_at`) VALUES ('4532a8a6eb7d4c8c80527f77bdbe8708', 'Node 2', 5, 2, 1, 'Approved', '2025-12-03 13:40:03', '2025-12-03 10:51:26');
INSERT INTO `operation_log` (`user_id`, `module`, `operation`, `target_id`, `detail`, `user_agent`, `created_at`) VALUES (3, 'APPROVAL', 'APPROVE', '4532a8a6eb7d4c8c80527f77bdbe8708', 'Approved node 3', 'Generated Script', '2025-12-03 15:11:39');
INSERT INTO `approval_node` (`approval_id`, `node_name`, `approver_id`, `node_order`, `status`, `comment`, `approved_at`, `created_at`) VALUES ('4532a8a6eb7d4c8c80527f77bdbe8708', 'Node 3', 3, 3, 1, 'Approved', '2025-12-03 15:11:39', '2025-12-03 10:51:26');
INSERT INTO `approval_record` (`id`, `title`, `type_code`, `content`, `initiator_id`, `priority`, `status`, `current_node_order`, `workflow_id`, `created_at`, `completed_at`) VALUES ('0885a78bf3074690b6cb633eea44f80c', 'PURCHASE - Generated', 'PURCHASE', '{}', 19, 1, 2, 2, 3, '2025-11-09 09:52:04', NULL);
INSERT INTO `operation_log` (`user_id`, `module`, `operation`, `target_id`, `detail`, `user_agent`, `created_at`) VALUES (19, 'APPROVAL', 'SUBMIT', '0885a78bf3074690b6cb633eea44f80c', 'Initiated Request', 'Generated Script', '2025-11-09 09:52:04');
INSERT INTO `operation_log` (`user_id`, `module`, `operation`, `target_id`, `detail`, `user_agent`, `created_at`) VALUES (5, 'APPROVAL', 'APPROVE', '0885a78bf3074690b6cb633eea44f80c', 'Approved node 2', 'Generated Script', '2025-11-09 14:09:51');
INSERT INTO `approval_node` (`approval_id`, `node_name`, `approver_id`, `node_order`, `status`, `comment`, `approved_at`, `created_at`) VALUES ('0885a78bf3074690b6cb633eea44f80c', 'Node 2', 5, 2, 1, 'Approved', '2025-11-09 14:09:51', '2025-11-09 09:52:04');
INSERT INTO `approval_record` (`id`, `title`, `type_code`, `content`, `initiator_id`, `priority`, `status`, `current_node_order`, `workflow_id`, `created_at`, `completed_at`) VALUES ('94c0bceddce042d99db009c19b1b8dfd', 'OVERTIME - Generated', 'OVERTIME', '{}', 9, 1, 2, 2, 5, '2025-12-05 11:08:49', NULL);
INSERT INTO `operation_log` (`user_id`, `module`, `operation`, `target_id`, `detail`, `user_agent`, `created_at`) VALUES (9, 'APPROVAL', 'SUBMIT', '94c0bceddce042d99db009c19b1b8dfd', 'Initiated Request', 'Generated Script', '2025-12-05 11:08:49');
INSERT INTO `operation_log` (`user_id`, `module`, `operation`, `target_id`, `detail`, `user_agent`, `created_at`) VALUES (4, 'APPROVAL', 'APPROVE', '94c0bceddce042d99db009c19b1b8dfd', 'Approved node 2', 'Generated Script', '2025-12-05 16:55:22');
INSERT INTO `approval_node` (`approval_id`, `node_name`, `approver_id`, `node_order`, `status`, `comment`, `approved_at`, `created_at`) VALUES ('94c0bceddce042d99db009c19b1b8dfd', 'Node 2', 4, 2, 1, 'Approved', '2025-12-05 16:55:22', '2025-12-05 11:08:49');
INSERT INTO `approval_record` (`id`, `title`, `type_code`, `content`, `initiator_id`, `priority`, `status`, `current_node_order`, `workflow_id`, `created_at`, `completed_at`) VALUES ('de1340c12db24abaa7fc8a63271d3faf', 'LEAVE - Generated', 'LEAVE', '{}', 19, 0, 3, 3, 1, '2025-11-14 15:18:53', '2025-11-16 04:34:13');
INSERT INTO `operation_log` (`user_id`, `module`, `operation`, `target_id`, `detail`, `user_agent`, `created_at`) VALUES (19, 'APPROVAL', 'SUBMIT', 'de1340c12db24abaa7fc8a63271d3faf', 'Initiated Request', 'Generated Script', '2025-11-14 15:18:53');
INSERT INTO `operation_log` (`user_id`, `module`, `operation`, `target_id`, `detail`, `user_agent`, `created_at`) VALUES (3, 'APPROVAL', 'APPROVE', 'de1340c12db24abaa7fc8a63271d3faf', 'Approved node 2', 'Generated Script', '2025-11-14 17:41:45');
INSERT INTO `approval_node` (`approval_id`, `node_name`, `approver_id`, `node_order`, `status`, `comment`, `approved_at`, `created_at`) VALUES ('de1340c12db24abaa7fc8a63271d3faf', 'Node 2', 3, 2, 1, 'Approved', '2025-11-14 17:41:45', '2025-11-14 15:18:53');
INSERT INTO `operation_log` (`user_id`, `module`, `operation`, `target_id`, `detail`, `user_agent`, `created_at`) VALUES (3, 'APPROVAL', 'APPROVE', 'de1340c12db24abaa7fc8a63271d3faf', 'Approved node 3', 'Generated Script', '2025-11-14 18:33:34');
INSERT INTO `approval_node` (`approval_id`, `node_name`, `approver_id`, `node_order`, `status`, `comment`, `approved_at`, `created_at`) VALUES ('de1340c12db24abaa7fc8a63271d3faf', 'Node 3', 3, 3, 1, 'Approved', '2025-11-14 18:33:34', '2025-11-14 15:18:53');
INSERT INTO `approval_record` (`id`, `title`, `type_code`, `content`, `initiator_id`, `priority`, `status`, `current_node_order`, `workflow_id`, `created_at`, `completed_at`) VALUES ('28ca21f552cc409a9d0be7d4a1c15a9e', 'LEAVE - Generated', 'LEAVE', '{}', 1, 2, 2, 2, 1, '2025-11-11 11:24:43', NULL);
INSERT INTO `operation_log` (`user_id`, `module`, `operation`, `target_id`, `detail`, `user_agent`, `created_at`) VALUES (1, 'APPROVAL', 'SUBMIT', '28ca21f552cc409a9d0be7d4a1c15a9e', 'Initiated Request', 'Generated Script', '2025-11-11 11:24:43');
INSERT INTO `operation_log` (`user_id`, `module`, `operation`, `target_id`, `detail`, `user_agent`, `created_at`) VALUES (3, 'APPROVAL', 'APPROVE', '28ca21f552cc409a9d0be7d4a1c15a9e', 'Approved node 2', 'Generated Script', '2025-11-11 17:47:28');
INSERT INTO `approval_node` (`approval_id`, `node_name`, `approver_id`, `node_order`, `status`, `comment`, `approved_at`, `created_at`) VALUES ('28ca21f552cc409a9d0be7d4a1c15a9e', 'Node 2', 3, 2, 1, 'Approved', '2025-11-11 17:47:28', '2025-11-11 11:24:43');
INSERT INTO `approval_record` (`id`, `title`, `type_code`, `content`, `initiator_id`, `priority`, `status`, `current_node_order`, `workflow_id`, `created_at`, `completed_at`) VALUES ('4d4990ebb13348aa847a5e13fc077911', 'CONTRACT - Generated', 'CONTRACT', '{}', 18, 0, 2, 2, 6, '2025-12-21 10:49:21', NULL);
INSERT INTO `operation_log` (`user_id`, `module`, `operation`, `target_id`, `detail`, `user_agent`, `created_at`) VALUES (18, 'APPROVAL', 'SUBMIT', '4d4990ebb13348aa847a5e13fc077911', 'Initiated Request', 'Generated Script', '2025-12-21 10:49:21');
INSERT INTO `operation_log` (`user_id`, `module`, `operation`, `target_id`, `detail`, `user_agent`, `created_at`) VALUES (3, 'APPROVAL', 'APPROVE', '4d4990ebb13348aa847a5e13fc077911', 'Approved node 2', 'Generated Script', '2025-12-21 16:19:15');
INSERT INTO `approval_node` (`approval_id`, `node_name`, `approver_id`, `node_order`, `status`, `comment`, `approved_at`, `created_at`) VALUES ('4d4990ebb13348aa847a5e13fc077911', 'Node 2', 3, 2, 1, 'Approved', '2025-12-21 16:19:15', '2025-12-21 10:49:21');
INSERT INTO `approval_record` (`id`, `title`, `type_code`, `content`, `initiator_id`, `priority`, `status`, `current_node_order`, `workflow_id`, `created_at`, `completed_at`) VALUES ('cf7ea24124c84ca096441b05f4165b7a', 'PURCHASE - Generated', 'PURCHASE', '{}', 7, 0, 3, 3, 3, '2025-12-11 06:40:04', '2025-12-13 17:37:48');
INSERT INTO `operation_log` (`user_id`, `module`, `operation`, `target_id`, `detail`, `user_agent`, `created_at`) VALUES (7, 'APPROVAL', 'SUBMIT', 'cf7ea24124c84ca096441b05f4165b7a', 'Initiated Request', 'Generated Script', '2025-12-11 06:40:04');
INSERT INTO `operation_log` (`user_id`, `module`, `operation`, `target_id`, `detail`, `user_agent`, `created_at`) VALUES (5, 'APPROVAL', 'APPROVE', 'cf7ea24124c84ca096441b05f4165b7a', 'Approved node 2', 'Generated Script', '2025-12-11 13:08:29');
INSERT INTO `approval_node` (`approval_id`, `node_name`, `approver_id`, `node_order`, `status`, `comment`, `approved_at`, `created_at`) VALUES ('cf7ea24124c84ca096441b05f4165b7a', 'Node 2', 5, 2, 1, 'Approved', '2025-12-11 13:08:29', '2025-12-11 06:40:04');
INSERT INTO `operation_log` (`user_id`, `module`, `operation`, `target_id`, `detail`, `user_agent`, `created_at`) VALUES (2, 'APPROVAL', 'APPROVE', 'cf7ea24124c84ca096441b05f4165b7a', 'Approved node 3', 'Generated Script', '2025-12-11 14:08:34');
INSERT INTO `approval_node` (`approval_id`, `node_name`, `approver_id`, `node_order`, `status`, `comment`, `approved_at`, `created_at`) VALUES ('cf7ea24124c84ca096441b05f4165b7a', 'Node 3', 2, 3, 1, 'Approved', '2025-12-11 14:08:34', '2025-12-11 06:40:04');
INSERT INTO `approval_record` (`id`, `title`, `type_code`, `content`, `initiator_id`, `priority`, `status`, `current_node_order`, `workflow_id`, `created_at`, `completed_at`) VALUES ('e43764b0c1e64d22977d7339d215a19f', 'BUSINESS_TRIP - Generated', 'BUSINESS_TRIP', '{}', 2, 2, 4, 3, 4, '2025-10-25 11:47:34', '2025-10-25 20:33:54');
INSERT INTO `operation_log` (`user_id`, `module`, `operation`, `target_id`, `detail`, `user_agent`, `created_at`) VALUES (2, 'APPROVAL', 'SUBMIT', 'e43764b0c1e64d22977d7339d215a19f', 'Initiated Request', 'Generated Script', '2025-10-25 11:47:34');
INSERT INTO `operation_log` (`user_id`, `module`, `operation`, `target_id`, `detail`, `user_agent`, `created_at`) VALUES (1, 'APPROVAL', 'APPROVE', 'e43764b0c1e64d22977d7339d215a19f', 'Approved node 2', 'Generated Script', '2025-10-25 17:02:37');
INSERT INTO `approval_node` (`approval_id`, `node_name`, `approver_id`, `node_order`, `status`, `comment`, `approved_at`, `created_at`) VALUES ('e43764b0c1e64d22977d7339d215a19f', 'Node 2', 1, 2, 1, 'Approved', '2025-10-25 17:02:37', '2025-10-25 11:47:34');
INSERT INTO `operation_log` (`user_id`, `module`, `operation`, `target_id`, `detail`, `user_agent`, `created_at`) VALUES (4, 'APPROVAL', 'REJECT', 'e43764b0c1e64d22977d7339d215a19f', 'Rejected node 3', 'Generated Script', '2025-10-25 19:29:43');
INSERT INTO `approval_node` (`approval_id`, `node_name`, `approver_id`, `node_order`, `status`, `comment`, `approved_at`, `created_at`) VALUES ('e43764b0c1e64d22977d7339d215a19f', 'Node 3', 4, 3, 2, 'Rejected', '2025-10-25 19:29:43', '2025-10-25 11:47:34');
INSERT INTO `approval_record` (`id`, `title`, `type_code`, `content`, `initiator_id`, `priority`, `status`, `current_node_order`, `workflow_id`, `created_at`, `completed_at`) VALUES ('4336428f8de346c2bb25182056ac5b72', 'PURCHASE - Generated', 'PURCHASE', '{}', 11, 2, 3, 3, 3, '2026-01-14 07:08:13', '2026-01-16 11:28:07');
INSERT INTO `operation_log` (`user_id`, `module`, `operation`, `target_id`, `detail`, `user_agent`, `created_at`) VALUES (11, 'APPROVAL', 'SUBMIT', '4336428f8de346c2bb25182056ac5b72', 'Initiated Request', 'Generated Script', '2026-01-14 07:08:13');
INSERT INTO `operation_log` (`user_id`, `module`, `operation`, `target_id`, `detail`, `user_agent`, `created_at`) VALUES (4, 'APPROVAL', 'APPROVE', '4336428f8de346c2bb25182056ac5b72', 'Approved node 2', 'Generated Script', '2026-01-14 10:51:42');
INSERT INTO `approval_node` (`approval_id`, `node_name`, `approver_id`, `node_order`, `status`, `comment`, `approved_at`, `created_at`) VALUES ('4336428f8de346c2bb25182056ac5b72', 'Node 2', 4, 2, 1, 'Approved', '2026-01-14 10:51:42', '2026-01-14 07:08:13');
INSERT INTO `operation_log` (`user_id`, `module`, `operation`, `target_id`, `detail`, `user_agent`, `created_at`) VALUES (1, 'APPROVAL', 'APPROVE', '4336428f8de346c2bb25182056ac5b72', 'Approved node 3', 'Generated Script', '2026-01-14 11:26:00');
INSERT INTO `approval_node` (`approval_id`, `node_name`, `approver_id`, `node_order`, `status`, `comment`, `approved_at`, `created_at`) VALUES ('4336428f8de346c2bb25182056ac5b72', 'Node 3', 1, 3, 1, 'Approved', '2026-01-14 11:26:00', '2026-01-14 07:08:13');
INSERT INTO `approval_record` (`id`, `title`, `type_code`, `content`, `initiator_id`, `priority`, `status`, `current_node_order`, `workflow_id`, `created_at`, `completed_at`) VALUES ('35dc2c37dc404914afffd08468ff4620', 'PURCHASE - Generated', 'PURCHASE', '{}', 14, 0, 1, 1, 3, '2025-10-20 13:54:32', NULL);
INSERT INTO `operation_log` (`user_id`, `module`, `operation`, `target_id`, `detail`, `user_agent`, `created_at`) VALUES (14, 'APPROVAL', 'SUBMIT', '35dc2c37dc404914afffd08468ff4620', 'Initiated Request', 'Generated Script', '2025-10-20 13:54:32');
INSERT INTO `approval_record` (`id`, `title`, `type_code`, `content`, `initiator_id`, `priority`, `status`, `current_node_order`, `workflow_id`, `created_at`, `completed_at`) VALUES ('a62c9af1e46745bc9419d821b521b088', 'BUSINESS_TRIP - Generated', 'BUSINESS_TRIP', '{}', 3, 2, 4, 3, 4, '2025-10-23 23:08:42', '2025-10-24 20:47:48');
INSERT INTO `operation_log` (`user_id`, `module`, `operation`, `target_id`, `detail`, `user_agent`, `created_at`) VALUES (3, 'APPROVAL', 'SUBMIT', 'a62c9af1e46745bc9419d821b521b088', 'Initiated Request', 'Generated Script', '2025-10-23 23:08:42');
INSERT INTO `operation_log` (`user_id`, `module`, `operation`, `target_id`, `detail`, `user_agent`, `created_at`) VALUES (4, 'APPROVAL', 'APPROVE', 'a62c9af1e46745bc9419d821b521b088', 'Approved node 2', 'Generated Script', '2025-10-24 05:53:14');
INSERT INTO `approval_node` (`approval_id`, `node_name`, `approver_id`, `node_order`, `status`, `comment`, `approved_at`, `created_at`) VALUES ('a62c9af1e46745bc9419d821b521b088', 'Node 2', 4, 2, 1, 'Approved', '2025-10-24 05:53:14', '2025-10-23 23:08:42');
INSERT INTO `operation_log` (`user_id`, `module`, `operation`, `target_id`, `detail`, `user_agent`, `created_at`) VALUES (5, 'APPROVAL', 'REJECT', 'a62c9af1e46745bc9419d821b521b088', 'Rejected node 3', 'Generated Script', '2025-10-24 07:52:28');
INSERT INTO `approval_node` (`approval_id`, `node_name`, `approver_id`, `node_order`, `status`, `comment`, `approved_at`, `created_at`) VALUES ('a62c9af1e46745bc9419d821b521b088', 'Node 3', 5, 3, 2, 'Rejected', '2025-10-24 07:52:28', '2025-10-23 23:08:42');
INSERT INTO `approval_record` (`id`, `title`, `type_code`, `content`, `initiator_id`, `priority`, `status`, `current_node_order`, `workflow_id`, `created_at`, `completed_at`) VALUES ('4af141237343470e8eef7bcea6e97ad8', 'OVERTIME - Generated', 'OVERTIME', '{}', 12, 0, 3, 3, 5, '2025-10-30 15:51:04', '2025-11-01 01:18:15');
INSERT INTO `operation_log` (`user_id`, `module`, `operation`, `target_id`, `detail`, `user_agent`, `created_at`) VALUES (12, 'APPROVAL', 'SUBMIT', '4af141237343470e8eef7bcea6e97ad8', 'Initiated Request', 'Generated Script', '2025-10-30 15:51:04');
INSERT INTO `operation_log` (`user_id`, `module`, `operation`, `target_id`, `detail`, `user_agent`, `created_at`) VALUES (4, 'APPROVAL', 'APPROVE', '4af141237343470e8eef7bcea6e97ad8', 'Approved node 2', 'Generated Script', '2025-10-30 20:16:53');
INSERT INTO `approval_node` (`approval_id`, `node_name`, `approver_id`, `node_order`, `status`, `comment`, `approved_at`, `created_at`) VALUES ('4af141237343470e8eef7bcea6e97ad8', 'Node 2', 4, 2, 1, 'Approved', '2025-10-30 20:16:53', '2025-10-30 15:51:04');
INSERT INTO `operation_log` (`user_id`, `module`, `operation`, `target_id`, `detail`, `user_agent`, `created_at`) VALUES (1, 'APPROVAL', 'APPROVE', '4af141237343470e8eef7bcea6e97ad8', 'Approved node 3', 'Generated Script', '2025-10-30 21:49:04');
INSERT INTO `approval_node` (`approval_id`, `node_name`, `approver_id`, `node_order`, `status`, `comment`, `approved_at`, `created_at`) VALUES ('4af141237343470e8eef7bcea6e97ad8', 'Node 3', 1, 3, 1, 'Approved', '2025-10-30 21:49:04', '2025-10-30 15:51:04');
INSERT INTO `approval_record` (`id`, `title`, `type_code`, `content`, `initiator_id`, `priority`, `status`, `current_node_order`, `workflow_id`, `created_at`, `completed_at`) VALUES ('9e781b700ca84ad1bf9c5cd6a1ee3e4c', 'EXPENSE - Generated', 'EXPENSE', '{}', 19, 0, 3, 3, 2, '2025-12-03 13:02:59', '2025-12-05 20:18:32');
INSERT INTO `operation_log` (`user_id`, `module`, `operation`, `target_id`, `detail`, `user_agent`, `created_at`) VALUES (19, 'APPROVAL', 'SUBMIT', '9e781b700ca84ad1bf9c5cd6a1ee3e4c', 'Initiated Request', 'Generated Script', '2025-12-03 13:02:59');
INSERT INTO `operation_log` (`user_id`, `module`, `operation`, `target_id`, `detail`, `user_agent`, `created_at`) VALUES (1, 'APPROVAL', 'APPROVE', '9e781b700ca84ad1bf9c5cd6a1ee3e4c', 'Approved node 2', 'Generated Script', '2025-12-03 18:55:20');
INSERT INTO `approval_node` (`approval_id`, `node_name`, `approver_id`, `node_order`, `status`, `comment`, `approved_at`, `created_at`) VALUES ('9e781b700ca84ad1bf9c5cd6a1ee3e4c', 'Node 2', 1, 2, 1, 'Approved', '2025-12-03 18:55:20', '2025-12-03 13:02:59');
INSERT INTO `operation_log` (`user_id`, `module`, `operation`, `target_id`, `detail`, `user_agent`, `created_at`) VALUES (4, 'APPROVAL', 'APPROVE', '9e781b700ca84ad1bf9c5cd6a1ee3e4c', 'Approved node 3', 'Generated Script', '2025-12-03 22:06:03');
INSERT INTO `approval_node` (`approval_id`, `node_name`, `approver_id`, `node_order`, `status`, `comment`, `approved_at`, `created_at`) VALUES ('9e781b700ca84ad1bf9c5cd6a1ee3e4c', 'Node 3', 4, 3, 1, 'Approved', '2025-12-03 22:06:03', '2025-12-03 13:02:59');
INSERT INTO `approval_record` (`id`, `title`, `type_code`, `content`, `initiator_id`, `priority`, `status`, `current_node_order`, `workflow_id`, `created_at`, `completed_at`) VALUES ('95eaa246166841e09d4f135e9a5c1818', 'CONTRACT - Generated', 'CONTRACT', '{}', 8, 1, 3, 3, 6, '2025-11-02 06:11:21', '2025-11-02 18:41:58');
INSERT INTO `operation_log` (`user_id`, `module`, `operation`, `target_id`, `detail`, `user_agent`, `created_at`) VALUES (8, 'APPROVAL', 'SUBMIT', '95eaa246166841e09d4f135e9a5c1818', 'Initiated Request', 'Generated Script', '2025-11-02 06:11:21');
INSERT INTO `operation_log` (`user_id`, `module`, `operation`, `target_id`, `detail`, `user_agent`, `created_at`) VALUES (5, 'APPROVAL', 'APPROVE', '95eaa246166841e09d4f135e9a5c1818', 'Approved node 2', 'Generated Script', '2025-11-02 08:38:57');
INSERT INTO `approval_node` (`approval_id`, `node_name`, `approver_id`, `node_order`, `status`, `comment`, `approved_at`, `created_at`) VALUES ('95eaa246166841e09d4f135e9a5c1818', 'Node 2', 5, 2, 1, 'Approved', '2025-11-02 08:38:57', '2025-11-02 06:11:21');
INSERT INTO `operation_log` (`user_id`, `module`, `operation`, `target_id`, `detail`, `user_agent`, `created_at`) VALUES (2, 'APPROVAL', 'APPROVE', '95eaa246166841e09d4f135e9a5c1818', 'Approved node 3', 'Generated Script', '2025-11-02 09:35:25');
INSERT INTO `approval_node` (`approval_id`, `node_name`, `approver_id`, `node_order`, `status`, `comment`, `approved_at`, `created_at`) VALUES ('95eaa246166841e09d4f135e9a5c1818', 'Node 3', 2, 3, 1, 'Approved', '2025-11-02 09:35:25', '2025-11-02 06:11:21');
INSERT INTO `approval_record` (`id`, `title`, `type_code`, `content`, `initiator_id`, `priority`, `status`, `current_node_order`, `workflow_id`, `created_at`, `completed_at`) VALUES ('37b0e9ce59664ae9be4520dce75aabd4', 'OVERTIME - Generated', 'OVERTIME', '{}', 17, 1, 2, 2, 5, '2026-01-12 03:36:30', NULL);
INSERT INTO `operation_log` (`user_id`, `module`, `operation`, `target_id`, `detail`, `user_agent`, `created_at`) VALUES (17, 'APPROVAL', 'SUBMIT', '37b0e9ce59664ae9be4520dce75aabd4', 'Initiated Request', 'Generated Script', '2026-01-12 03:36:30');
INSERT INTO `operation_log` (`user_id`, `module`, `operation`, `target_id`, `detail`, `user_agent`, `created_at`) VALUES (5, 'APPROVAL', 'APPROVE', '37b0e9ce59664ae9be4520dce75aabd4', 'Approved node 2', 'Generated Script', '2026-01-12 09:55:33');
INSERT INTO `approval_node` (`approval_id`, `node_name`, `approver_id`, `node_order`, `status`, `comment`, `approved_at`, `created_at`) VALUES ('37b0e9ce59664ae9be4520dce75aabd4', 'Node 2', 5, 2, 1, 'Approved', '2026-01-12 09:55:33', '2026-01-12 03:36:30');
INSERT INTO `approval_record` (`id`, `title`, `type_code`, `content`, `initiator_id`, `priority`, `status`, `current_node_order`, `workflow_id`, `created_at`, `completed_at`) VALUES ('9f96a0e7cc4d4b7f8f5baa5c784da4c7', 'PURCHASE - Generated', 'PURCHASE', '{}', 15, 0, 3, 3, 3, '2025-12-03 14:48:07', '2025-12-06 06:36:30');
INSERT INTO `operation_log` (`user_id`, `module`, `operation`, `target_id`, `detail`, `user_agent`, `created_at`) VALUES (15, 'APPROVAL', 'SUBMIT', '9f96a0e7cc4d4b7f8f5baa5c784da4c7', 'Initiated Request', 'Generated Script', '2025-12-03 14:48:07');
INSERT INTO `operation_log` (`user_id`, `module`, `operation`, `target_id`, `detail`, `user_agent`, `created_at`) VALUES (5, 'APPROVAL', 'APPROVE', '9f96a0e7cc4d4b7f8f5baa5c784da4c7', 'Approved node 2', 'Generated Script', '2025-12-03 19:49:22');
INSERT INTO `approval_node` (`approval_id`, `node_name`, `approver_id`, `node_order`, `status`, `comment`, `approved_at`, `created_at`) VALUES ('9f96a0e7cc4d4b7f8f5baa5c784da4c7', 'Node 2', 5, 2, 1, 'Approved', '2025-12-03 19:49:22', '2025-12-03 14:48:07');
INSERT INTO `operation_log` (`user_id`, `module`, `operation`, `target_id`, `detail`, `user_agent`, `created_at`) VALUES (5, 'APPROVAL', 'APPROVE', '9f96a0e7cc4d4b7f8f5baa5c784da4c7', 'Approved node 3', 'Generated Script', '2025-12-03 21:59:42');
INSERT INTO `approval_node` (`approval_id`, `node_name`, `approver_id`, `node_order`, `status`, `comment`, `approved_at`, `created_at`) VALUES ('9f96a0e7cc4d4b7f8f5baa5c784da4c7', 'Node 3', 5, 3, 1, 'Approved', '2025-12-03 21:59:42', '2025-12-03 14:48:07');
INSERT INTO `approval_record` (`id`, `title`, `type_code`, `content`, `initiator_id`, `priority`, `status`, `current_node_order`, `workflow_id`, `created_at`, `completed_at`) VALUES ('bb36b8690e1a4f17ad5498f0b0a39e57', 'CONTRACT - Generated', 'CONTRACT', '{}', 13, 2, 3, 3, 6, '2025-10-28 20:26:42', '2025-10-29 14:20:21');
INSERT INTO `operation_log` (`user_id`, `module`, `operation`, `target_id`, `detail`, `user_agent`, `created_at`) VALUES (13, 'APPROVAL', 'SUBMIT', 'bb36b8690e1a4f17ad5498f0b0a39e57', 'Initiated Request', 'Generated Script', '2025-10-28 20:26:42');
INSERT INTO `operation_log` (`user_id`, `module`, `operation`, `target_id`, `detail`, `user_agent`, `created_at`) VALUES (1, 'APPROVAL', 'APPROVE', 'bb36b8690e1a4f17ad5498f0b0a39e57', 'Approved node 2', 'Generated Script', '2025-10-29 00:26:53');
INSERT INTO `approval_node` (`approval_id`, `node_name`, `approver_id`, `node_order`, `status`, `comment`, `approved_at`, `created_at`) VALUES ('bb36b8690e1a4f17ad5498f0b0a39e57', 'Node 2', 1, 2, 1, 'Approved', '2025-10-29 00:26:53', '2025-10-28 20:26:42');
INSERT INTO `operation_log` (`user_id`, `module`, `operation`, `target_id`, `detail`, `user_agent`, `created_at`) VALUES (4, 'APPROVAL', 'APPROVE', 'bb36b8690e1a4f17ad5498f0b0a39e57', 'Approved node 3', 'Generated Script', '2025-10-29 01:30:44');
INSERT INTO `approval_node` (`approval_id`, `node_name`, `approver_id`, `node_order`, `status`, `comment`, `approved_at`, `created_at`) VALUES ('bb36b8690e1a4f17ad5498f0b0a39e57', 'Node 3', 4, 3, 1, 'Approved', '2025-10-29 01:30:44', '2025-10-28 20:26:42');
INSERT INTO `approval_record` (`id`, `title`, `type_code`, `content`, `initiator_id`, `priority`, `status`, `current_node_order`, `workflow_id`, `created_at`, `completed_at`) VALUES ('f702ab5f54084458b923584959f6b6cd', 'PURCHASE - Generated', 'PURCHASE', '{}', 12, 2, 4, 3, 3, '2026-01-03 20:51:15', '2026-01-04 10:01:56');
INSERT INTO `operation_log` (`user_id`, `module`, `operation`, `target_id`, `detail`, `user_agent`, `created_at`) VALUES (12, 'APPROVAL', 'SUBMIT', 'f702ab5f54084458b923584959f6b6cd', 'Initiated Request', 'Generated Script', '2026-01-03 20:51:15');
INSERT INTO `operation_log` (`user_id`, `module`, `operation`, `target_id`, `detail`, `user_agent`, `created_at`) VALUES (2, 'APPROVAL', 'APPROVE', 'f702ab5f54084458b923584959f6b6cd', 'Approved node 2', 'Generated Script', '2026-01-04 00:41:58');
INSERT INTO `approval_node` (`approval_id`, `node_name`, `approver_id`, `node_order`, `status`, `comment`, `approved_at`, `created_at`) VALUES ('f702ab5f54084458b923584959f6b6cd', 'Node 2', 2, 2, 1, 'Approved', '2026-01-04 00:41:58', '2026-01-03 20:51:15');
INSERT INTO `operation_log` (`user_id`, `module`, `operation`, `target_id`, `detail`, `user_agent`, `created_at`) VALUES (2, 'APPROVAL', 'REJECT', 'f702ab5f54084458b923584959f6b6cd', 'Rejected node 3', 'Generated Script', '2026-01-04 02:14:41');
INSERT INTO `approval_node` (`approval_id`, `node_name`, `approver_id`, `node_order`, `status`, `comment`, `approved_at`, `created_at`) VALUES ('f702ab5f54084458b923584959f6b6cd', 'Node 3', 2, 3, 2, 'Rejected', '2026-01-04 02:14:41', '2026-01-03 20:51:15');
INSERT INTO `approval_record` (`id`, `title`, `type_code`, `content`, `initiator_id`, `priority`, `status`, `current_node_order`, `workflow_id`, `created_at`, `completed_at`) VALUES ('14eca772b86a4a0096743edfa6f72dc3', 'EXPENSE - Generated', 'EXPENSE', '{}', 3, 1, 3, 3, 2, '2026-01-01 00:05:12', '2026-01-03 02:24:58');
INSERT INTO `operation_log` (`user_id`, `module`, `operation`, `target_id`, `detail`, `user_agent`, `created_at`) VALUES (3, 'APPROVAL', 'SUBMIT', '14eca772b86a4a0096743edfa6f72dc3', 'Initiated Request', 'Generated Script', '2026-01-01 00:05:12');
INSERT INTO `operation_log` (`user_id`, `module`, `operation`, `target_id`, `detail`, `user_agent`, `created_at`) VALUES (5, 'APPROVAL', 'APPROVE', '14eca772b86a4a0096743edfa6f72dc3', 'Approved node 2', 'Generated Script', '2026-01-01 04:05:33');
INSERT INTO `approval_node` (`approval_id`, `node_name`, `approver_id`, `node_order`, `status`, `comment`, `approved_at`, `created_at`) VALUES ('14eca772b86a4a0096743edfa6f72dc3', 'Node 2', 5, 2, 1, 'Approved', '2026-01-01 04:05:33', '2026-01-01 00:05:12');
INSERT INTO `operation_log` (`user_id`, `module`, `operation`, `target_id`, `detail`, `user_agent`, `created_at`) VALUES (4, 'APPROVAL', 'APPROVE', '14eca772b86a4a0096743edfa6f72dc3', 'Approved node 3', 'Generated Script', '2026-01-01 06:29:06');
INSERT INTO `approval_node` (`approval_id`, `node_name`, `approver_id`, `node_order`, `status`, `comment`, `approved_at`, `created_at`) VALUES ('14eca772b86a4a0096743edfa6f72dc3', 'Node 3', 4, 3, 1, 'Approved', '2026-01-01 06:29:06', '2026-01-01 00:05:12');
INSERT INTO `approval_record` (`id`, `title`, `type_code`, `content`, `initiator_id`, `priority`, `status`, `current_node_order`, `workflow_id`, `created_at`, `completed_at`) VALUES ('e73351b9a51d4781b019b233a67a8f84', 'BUSINESS_TRIP - Generated', 'BUSINESS_TRIP', '{}', 13, 1, 3, 3, 4, '2025-10-23 02:31:47', '2025-10-23 02:46:33');
INSERT INTO `operation_log` (`user_id`, `module`, `operation`, `target_id`, `detail`, `user_agent`, `created_at`) VALUES (13, 'APPROVAL', 'SUBMIT', 'e73351b9a51d4781b019b233a67a8f84', 'Initiated Request', 'Generated Script', '2025-10-23 02:31:47');
INSERT INTO `operation_log` (`user_id`, `module`, `operation`, `target_id`, `detail`, `user_agent`, `created_at`) VALUES (2, 'APPROVAL', 'APPROVE', 'e73351b9a51d4781b019b233a67a8f84', 'Approved node 2', 'Generated Script', '2025-10-23 07:27:15');
INSERT INTO `approval_node` (`approval_id`, `node_name`, `approver_id`, `node_order`, `status`, `comment`, `approved_at`, `created_at`) VALUES ('e73351b9a51d4781b019b233a67a8f84', 'Node 2', 2, 2, 1, 'Approved', '2025-10-23 07:27:15', '2025-10-23 02:31:47');
INSERT INTO `operation_log` (`user_id`, `module`, `operation`, `target_id`, `detail`, `user_agent`, `created_at`) VALUES (1, 'APPROVAL', 'APPROVE', 'e73351b9a51d4781b019b233a67a8f84', 'Approved node 3', 'Generated Script', '2025-10-23 09:03:30');
INSERT INTO `approval_node` (`approval_id`, `node_name`, `approver_id`, `node_order`, `status`, `comment`, `approved_at`, `created_at`) VALUES ('e73351b9a51d4781b019b233a67a8f84', 'Node 3', 1, 3, 1, 'Approved', '2025-10-23 09:03:30', '2025-10-23 02:31:47');
INSERT INTO `approval_record` (`id`, `title`, `type_code`, `content`, `initiator_id`, `priority`, `status`, `current_node_order`, `workflow_id`, `created_at`, `completed_at`) VALUES ('607892130733470aa46bd0838a37c831', 'EXPENSE - Generated', 'EXPENSE', '{}', 14, 0, 3, 3, 2, '2025-12-31 09:07:23', '2026-01-01 16:58:23');
INSERT INTO `operation_log` (`user_id`, `module`, `operation`, `target_id`, `detail`, `user_agent`, `created_at`) VALUES (14, 'APPROVAL', 'SUBMIT', '607892130733470aa46bd0838a37c831', 'Initiated Request', 'Generated Script', '2025-12-31 09:07:23');
INSERT INTO `operation_log` (`user_id`, `module`, `operation`, `target_id`, `detail`, `user_agent`, `created_at`) VALUES (3, 'APPROVAL', 'APPROVE', '607892130733470aa46bd0838a37c831', 'Approved node 2', 'Generated Script', '2025-12-31 11:14:04');
INSERT INTO `approval_node` (`approval_id`, `node_name`, `approver_id`, `node_order`, `status`, `comment`, `approved_at`, `created_at`) VALUES ('607892130733470aa46bd0838a37c831', 'Node 2', 3, 2, 1, 'Approved', '2025-12-31 11:14:04', '2025-12-31 09:07:23');
INSERT INTO `operation_log` (`user_id`, `module`, `operation`, `target_id`, `detail`, `user_agent`, `created_at`) VALUES (5, 'APPROVAL', 'APPROVE', '607892130733470aa46bd0838a37c831', 'Approved node 3', 'Generated Script', '2025-12-31 11:59:29');
INSERT INTO `approval_node` (`approval_id`, `node_name`, `approver_id`, `node_order`, `status`, `comment`, `approved_at`, `created_at`) VALUES ('607892130733470aa46bd0838a37c831', 'Node 3', 5, 3, 1, 'Approved', '2025-12-31 11:59:29', '2025-12-31 09:07:23');
INSERT INTO `approval_record` (`id`, `title`, `type_code`, `content`, `initiator_id`, `priority`, `status`, `current_node_order`, `workflow_id`, `created_at`, `completed_at`) VALUES ('1e8d013d10864c9eb528801002608347', 'OVERTIME - Generated', 'OVERTIME', '{}', 11, 0, 3, 3, 5, '2026-01-13 22:31:22', '2026-01-16 19:06:46');
INSERT INTO `operation_log` (`user_id`, `module`, `operation`, `target_id`, `detail`, `user_agent`, `created_at`) VALUES (11, 'APPROVAL', 'SUBMIT', '1e8d013d10864c9eb528801002608347', 'Initiated Request', 'Generated Script', '2026-01-13 22:31:22');
INSERT INTO `operation_log` (`user_id`, `module`, `operation`, `target_id`, `detail`, `user_agent`, `created_at`) VALUES (5, 'APPROVAL', 'APPROVE', '1e8d013d10864c9eb528801002608347', 'Approved node 2', 'Generated Script', '2026-01-14 00:18:41');
INSERT INTO `approval_node` (`approval_id`, `node_name`, `approver_id`, `node_order`, `status`, `comment`, `approved_at`, `created_at`) VALUES ('1e8d013d10864c9eb528801002608347', 'Node 2', 5, 2, 1, 'Approved', '2026-01-14 00:18:41', '2026-01-13 22:31:22');
INSERT INTO `operation_log` (`user_id`, `module`, `operation`, `target_id`, `detail`, `user_agent`, `created_at`) VALUES (4, 'APPROVAL', 'APPROVE', '1e8d013d10864c9eb528801002608347', 'Approved node 3', 'Generated Script', '2026-01-14 01:00:42');
INSERT INTO `approval_node` (`approval_id`, `node_name`, `approver_id`, `node_order`, `status`, `comment`, `approved_at`, `created_at`) VALUES ('1e8d013d10864c9eb528801002608347', 'Node 3', 4, 3, 1, 'Approved', '2026-01-14 01:00:42', '2026-01-13 22:31:22');
INSERT INTO `approval_record` (`id`, `title`, `type_code`, `content`, `initiator_id`, `priority`, `status`, `current_node_order`, `workflow_id`, `created_at`, `completed_at`) VALUES ('dad9f619dc624a7ca4a557cf3f8c6e42', 'CONTRACT - Generated', 'CONTRACT', '{}', 1, 0, 3, 3, 6, '2025-12-31 10:58:55', '2026-01-02 21:18:20');
INSERT INTO `operation_log` (`user_id`, `module`, `operation`, `target_id`, `detail`, `user_agent`, `created_at`) VALUES (1, 'APPROVAL', 'SUBMIT', 'dad9f619dc624a7ca4a557cf3f8c6e42', 'Initiated Request', 'Generated Script', '2025-12-31 10:58:55');
INSERT INTO `operation_log` (`user_id`, `module`, `operation`, `target_id`, `detail`, `user_agent`, `created_at`) VALUES (4, 'APPROVAL', 'APPROVE', 'dad9f619dc624a7ca4a557cf3f8c6e42', 'Approved node 2', 'Generated Script', '2025-12-31 13:47:21');
INSERT INTO `approval_node` (`approval_id`, `node_name`, `approver_id`, `node_order`, `status`, `comment`, `approved_at`, `created_at`) VALUES ('dad9f619dc624a7ca4a557cf3f8c6e42', 'Node 2', 4, 2, 1, 'Approved', '2025-12-31 13:47:21', '2025-12-31 10:58:55');
INSERT INTO `operation_log` (`user_id`, `module`, `operation`, `target_id`, `detail`, `user_agent`, `created_at`) VALUES (2, 'APPROVAL', 'APPROVE', 'dad9f619dc624a7ca4a557cf3f8c6e42', 'Approved node 3', 'Generated Script', '2025-12-31 14:39:53');
INSERT INTO `approval_node` (`approval_id`, `node_name`, `approver_id`, `node_order`, `status`, `comment`, `approved_at`, `created_at`) VALUES ('dad9f619dc624a7ca4a557cf3f8c6e42', 'Node 3', 2, 3, 1, 'Approved', '2025-12-31 14:39:53', '2025-12-31 10:58:55');
INSERT INTO `approval_record` (`id`, `title`, `type_code`, `content`, `initiator_id`, `priority`, `status`, `current_node_order`, `workflow_id`, `created_at`, `completed_at`) VALUES ('5b6bed99401942e0ac93713a86a0b300', 'OVERTIME - Generated', 'OVERTIME', '{}', 8, 1, 3, 3, 5, '2025-12-22 03:12:21', '2025-12-22 19:24:25');
INSERT INTO `operation_log` (`user_id`, `module`, `operation`, `target_id`, `detail`, `user_agent`, `created_at`) VALUES (8, 'APPROVAL', 'SUBMIT', '5b6bed99401942e0ac93713a86a0b300', 'Initiated Request', 'Generated Script', '2025-12-22 03:12:21');
INSERT INTO `operation_log` (`user_id`, `module`, `operation`, `target_id`, `detail`, `user_agent`, `created_at`) VALUES (5, 'APPROVAL', 'APPROVE', '5b6bed99401942e0ac93713a86a0b300', 'Approved node 2', 'Generated Script', '2025-12-22 08:32:06');
INSERT INTO `approval_node` (`approval_id`, `node_name`, `approver_id`, `node_order`, `status`, `comment`, `approved_at`, `created_at`) VALUES ('5b6bed99401942e0ac93713a86a0b300', 'Node 2', 5, 2, 1, 'Approved', '2025-12-22 08:32:06', '2025-12-22 03:12:21');
INSERT INTO `operation_log` (`user_id`, `module`, `operation`, `target_id`, `detail`, `user_agent`, `created_at`) VALUES (1, 'APPROVAL', 'APPROVE', '5b6bed99401942e0ac93713a86a0b300', 'Approved node 3', 'Generated Script', '2025-12-22 09:25:58');
INSERT INTO `approval_node` (`approval_id`, `node_name`, `approver_id`, `node_order`, `status`, `comment`, `approved_at`, `created_at`) VALUES ('5b6bed99401942e0ac93713a86a0b300', 'Node 3', 1, 3, 1, 'Approved', '2025-12-22 09:25:58', '2025-12-22 03:12:21');
INSERT INTO `approval_record` (`id`, `title`, `type_code`, `content`, `initiator_id`, `priority`, `status`, `current_node_order`, `workflow_id`, `created_at`, `completed_at`) VALUES ('aac4192427f048c49ca672fd41ea0cef', 'LEAVE - Generated', 'LEAVE', '{}', 1, 1, 3, 3, 1, '2025-12-12 02:51:05', '2025-12-12 14:55:58');
INSERT INTO `operation_log` (`user_id`, `module`, `operation`, `target_id`, `detail`, `user_agent`, `created_at`) VALUES (1, 'APPROVAL', 'SUBMIT', 'aac4192427f048c49ca672fd41ea0cef', 'Initiated Request', 'Generated Script', '2025-12-12 02:51:05');
INSERT INTO `operation_log` (`user_id`, `module`, `operation`, `target_id`, `detail`, `user_agent`, `created_at`) VALUES (2, 'APPROVAL', 'APPROVE', 'aac4192427f048c49ca672fd41ea0cef', 'Approved node 2', 'Generated Script', '2025-12-12 07:28:17');
INSERT INTO `approval_node` (`approval_id`, `node_name`, `approver_id`, `node_order`, `status`, `comment`, `approved_at`, `created_at`) VALUES ('aac4192427f048c49ca672fd41ea0cef', 'Node 2', 2, 2, 1, 'Approved', '2025-12-12 07:28:17', '2025-12-12 02:51:05');
INSERT INTO `operation_log` (`user_id`, `module`, `operation`, `target_id`, `detail`, `user_agent`, `created_at`) VALUES (3, 'APPROVAL', 'APPROVE', 'aac4192427f048c49ca672fd41ea0cef', 'Approved node 3', 'Generated Script', '2025-12-12 08:21:57');
INSERT INTO `approval_node` (`approval_id`, `node_name`, `approver_id`, `node_order`, `status`, `comment`, `approved_at`, `created_at`) VALUES ('aac4192427f048c49ca672fd41ea0cef', 'Node 3', 3, 3, 1, 'Approved', '2025-12-12 08:21:57', '2025-12-12 02:51:05');
INSERT INTO `approval_record` (`id`, `title`, `type_code`, `content`, `initiator_id`, `priority`, `status`, `current_node_order`, `workflow_id`, `created_at`, `completed_at`) VALUES ('d0223786ad644874b01519a188f68163', 'PURCHASE - Generated', 'PURCHASE', '{}', 14, 1, 3, 3, 3, '2025-11-04 23:40:21', '2025-11-06 19:08:46');
INSERT INTO `operation_log` (`user_id`, `module`, `operation`, `target_id`, `detail`, `user_agent`, `created_at`) VALUES (14, 'APPROVAL', 'SUBMIT', 'd0223786ad644874b01519a188f68163', 'Initiated Request', 'Generated Script', '2025-11-04 23:40:21');
INSERT INTO `operation_log` (`user_id`, `module`, `operation`, `target_id`, `detail`, `user_agent`, `created_at`) VALUES (3, 'APPROVAL', 'APPROVE', 'd0223786ad644874b01519a188f68163', 'Approved node 2', 'Generated Script', '2025-11-05 03:55:29');
INSERT INTO `approval_node` (`approval_id`, `node_name`, `approver_id`, `node_order`, `status`, `comment`, `approved_at`, `created_at`) VALUES ('d0223786ad644874b01519a188f68163', 'Node 2', 3, 2, 1, 'Approved', '2025-11-05 03:55:29', '2025-11-04 23:40:21');
INSERT INTO `operation_log` (`user_id`, `module`, `operation`, `target_id`, `detail`, `user_agent`, `created_at`) VALUES (3, 'APPROVAL', 'APPROVE', 'd0223786ad644874b01519a188f68163', 'Approved node 3', 'Generated Script', '2025-11-05 07:27:26');
INSERT INTO `approval_node` (`approval_id`, `node_name`, `approver_id`, `node_order`, `status`, `comment`, `approved_at`, `created_at`) VALUES ('d0223786ad644874b01519a188f68163', 'Node 3', 3, 3, 1, 'Approved', '2025-11-05 07:27:26', '2025-11-04 23:40:21');
INSERT INTO `approval_record` (`id`, `title`, `type_code`, `content`, `initiator_id`, `priority`, `status`, `current_node_order`, `workflow_id`, `created_at`, `completed_at`) VALUES ('422a7fb471d14b3cacbd90e7d0b98184', 'EXPENSE - Generated', 'EXPENSE', '{}', 6, 2, 2, 2, 2, '2025-11-01 22:37:44', NULL);
INSERT INTO `operation_log` (`user_id`, `module`, `operation`, `target_id`, `detail`, `user_agent`, `created_at`) VALUES (6, 'APPROVAL', 'SUBMIT', '422a7fb471d14b3cacbd90e7d0b98184', 'Initiated Request', 'Generated Script', '2025-11-01 22:37:44');
INSERT INTO `operation_log` (`user_id`, `module`, `operation`, `target_id`, `detail`, `user_agent`, `created_at`) VALUES (4, 'APPROVAL', 'APPROVE', '422a7fb471d14b3cacbd90e7d0b98184', 'Approved node 2', 'Generated Script', '2025-11-02 01:56:43');
INSERT INTO `approval_node` (`approval_id`, `node_name`, `approver_id`, `node_order`, `status`, `comment`, `approved_at`, `created_at`) VALUES ('422a7fb471d14b3cacbd90e7d0b98184', 'Node 2', 4, 2, 1, 'Approved', '2025-11-02 01:56:43', '2025-11-01 22:37:44');
INSERT INTO `approval_record` (`id`, `title`, `type_code`, `content`, `initiator_id`, `priority`, `status`, `current_node_order`, `workflow_id`, `created_at`, `completed_at`) VALUES ('9d2c6b6f91684331b937a0f393318364', 'PURCHASE - Generated', 'PURCHASE', '{}', 14, 2, 3, 3, 3, '2026-01-07 02:06:19', '2026-01-09 04:05:43');
INSERT INTO `operation_log` (`user_id`, `module`, `operation`, `target_id`, `detail`, `user_agent`, `created_at`) VALUES (14, 'APPROVAL', 'SUBMIT', '9d2c6b6f91684331b937a0f393318364', 'Initiated Request', 'Generated Script', '2026-01-07 02:06:19');
INSERT INTO `operation_log` (`user_id`, `module`, `operation`, `target_id`, `detail`, `user_agent`, `created_at`) VALUES (4, 'APPROVAL', 'APPROVE', '9d2c6b6f91684331b937a0f393318364', 'Approved node 2', 'Generated Script', '2026-01-07 08:32:49');
INSERT INTO `approval_node` (`approval_id`, `node_name`, `approver_id`, `node_order`, `status`, `comment`, `approved_at`, `created_at`) VALUES ('9d2c6b6f91684331b937a0f393318364', 'Node 2', 4, 2, 1, 'Approved', '2026-01-07 08:32:49', '2026-01-07 02:06:19');
INSERT INTO `operation_log` (`user_id`, `module`, `operation`, `target_id`, `detail`, `user_agent`, `created_at`) VALUES (5, 'APPROVAL', 'APPROVE', '9d2c6b6f91684331b937a0f393318364', 'Approved node 3', 'Generated Script', '2026-01-07 12:00:35');
INSERT INTO `approval_node` (`approval_id`, `node_name`, `approver_id`, `node_order`, `status`, `comment`, `approved_at`, `created_at`) VALUES ('9d2c6b6f91684331b937a0f393318364', 'Node 3', 5, 3, 1, 'Approved', '2026-01-07 12:00:35', '2026-01-07 02:06:19');
INSERT INTO `approval_record` (`id`, `title`, `type_code`, `content`, `initiator_id`, `priority`, `status`, `current_node_order`, `workflow_id`, `created_at`, `completed_at`) VALUES ('ed5cf53948604fc9833d35f6e13a484b', 'OVERTIME - Generated', 'OVERTIME', '{}', 6, 2, 3, 3, 5, '2025-11-24 04:35:02', '2025-11-25 13:38:02');
INSERT INTO `operation_log` (`user_id`, `module`, `operation`, `target_id`, `detail`, `user_agent`, `created_at`) VALUES (6, 'APPROVAL', 'SUBMIT', 'ed5cf53948604fc9833d35f6e13a484b', 'Initiated Request', 'Generated Script', '2025-11-24 04:35:02');
INSERT INTO `operation_log` (`user_id`, `module`, `operation`, `target_id`, `detail`, `user_agent`, `created_at`) VALUES (1, 'APPROVAL', 'APPROVE', 'ed5cf53948604fc9833d35f6e13a484b', 'Approved node 2', 'Generated Script', '2025-11-24 07:56:39');
INSERT INTO `approval_node` (`approval_id`, `node_name`, `approver_id`, `node_order`, `status`, `comment`, `approved_at`, `created_at`) VALUES ('ed5cf53948604fc9833d35f6e13a484b', 'Node 2', 1, 2, 1, 'Approved', '2025-11-24 07:56:39', '2025-11-24 04:35:02');
INSERT INTO `operation_log` (`user_id`, `module`, `operation`, `target_id`, `detail`, `user_agent`, `created_at`) VALUES (4, 'APPROVAL', 'APPROVE', 'ed5cf53948604fc9833d35f6e13a484b', 'Approved node 3', 'Generated Script', '2025-11-24 11:23:42');
INSERT INTO `approval_node` (`approval_id`, `node_name`, `approver_id`, `node_order`, `status`, `comment`, `approved_at`, `created_at`) VALUES ('ed5cf53948604fc9833d35f6e13a484b', 'Node 3', 4, 3, 1, 'Approved', '2025-11-24 11:23:42', '2025-11-24 04:35:02');
INSERT INTO `approval_record` (`id`, `title`, `type_code`, `content`, `initiator_id`, `priority`, `status`, `current_node_order`, `workflow_id`, `created_at`, `completed_at`) VALUES ('a47e9826ef1540c98fab7bf6485abfe1', 'EXPENSE - Generated', 'EXPENSE', '{}', 8, 1, 2, 2, 2, '2025-12-07 02:42:07', NULL);
INSERT INTO `operation_log` (`user_id`, `module`, `operation`, `target_id`, `detail`, `user_agent`, `created_at`) VALUES (8, 'APPROVAL', 'SUBMIT', 'a47e9826ef1540c98fab7bf6485abfe1', 'Initiated Request', 'Generated Script', '2025-12-07 02:42:07');
INSERT INTO `operation_log` (`user_id`, `module`, `operation`, `target_id`, `detail`, `user_agent`, `created_at`) VALUES (2, 'APPROVAL', 'APPROVE', 'a47e9826ef1540c98fab7bf6485abfe1', 'Approved node 2', 'Generated Script', '2025-12-07 07:22:34');
INSERT INTO `approval_node` (`approval_id`, `node_name`, `approver_id`, `node_order`, `status`, `comment`, `approved_at`, `created_at`) VALUES ('a47e9826ef1540c98fab7bf6485abfe1', 'Node 2', 2, 2, 1, 'Approved', '2025-12-07 07:22:34', '2025-12-07 02:42:07');
INSERT INTO `approval_record` (`id`, `title`, `type_code`, `content`, `initiator_id`, `priority`, `status`, `current_node_order`, `workflow_id`, `created_at`, `completed_at`) VALUES ('e2b2c169fb47424797fed7bde2956fc7', 'LEAVE - Generated', 'LEAVE', '{}', 17, 2, 2, 2, 1, '2025-11-28 00:48:16', NULL);
INSERT INTO `operation_log` (`user_id`, `module`, `operation`, `target_id`, `detail`, `user_agent`, `created_at`) VALUES (17, 'APPROVAL', 'SUBMIT', 'e2b2c169fb47424797fed7bde2956fc7', 'Initiated Request', 'Generated Script', '2025-11-28 00:48:16');
INSERT INTO `operation_log` (`user_id`, `module`, `operation`, `target_id`, `detail`, `user_agent`, `created_at`) VALUES (4, 'APPROVAL', 'APPROVE', 'e2b2c169fb47424797fed7bde2956fc7', 'Approved node 2', 'Generated Script', '2025-11-28 07:29:38');
INSERT INTO `approval_node` (`approval_id`, `node_name`, `approver_id`, `node_order`, `status`, `comment`, `approved_at`, `created_at`) VALUES ('e2b2c169fb47424797fed7bde2956fc7', 'Node 2', 4, 2, 1, 'Approved', '2025-11-28 07:29:38', '2025-11-28 00:48:16');
INSERT INTO `approval_record` (`id`, `title`, `type_code`, `content`, `initiator_id`, `priority`, `status`, `current_node_order`, `workflow_id`, `created_at`, `completed_at`) VALUES ('85047517a9a349dc8b787d644e831b85', 'OVERTIME - Generated', 'OVERTIME', '{}', 6, 2, 3, 3, 5, '2025-11-01 10:56:28', '2025-11-02 21:31:11');
INSERT INTO `operation_log` (`user_id`, `module`, `operation`, `target_id`, `detail`, `user_agent`, `created_at`) VALUES (6, 'APPROVAL', 'SUBMIT', '85047517a9a349dc8b787d644e831b85', 'Initiated Request', 'Generated Script', '2025-11-01 10:56:28');
INSERT INTO `operation_log` (`user_id`, `module`, `operation`, `target_id`, `detail`, `user_agent`, `created_at`) VALUES (5, 'APPROVAL', 'APPROVE', '85047517a9a349dc8b787d644e831b85', 'Approved node 2', 'Generated Script', '2025-11-01 17:25:35');
INSERT INTO `approval_node` (`approval_id`, `node_name`, `approver_id`, `node_order`, `status`, `comment`, `approved_at`, `created_at`) VALUES ('85047517a9a349dc8b787d644e831b85', 'Node 2', 5, 2, 1, 'Approved', '2025-11-01 17:25:35', '2025-11-01 10:56:28');
INSERT INTO `operation_log` (`user_id`, `module`, `operation`, `target_id`, `detail`, `user_agent`, `created_at`) VALUES (5, 'APPROVAL', 'APPROVE', '85047517a9a349dc8b787d644e831b85', 'Approved node 3', 'Generated Script', '2025-11-01 18:34:28');
INSERT INTO `approval_node` (`approval_id`, `node_name`, `approver_id`, `node_order`, `status`, `comment`, `approved_at`, `created_at`) VALUES ('85047517a9a349dc8b787d644e831b85', 'Node 3', 5, 3, 1, 'Approved', '2025-11-01 18:34:28', '2025-11-01 10:56:28');
INSERT INTO `approval_record` (`id`, `title`, `type_code`, `content`, `initiator_id`, `priority`, `status`, `current_node_order`, `workflow_id`, `created_at`, `completed_at`) VALUES ('157e3a3ed2e8478886eccf507f85b3ff', 'CONTRACT - Generated', 'CONTRACT', '{}', 3, 0, 3, 3, 6, '2025-10-28 02:07:50', '2025-10-28 20:52:06');
INSERT INTO `operation_log` (`user_id`, `module`, `operation`, `target_id`, `detail`, `user_agent`, `created_at`) VALUES (3, 'APPROVAL', 'SUBMIT', '157e3a3ed2e8478886eccf507f85b3ff', 'Initiated Request', 'Generated Script', '2025-10-28 02:07:50');
INSERT INTO `operation_log` (`user_id`, `module`, `operation`, `target_id`, `detail`, `user_agent`, `created_at`) VALUES (3, 'APPROVAL', 'APPROVE', '157e3a3ed2e8478886eccf507f85b3ff', 'Approved node 2', 'Generated Script', '2025-10-28 05:11:27');
INSERT INTO `approval_node` (`approval_id`, `node_name`, `approver_id`, `node_order`, `status`, `comment`, `approved_at`, `created_at`) VALUES ('157e3a3ed2e8478886eccf507f85b3ff', 'Node 2', 3, 2, 1, 'Approved', '2025-10-28 05:11:27', '2025-10-28 02:07:50');
INSERT INTO `operation_log` (`user_id`, `module`, `operation`, `target_id`, `detail`, `user_agent`, `created_at`) VALUES (4, 'APPROVAL', 'APPROVE', '157e3a3ed2e8478886eccf507f85b3ff', 'Approved node 3', 'Generated Script', '2025-10-28 09:02:46');
INSERT INTO `approval_node` (`approval_id`, `node_name`, `approver_id`, `node_order`, `status`, `comment`, `approved_at`, `created_at`) VALUES ('157e3a3ed2e8478886eccf507f85b3ff', 'Node 3', 4, 3, 1, 'Approved', '2025-10-28 09:02:46', '2025-10-28 02:07:50');
INSERT INTO `approval_record` (`id`, `title`, `type_code`, `content`, `initiator_id`, `priority`, `status`, `current_node_order`, `workflow_id`, `created_at`, `completed_at`) VALUES ('35e7c42a9f154b3c977bfef6c6d78be1', 'BUSINESS_TRIP - Generated', 'BUSINESS_TRIP', '{}', 15, 1, 3, 3, 4, '2025-12-27 19:28:43', '2025-12-30 04:02:38');
INSERT INTO `operation_log` (`user_id`, `module`, `operation`, `target_id`, `detail`, `user_agent`, `created_at`) VALUES (15, 'APPROVAL', 'SUBMIT', '35e7c42a9f154b3c977bfef6c6d78be1', 'Initiated Request', 'Generated Script', '2025-12-27 19:28:43');
INSERT INTO `operation_log` (`user_id`, `module`, `operation`, `target_id`, `detail`, `user_agent`, `created_at`) VALUES (3, 'APPROVAL', 'APPROVE', '35e7c42a9f154b3c977bfef6c6d78be1', 'Approved node 2', 'Generated Script', '2025-12-27 21:44:45');
INSERT INTO `approval_node` (`approval_id`, `node_name`, `approver_id`, `node_order`, `status`, `comment`, `approved_at`, `created_at`) VALUES ('35e7c42a9f154b3c977bfef6c6d78be1', 'Node 2', 3, 2, 1, 'Approved', '2025-12-27 21:44:45', '2025-12-27 19:28:43');
INSERT INTO `operation_log` (`user_id`, `module`, `operation`, `target_id`, `detail`, `user_agent`, `created_at`) VALUES (4, 'APPROVAL', 'APPROVE', '35e7c42a9f154b3c977bfef6c6d78be1', 'Approved node 3', 'Generated Script', '2025-12-27 23:42:02');
INSERT INTO `approval_node` (`approval_id`, `node_name`, `approver_id`, `node_order`, `status`, `comment`, `approved_at`, `created_at`) VALUES ('35e7c42a9f154b3c977bfef6c6d78be1', 'Node 3', 4, 3, 1, 'Approved', '2025-12-27 23:42:02', '2025-12-27 19:28:43');
INSERT INTO `approval_record` (`id`, `title`, `type_code`, `content`, `initiator_id`, `priority`, `status`, `current_node_order`, `workflow_id`, `created_at`, `completed_at`) VALUES ('b43891ab7c964e3d83da3e2719921fe1', 'CONTRACT - Generated', 'CONTRACT', '{}', 4, 2, 3, 3, 6, '2026-01-14 11:49:24', '2026-01-15 12:09:13');
INSERT INTO `operation_log` (`user_id`, `module`, `operation`, `target_id`, `detail`, `user_agent`, `created_at`) VALUES (4, 'APPROVAL', 'SUBMIT', 'b43891ab7c964e3d83da3e2719921fe1', 'Initiated Request', 'Generated Script', '2026-01-14 11:49:24');
INSERT INTO `operation_log` (`user_id`, `module`, `operation`, `target_id`, `detail`, `user_agent`, `created_at`) VALUES (2, 'APPROVAL', 'APPROVE', 'b43891ab7c964e3d83da3e2719921fe1', 'Approved node 2', 'Generated Script', '2026-01-14 13:58:51');
INSERT INTO `approval_node` (`approval_id`, `node_name`, `approver_id`, `node_order`, `status`, `comment`, `approved_at`, `created_at`) VALUES ('b43891ab7c964e3d83da3e2719921fe1', 'Node 2', 2, 2, 1, 'Approved', '2026-01-14 13:58:51', '2026-01-14 11:49:24');
INSERT INTO `operation_log` (`user_id`, `module`, `operation`, `target_id`, `detail`, `user_agent`, `created_at`) VALUES (4, 'APPROVAL', 'APPROVE', 'b43891ab7c964e3d83da3e2719921fe1', 'Approved node 3', 'Generated Script', '2026-01-14 14:38:10');
INSERT INTO `approval_node` (`approval_id`, `node_name`, `approver_id`, `node_order`, `status`, `comment`, `approved_at`, `created_at`) VALUES ('b43891ab7c964e3d83da3e2719921fe1', 'Node 3', 4, 3, 1, 'Approved', '2026-01-14 14:38:10', '2026-01-14 11:49:24');
INSERT INTO `approval_record` (`id`, `title`, `type_code`, `content`, `initiator_id`, `priority`, `status`, `current_node_order`, `workflow_id`, `created_at`, `completed_at`) VALUES ('c21f137bd2434a99b70b20dd07472026', 'CONTRACT - Generated', 'CONTRACT', '{}', 8, 1, 3, 3, 6, '2025-12-21 09:16:02', '2025-12-23 00:18:31');
INSERT INTO `operation_log` (`user_id`, `module`, `operation`, `target_id`, `detail`, `user_agent`, `created_at`) VALUES (8, 'APPROVAL', 'SUBMIT', 'c21f137bd2434a99b70b20dd07472026', 'Initiated Request', 'Generated Script', '2025-12-21 09:16:02');
INSERT INTO `operation_log` (`user_id`, `module`, `operation`, `target_id`, `detail`, `user_agent`, `created_at`) VALUES (1, 'APPROVAL', 'APPROVE', 'c21f137bd2434a99b70b20dd07472026', 'Approved node 2', 'Generated Script', '2025-12-21 14:52:03');
INSERT INTO `approval_node` (`approval_id`, `node_name`, `approver_id`, `node_order`, `status`, `comment`, `approved_at`, `created_at`) VALUES ('c21f137bd2434a99b70b20dd07472026', 'Node 2', 1, 2, 1, 'Approved', '2025-12-21 14:52:03', '2025-12-21 09:16:02');
INSERT INTO `operation_log` (`user_id`, `module`, `operation`, `target_id`, `detail`, `user_agent`, `created_at`) VALUES (3, 'APPROVAL', 'APPROVE', 'c21f137bd2434a99b70b20dd07472026', 'Approved node 3', 'Generated Script', '2025-12-21 16:44:02');
INSERT INTO `approval_node` (`approval_id`, `node_name`, `approver_id`, `node_order`, `status`, `comment`, `approved_at`, `created_at`) VALUES ('c21f137bd2434a99b70b20dd07472026', 'Node 3', 3, 3, 1, 'Approved', '2025-12-21 16:44:02', '2025-12-21 09:16:02');
INSERT INTO `approval_record` (`id`, `title`, `type_code`, `content`, `initiator_id`, `priority`, `status`, `current_node_order`, `workflow_id`, `created_at`, `completed_at`) VALUES ('596e87bba3714d138dccaf05de9251da', 'PURCHASE - Generated', 'PURCHASE', '{}', 1, 0, 1, 1, 3, '2025-11-03 16:56:22', NULL);
INSERT INTO `operation_log` (`user_id`, `module`, `operation`, `target_id`, `detail`, `user_agent`, `created_at`) VALUES (1, 'APPROVAL', 'SUBMIT', '596e87bba3714d138dccaf05de9251da', 'Initiated Request', 'Generated Script', '2025-11-03 16:56:22');
INSERT INTO `approval_record` (`id`, `title`, `type_code`, `content`, `initiator_id`, `priority`, `status`, `current_node_order`, `workflow_id`, `created_at`, `completed_at`) VALUES ('6f60d30b237b4f7a8d5301559710fa32', 'BUSINESS_TRIP - Generated', 'BUSINESS_TRIP', '{}', 1, 0, 3, 3, 4, '2025-12-18 11:29:41', '2025-12-18 15:45:18');
INSERT INTO `operation_log` (`user_id`, `module`, `operation`, `target_id`, `detail`, `user_agent`, `created_at`) VALUES (1, 'APPROVAL', 'SUBMIT', '6f60d30b237b4f7a8d5301559710fa32', 'Initiated Request', 'Generated Script', '2025-12-18 11:29:41');
INSERT INTO `operation_log` (`user_id`, `module`, `operation`, `target_id`, `detail`, `user_agent`, `created_at`) VALUES (3, 'APPROVAL', 'APPROVE', '6f60d30b237b4f7a8d5301559710fa32', 'Approved node 2', 'Generated Script', '2025-12-18 17:14:17');
INSERT INTO `approval_node` (`approval_id`, `node_name`, `approver_id`, `node_order`, `status`, `comment`, `approved_at`, `created_at`) VALUES ('6f60d30b237b4f7a8d5301559710fa32', 'Node 2', 3, 2, 1, 'Approved', '2025-12-18 17:14:17', '2025-12-18 11:29:41');
INSERT INTO `operation_log` (`user_id`, `module`, `operation`, `target_id`, `detail`, `user_agent`, `created_at`) VALUES (4, 'APPROVAL', 'APPROVE', '6f60d30b237b4f7a8d5301559710fa32', 'Approved node 3', 'Generated Script', '2025-12-18 18:15:27');
INSERT INTO `approval_node` (`approval_id`, `node_name`, `approver_id`, `node_order`, `status`, `comment`, `approved_at`, `created_at`) VALUES ('6f60d30b237b4f7a8d5301559710fa32', 'Node 3', 4, 3, 1, 'Approved', '2025-12-18 18:15:27', '2025-12-18 11:29:41');
INSERT INTO `approval_record` (`id`, `title`, `type_code`, `content`, `initiator_id`, `priority`, `status`, `current_node_order`, `workflow_id`, `created_at`, `completed_at`) VALUES ('d6a8a85b6ad648f0afb965a7bc30cda6', 'CONTRACT - Generated', 'CONTRACT', '{}', 14, 1, 1, 1, 6, '2026-01-06 16:18:51', NULL);
INSERT INTO `operation_log` (`user_id`, `module`, `operation`, `target_id`, `detail`, `user_agent`, `created_at`) VALUES (14, 'APPROVAL', 'SUBMIT', 'd6a8a85b6ad648f0afb965a7bc30cda6', 'Initiated Request', 'Generated Script', '2026-01-06 16:18:51');
INSERT INTO `approval_record` (`id`, `title`, `type_code`, `content`, `initiator_id`, `priority`, `status`, `current_node_order`, `workflow_id`, `created_at`, `completed_at`) VALUES ('ce7b345cdd2f47a6be61b870b25f8824', 'OVERTIME - Generated', 'OVERTIME', '{}', 13, 0, 2, 2, 5, '2025-12-06 15:55:53', NULL);
INSERT INTO `operation_log` (`user_id`, `module`, `operation`, `target_id`, `detail`, `user_agent`, `created_at`) VALUES (13, 'APPROVAL', 'SUBMIT', 'ce7b345cdd2f47a6be61b870b25f8824', 'Initiated Request', 'Generated Script', '2025-12-06 15:55:53');
INSERT INTO `operation_log` (`user_id`, `module`, `operation`, `target_id`, `detail`, `user_agent`, `created_at`) VALUES (3, 'APPROVAL', 'APPROVE', 'ce7b345cdd2f47a6be61b870b25f8824', 'Approved node 2', 'Generated Script', '2025-12-06 19:49:49');
INSERT INTO `approval_node` (`approval_id`, `node_name`, `approver_id`, `node_order`, `status`, `comment`, `approved_at`, `created_at`) VALUES ('ce7b345cdd2f47a6be61b870b25f8824', 'Node 2', 3, 2, 1, 'Approved', '2025-12-06 19:49:49', '2025-12-06 15:55:53');
INSERT INTO `approval_record` (`id`, `title`, `type_code`, `content`, `initiator_id`, `priority`, `status`, `current_node_order`, `workflow_id`, `created_at`, `completed_at`) VALUES ('9076baa9527d4c02a826cb8e2d5c2f08', 'BUSINESS_TRIP - Generated', 'BUSINESS_TRIP', '{}', 12, 0, 3, 3, 4, '2025-12-12 17:54:14', '2025-12-12 23:41:43');
INSERT INTO `operation_log` (`user_id`, `module`, `operation`, `target_id`, `detail`, `user_agent`, `created_at`) VALUES (12, 'APPROVAL', 'SUBMIT', '9076baa9527d4c02a826cb8e2d5c2f08', 'Initiated Request', 'Generated Script', '2025-12-12 17:54:14');
INSERT INTO `operation_log` (`user_id`, `module`, `operation`, `target_id`, `detail`, `user_agent`, `created_at`) VALUES (4, 'APPROVAL', 'APPROVE', '9076baa9527d4c02a826cb8e2d5c2f08', 'Approved node 2', 'Generated Script', '2025-12-12 23:05:22');
INSERT INTO `approval_node` (`approval_id`, `node_name`, `approver_id`, `node_order`, `status`, `comment`, `approved_at`, `created_at`) VALUES ('9076baa9527d4c02a826cb8e2d5c2f08', 'Node 2', 4, 2, 1, 'Approved', '2025-12-12 23:05:22', '2025-12-12 17:54:14');
INSERT INTO `operation_log` (`user_id`, `module`, `operation`, `target_id`, `detail`, `user_agent`, `created_at`) VALUES (3, 'APPROVAL', 'APPROVE', '9076baa9527d4c02a826cb8e2d5c2f08', 'Approved node 3', 'Generated Script', '2025-12-13 02:23:05');
INSERT INTO `approval_node` (`approval_id`, `node_name`, `approver_id`, `node_order`, `status`, `comment`, `approved_at`, `created_at`) VALUES ('9076baa9527d4c02a826cb8e2d5c2f08', 'Node 3', 3, 3, 1, 'Approved', '2025-12-13 02:23:05', '2025-12-12 17:54:14');
INSERT INTO `approval_record` (`id`, `title`, `type_code`, `content`, `initiator_id`, `priority`, `status`, `current_node_order`, `workflow_id`, `created_at`, `completed_at`) VALUES ('b26da52bcc6d49bbaa99c1e438db7c82', 'OVERTIME - Generated', 'OVERTIME', '{}', 4, 1, 4, 3, 5, '2025-10-27 22:44:42', '2025-10-29 14:44:58');
INSERT INTO `operation_log` (`user_id`, `module`, `operation`, `target_id`, `detail`, `user_agent`, `created_at`) VALUES (4, 'APPROVAL', 'SUBMIT', 'b26da52bcc6d49bbaa99c1e438db7c82', 'Initiated Request', 'Generated Script', '2025-10-27 22:44:42');
INSERT INTO `operation_log` (`user_id`, `module`, `operation`, `target_id`, `detail`, `user_agent`, `created_at`) VALUES (5, 'APPROVAL', 'APPROVE', 'b26da52bcc6d49bbaa99c1e438db7c82', 'Approved node 2', 'Generated Script', '2025-10-28 04:09:30');
INSERT INTO `approval_node` (`approval_id`, `node_name`, `approver_id`, `node_order`, `status`, `comment`, `approved_at`, `created_at`) VALUES ('b26da52bcc6d49bbaa99c1e438db7c82', 'Node 2', 5, 2, 1, 'Approved', '2025-10-28 04:09:30', '2025-10-27 22:44:42');
INSERT INTO `operation_log` (`user_id`, `module`, `operation`, `target_id`, `detail`, `user_agent`, `created_at`) VALUES (4, 'APPROVAL', 'REJECT', 'b26da52bcc6d49bbaa99c1e438db7c82', 'Rejected node 3', 'Generated Script', '2025-10-28 08:05:28');
INSERT INTO `approval_node` (`approval_id`, `node_name`, `approver_id`, `node_order`, `status`, `comment`, `approved_at`, `created_at`) VALUES ('b26da52bcc6d49bbaa99c1e438db7c82', 'Node 3', 4, 3, 2, 'Rejected', '2025-10-28 08:05:28', '2025-10-27 22:44:42');
INSERT INTO `approval_record` (`id`, `title`, `type_code`, `content`, `initiator_id`, `priority`, `status`, `current_node_order`, `workflow_id`, `created_at`, `completed_at`) VALUES ('a92786b0d3594e5b8b4fd9a7c5f4d332', 'CONTRACT - Generated', 'CONTRACT', '{}', 18, 0, 3, 3, 6, '2025-11-01 21:04:32', '2025-11-03 12:02:56');
INSERT INTO `operation_log` (`user_id`, `module`, `operation`, `target_id`, `detail`, `user_agent`, `created_at`) VALUES (18, 'APPROVAL', 'SUBMIT', 'a92786b0d3594e5b8b4fd9a7c5f4d332', 'Initiated Request', 'Generated Script', '2025-11-01 21:04:32');
INSERT INTO `operation_log` (`user_id`, `module`, `operation`, `target_id`, `detail`, `user_agent`, `created_at`) VALUES (2, 'APPROVAL', 'APPROVE', 'a92786b0d3594e5b8b4fd9a7c5f4d332', 'Approved node 2', 'Generated Script', '2025-11-02 02:45:44');
INSERT INTO `approval_node` (`approval_id`, `node_name`, `approver_id`, `node_order`, `status`, `comment`, `approved_at`, `created_at`) VALUES ('a92786b0d3594e5b8b4fd9a7c5f4d332', 'Node 2', 2, 2, 1, 'Approved', '2025-11-02 02:45:44', '2025-11-01 21:04:32');
INSERT INTO `operation_log` (`user_id`, `module`, `operation`, `target_id`, `detail`, `user_agent`, `created_at`) VALUES (5, 'APPROVAL', 'APPROVE', 'a92786b0d3594e5b8b4fd9a7c5f4d332', 'Approved node 3', 'Generated Script', '2025-11-02 06:24:22');
INSERT INTO `approval_node` (`approval_id`, `node_name`, `approver_id`, `node_order`, `status`, `comment`, `approved_at`, `created_at`) VALUES ('a92786b0d3594e5b8b4fd9a7c5f4d332', 'Node 3', 5, 3, 1, 'Approved', '2025-11-02 06:24:22', '2025-11-01 21:04:32');
INSERT INTO `approval_record` (`id`, `title`, `type_code`, `content`, `initiator_id`, `priority`, `status`, `current_node_order`, `workflow_id`, `created_at`, `completed_at`) VALUES ('4636c13a2d6146a5b56121749d397487', 'LEAVE - Generated', 'LEAVE', '{}', 3, 1, 4, 3, 1, '2025-12-26 09:23:39', '2025-12-28 14:27:47');
INSERT INTO `operation_log` (`user_id`, `module`, `operation`, `target_id`, `detail`, `user_agent`, `created_at`) VALUES (3, 'APPROVAL', 'SUBMIT', '4636c13a2d6146a5b56121749d397487', 'Initiated Request', 'Generated Script', '2025-12-26 09:23:39');
INSERT INTO `operation_log` (`user_id`, `module`, `operation`, `target_id`, `detail`, `user_agent`, `created_at`) VALUES (1, 'APPROVAL', 'APPROVE', '4636c13a2d6146a5b56121749d397487', 'Approved node 2', 'Generated Script', '2025-12-26 14:42:07');
INSERT INTO `approval_node` (`approval_id`, `node_name`, `approver_id`, `node_order`, `status`, `comment`, `approved_at`, `created_at`) VALUES ('4636c13a2d6146a5b56121749d397487', 'Node 2', 1, 2, 1, 'Approved', '2025-12-26 14:42:07', '2025-12-26 09:23:39');
INSERT INTO `operation_log` (`user_id`, `module`, `operation`, `target_id`, `detail`, `user_agent`, `created_at`) VALUES (1, 'APPROVAL', 'REJECT', '4636c13a2d6146a5b56121749d397487', 'Rejected node 3', 'Generated Script', '2025-12-26 18:36:07');
INSERT INTO `approval_node` (`approval_id`, `node_name`, `approver_id`, `node_order`, `status`, `comment`, `approved_at`, `created_at`) VALUES ('4636c13a2d6146a5b56121749d397487', 'Node 3', 1, 3, 2, 'Rejected', '2025-12-26 18:36:07', '2025-12-26 09:23:39');
INSERT INTO `approval_record` (`id`, `title`, `type_code`, `content`, `initiator_id`, `priority`, `status`, `current_node_order`, `workflow_id`, `created_at`, `completed_at`) VALUES ('50c3392ee14b47cea061e5f4c6d13eca', 'OVERTIME - Generated', 'OVERTIME', '{}', 15, 0, 3, 3, 5, '2025-11-29 05:10:45', '2025-12-02 02:31:41');
INSERT INTO `operation_log` (`user_id`, `module`, `operation`, `target_id`, `detail`, `user_agent`, `created_at`) VALUES (15, 'APPROVAL', 'SUBMIT', '50c3392ee14b47cea061e5f4c6d13eca', 'Initiated Request', 'Generated Script', '2025-11-29 05:10:45');
INSERT INTO `operation_log` (`user_id`, `module`, `operation`, `target_id`, `detail`, `user_agent`, `created_at`) VALUES (1, 'APPROVAL', 'APPROVE', '50c3392ee14b47cea061e5f4c6d13eca', 'Approved node 2', 'Generated Script', '2025-11-29 11:30:09');
INSERT INTO `approval_node` (`approval_id`, `node_name`, `approver_id`, `node_order`, `status`, `comment`, `approved_at`, `created_at`) VALUES ('50c3392ee14b47cea061e5f4c6d13eca', 'Node 2', 1, 2, 1, 'Approved', '2025-11-29 11:30:09', '2025-11-29 05:10:45');
INSERT INTO `operation_log` (`user_id`, `module`, `operation`, `target_id`, `detail`, `user_agent`, `created_at`) VALUES (4, 'APPROVAL', 'APPROVE', '50c3392ee14b47cea061e5f4c6d13eca', 'Approved node 3', 'Generated Script', '2025-11-29 13:54:29');
INSERT INTO `approval_node` (`approval_id`, `node_name`, `approver_id`, `node_order`, `status`, `comment`, `approved_at`, `created_at`) VALUES ('50c3392ee14b47cea061e5f4c6d13eca', 'Node 3', 4, 3, 1, 'Approved', '2025-11-29 13:54:29', '2025-11-29 05:10:45');
INSERT INTO `approval_record` (`id`, `title`, `type_code`, `content`, `initiator_id`, `priority`, `status`, `current_node_order`, `workflow_id`, `created_at`, `completed_at`) VALUES ('6c2ce201f1af45689cdef720b885c788', 'PURCHASE - Generated', 'PURCHASE', '{}', 11, 1, 1, 1, 3, '2025-10-30 20:36:57', NULL);
INSERT INTO `operation_log` (`user_id`, `module`, `operation`, `target_id`, `detail`, `user_agent`, `created_at`) VALUES (11, 'APPROVAL', 'SUBMIT', '6c2ce201f1af45689cdef720b885c788', 'Initiated Request', 'Generated Script', '2025-10-30 20:36:57');
INSERT INTO `approval_record` (`id`, `title`, `type_code`, `content`, `initiator_id`, `priority`, `status`, `current_node_order`, `workflow_id`, `created_at`, `completed_at`) VALUES ('155cb30cb7d0485ba662c40a306082ea', 'OVERTIME - Generated', 'OVERTIME', '{}', 2, 1, 3, 3, 5, '2025-11-02 20:32:37', '2025-11-03 06:29:25');
INSERT INTO `operation_log` (`user_id`, `module`, `operation`, `target_id`, `detail`, `user_agent`, `created_at`) VALUES (2, 'APPROVAL', 'SUBMIT', '155cb30cb7d0485ba662c40a306082ea', 'Initiated Request', 'Generated Script', '2025-11-02 20:32:37');
INSERT INTO `operation_log` (`user_id`, `module`, `operation`, `target_id`, `detail`, `user_agent`, `created_at`) VALUES (5, 'APPROVAL', 'APPROVE', '155cb30cb7d0485ba662c40a306082ea', 'Approved node 2', 'Generated Script', '2025-11-02 23:44:28');
INSERT INTO `approval_node` (`approval_id`, `node_name`, `approver_id`, `node_order`, `status`, `comment`, `approved_at`, `created_at`) VALUES ('155cb30cb7d0485ba662c40a306082ea', 'Node 2', 5, 2, 1, 'Approved', '2025-11-02 23:44:28', '2025-11-02 20:32:37');
INSERT INTO `operation_log` (`user_id`, `module`, `operation`, `target_id`, `detail`, `user_agent`, `created_at`) VALUES (1, 'APPROVAL', 'APPROVE', '155cb30cb7d0485ba662c40a306082ea', 'Approved node 3', 'Generated Script', '2025-11-03 00:22:10');
INSERT INTO `approval_node` (`approval_id`, `node_name`, `approver_id`, `node_order`, `status`, `comment`, `approved_at`, `created_at`) VALUES ('155cb30cb7d0485ba662c40a306082ea', 'Node 3', 1, 3, 1, 'Approved', '2025-11-03 00:22:10', '2025-11-02 20:32:37');
INSERT INTO `approval_record` (`id`, `title`, `type_code`, `content`, `initiator_id`, `priority`, `status`, `current_node_order`, `workflow_id`, `created_at`, `completed_at`) VALUES ('47927b78e662471381b0b022963ca9f0', 'PURCHASE - Generated', 'PURCHASE', '{}', 1, 0, 3, 3, 3, '2025-11-04 13:22:44', '2025-11-06 02:18:14');
INSERT INTO `operation_log` (`user_id`, `module`, `operation`, `target_id`, `detail`, `user_agent`, `created_at`) VALUES (1, 'APPROVAL', 'SUBMIT', '47927b78e662471381b0b022963ca9f0', 'Initiated Request', 'Generated Script', '2025-11-04 13:22:44');
INSERT INTO `operation_log` (`user_id`, `module`, `operation`, `target_id`, `detail`, `user_agent`, `created_at`) VALUES (3, 'APPROVAL', 'APPROVE', '47927b78e662471381b0b022963ca9f0', 'Approved node 2', 'Generated Script', '2025-11-04 17:36:25');
INSERT INTO `approval_node` (`approval_id`, `node_name`, `approver_id`, `node_order`, `status`, `comment`, `approved_at`, `created_at`) VALUES ('47927b78e662471381b0b022963ca9f0', 'Node 2', 3, 2, 1, 'Approved', '2025-11-04 17:36:25', '2025-11-04 13:22:44');
INSERT INTO `operation_log` (`user_id`, `module`, `operation`, `target_id`, `detail`, `user_agent`, `created_at`) VALUES (2, 'APPROVAL', 'APPROVE', '47927b78e662471381b0b022963ca9f0', 'Approved node 3', 'Generated Script', '2025-11-04 20:50:49');
INSERT INTO `approval_node` (`approval_id`, `node_name`, `approver_id`, `node_order`, `status`, `comment`, `approved_at`, `created_at`) VALUES ('47927b78e662471381b0b022963ca9f0', 'Node 3', 2, 3, 1, 'Approved', '2025-11-04 20:50:49', '2025-11-04 13:22:44');
INSERT INTO `approval_record` (`id`, `title`, `type_code`, `content`, `initiator_id`, `priority`, `status`, `current_node_order`, `workflow_id`, `created_at`, `completed_at`) VALUES ('e6342b44a92040c29e3a4aec1d5358fd', 'PURCHASE - Generated', 'PURCHASE', '{}', 8, 2, 4, 3, 3, '2025-12-11 02:33:54', '2025-12-11 03:59:12');
INSERT INTO `operation_log` (`user_id`, `module`, `operation`, `target_id`, `detail`, `user_agent`, `created_at`) VALUES (8, 'APPROVAL', 'SUBMIT', 'e6342b44a92040c29e3a4aec1d5358fd', 'Initiated Request', 'Generated Script', '2025-12-11 02:33:54');
INSERT INTO `operation_log` (`user_id`, `module`, `operation`, `target_id`, `detail`, `user_agent`, `created_at`) VALUES (3, 'APPROVAL', 'APPROVE', 'e6342b44a92040c29e3a4aec1d5358fd', 'Approved node 2', 'Generated Script', '2025-12-11 06:14:09');
INSERT INTO `approval_node` (`approval_id`, `node_name`, `approver_id`, `node_order`, `status`, `comment`, `approved_at`, `created_at`) VALUES ('e6342b44a92040c29e3a4aec1d5358fd', 'Node 2', 3, 2, 1, 'Approved', '2025-12-11 06:14:09', '2025-12-11 02:33:54');
INSERT INTO `operation_log` (`user_id`, `module`, `operation`, `target_id`, `detail`, `user_agent`, `created_at`) VALUES (3, 'APPROVAL', 'REJECT', 'e6342b44a92040c29e3a4aec1d5358fd', 'Rejected node 3', 'Generated Script', '2025-12-11 08:22:26');
INSERT INTO `approval_node` (`approval_id`, `node_name`, `approver_id`, `node_order`, `status`, `comment`, `approved_at`, `created_at`) VALUES ('e6342b44a92040c29e3a4aec1d5358fd', 'Node 3', 3, 3, 2, 'Rejected', '2025-12-11 08:22:26', '2025-12-11 02:33:54');
INSERT INTO `approval_record` (`id`, `title`, `type_code`, `content`, `initiator_id`, `priority`, `status`, `current_node_order`, `workflow_id`, `created_at`, `completed_at`) VALUES ('8b054e51fcf74aa9b003fb7992e748e3', 'CONTRACT - Generated', 'CONTRACT', '{}', 16, 1, 2, 2, 6, '2026-01-06 11:28:20', NULL);
INSERT INTO `operation_log` (`user_id`, `module`, `operation`, `target_id`, `detail`, `user_agent`, `created_at`) VALUES (16, 'APPROVAL', 'SUBMIT', '8b054e51fcf74aa9b003fb7992e748e3', 'Initiated Request', 'Generated Script', '2026-01-06 11:28:20');
INSERT INTO `operation_log` (`user_id`, `module`, `operation`, `target_id`, `detail`, `user_agent`, `created_at`) VALUES (1, 'APPROVAL', 'APPROVE', '8b054e51fcf74aa9b003fb7992e748e3', 'Approved node 2', 'Generated Script', '2026-01-06 17:25:12');
INSERT INTO `approval_node` (`approval_id`, `node_name`, `approver_id`, `node_order`, `status`, `comment`, `approved_at`, `created_at`) VALUES ('8b054e51fcf74aa9b003fb7992e748e3', 'Node 2', 1, 2, 1, 'Approved', '2026-01-06 17:25:12', '2026-01-06 11:28:20');
INSERT INTO `approval_record` (`id`, `title`, `type_code`, `content`, `initiator_id`, `priority`, `status`, `current_node_order`, `workflow_id`, `created_at`, `completed_at`) VALUES ('4aeb1ee752ac4143a450d5dcc188458f', 'BUSINESS_TRIP - Generated', 'BUSINESS_TRIP', '{}', 15, 0, 1, 1, 4, '2025-12-26 05:41:29', NULL);
INSERT INTO `operation_log` (`user_id`, `module`, `operation`, `target_id`, `detail`, `user_agent`, `created_at`) VALUES (15, 'APPROVAL', 'SUBMIT', '4aeb1ee752ac4143a450d5dcc188458f', 'Initiated Request', 'Generated Script', '2025-12-26 05:41:29');
INSERT INTO `approval_record` (`id`, `title`, `type_code`, `content`, `initiator_id`, `priority`, `status`, `current_node_order`, `workflow_id`, `created_at`, `completed_at`) VALUES ('f0b761893d6f4ae29e89896d014f447e', 'OVERTIME - Generated', 'OVERTIME', '{}', 9, 2, 1, 1, 5, '2025-11-08 23:58:28', NULL);
INSERT INTO `operation_log` (`user_id`, `module`, `operation`, `target_id`, `detail`, `user_agent`, `created_at`) VALUES (9, 'APPROVAL', 'SUBMIT', 'f0b761893d6f4ae29e89896d014f447e', 'Initiated Request', 'Generated Script', '2025-11-08 23:58:28');
INSERT INTO `approval_record` (`id`, `title`, `type_code`, `content`, `initiator_id`, `priority`, `status`, `current_node_order`, `workflow_id`, `created_at`, `completed_at`) VALUES ('70bd01d1b790400bb764a17ed1d48abf', 'EXPENSE - Generated', 'EXPENSE', '{}', 10, 0, 3, 3, 2, '2025-11-20 07:13:09', '2025-11-22 09:28:49');
INSERT INTO `operation_log` (`user_id`, `module`, `operation`, `target_id`, `detail`, `user_agent`, `created_at`) VALUES (10, 'APPROVAL', 'SUBMIT', '70bd01d1b790400bb764a17ed1d48abf', 'Initiated Request', 'Generated Script', '2025-11-20 07:13:09');
INSERT INTO `operation_log` (`user_id`, `module`, `operation`, `target_id`, `detail`, `user_agent`, `created_at`) VALUES (2, 'APPROVAL', 'APPROVE', '70bd01d1b790400bb764a17ed1d48abf', 'Approved node 2', 'Generated Script', '2025-11-20 13:18:19');
INSERT INTO `approval_node` (`approval_id`, `node_name`, `approver_id`, `node_order`, `status`, `comment`, `approved_at`, `created_at`) VALUES ('70bd01d1b790400bb764a17ed1d48abf', 'Node 2', 2, 2, 1, 'Approved', '2025-11-20 13:18:19', '2025-11-20 07:13:09');
INSERT INTO `operation_log` (`user_id`, `module`, `operation`, `target_id`, `detail`, `user_agent`, `created_at`) VALUES (3, 'APPROVAL', 'APPROVE', '70bd01d1b790400bb764a17ed1d48abf', 'Approved node 3', 'Generated Script', '2025-11-20 15:42:58');
INSERT INTO `approval_node` (`approval_id`, `node_name`, `approver_id`, `node_order`, `status`, `comment`, `approved_at`, `created_at`) VALUES ('70bd01d1b790400bb764a17ed1d48abf', 'Node 3', 3, 3, 1, 'Approved', '2025-11-20 15:42:58', '2025-11-20 07:13:09');
INSERT INTO `approval_record` (`id`, `title`, `type_code`, `content`, `initiator_id`, `priority`, `status`, `current_node_order`, `workflow_id`, `created_at`, `completed_at`) VALUES ('2ca2205edad243a7ad16c1f60801892a', 'LEAVE - Generated', 'LEAVE', '{}', 18, 0, 2, 2, 1, '2025-12-20 11:26:45', NULL);
INSERT INTO `operation_log` (`user_id`, `module`, `operation`, `target_id`, `detail`, `user_agent`, `created_at`) VALUES (18, 'APPROVAL', 'SUBMIT', '2ca2205edad243a7ad16c1f60801892a', 'Initiated Request', 'Generated Script', '2025-12-20 11:26:45');
INSERT INTO `operation_log` (`user_id`, `module`, `operation`, `target_id`, `detail`, `user_agent`, `created_at`) VALUES (1, 'APPROVAL', 'APPROVE', '2ca2205edad243a7ad16c1f60801892a', 'Approved node 2', 'Generated Script', '2025-12-20 14:10:31');
INSERT INTO `approval_node` (`approval_id`, `node_name`, `approver_id`, `node_order`, `status`, `comment`, `approved_at`, `created_at`) VALUES ('2ca2205edad243a7ad16c1f60801892a', 'Node 2', 1, 2, 1, 'Approved', '2025-12-20 14:10:31', '2025-12-20 11:26:45');
INSERT INTO `approval_record` (`id`, `title`, `type_code`, `content`, `initiator_id`, `priority`, `status`, `current_node_order`, `workflow_id`, `created_at`, `completed_at`) VALUES ('a889819e44eb4236b4c23666352dd710', 'CONTRACT - Generated', 'CONTRACT', '{}', 19, 2, 1, 1, 6, '2025-11-01 09:49:40', NULL);
INSERT INTO `operation_log` (`user_id`, `module`, `operation`, `target_id`, `detail`, `user_agent`, `created_at`) VALUES (19, 'APPROVAL', 'SUBMIT', 'a889819e44eb4236b4c23666352dd710', 'Initiated Request', 'Generated Script', '2025-11-01 09:49:40');
INSERT INTO `approval_record` (`id`, `title`, `type_code`, `content`, `initiator_id`, `priority`, `status`, `current_node_order`, `workflow_id`, `created_at`, `completed_at`) VALUES ('3f1efed739244e3b8b5ed1746cc3a326', 'LEAVE - Generated', 'LEAVE', '{}', 17, 1, 3, 3, 1, '2026-01-10 07:37:53', '2026-01-13 01:06:24');
INSERT INTO `operation_log` (`user_id`, `module`, `operation`, `target_id`, `detail`, `user_agent`, `created_at`) VALUES (17, 'APPROVAL', 'SUBMIT', '3f1efed739244e3b8b5ed1746cc3a326', 'Initiated Request', 'Generated Script', '2026-01-10 07:37:53');
INSERT INTO `operation_log` (`user_id`, `module`, `operation`, `target_id`, `detail`, `user_agent`, `created_at`) VALUES (4, 'APPROVAL', 'APPROVE', '3f1efed739244e3b8b5ed1746cc3a326', 'Approved node 2', 'Generated Script', '2026-01-10 11:55:50');
INSERT INTO `approval_node` (`approval_id`, `node_name`, `approver_id`, `node_order`, `status`, `comment`, `approved_at`, `created_at`) VALUES ('3f1efed739244e3b8b5ed1746cc3a326', 'Node 2', 4, 2, 1, 'Approved', '2026-01-10 11:55:50', '2026-01-10 07:37:53');
INSERT INTO `operation_log` (`user_id`, `module`, `operation`, `target_id`, `detail`, `user_agent`, `created_at`) VALUES (5, 'APPROVAL', 'APPROVE', '3f1efed739244e3b8b5ed1746cc3a326', 'Approved node 3', 'Generated Script', '2026-01-10 15:11:05');
INSERT INTO `approval_node` (`approval_id`, `node_name`, `approver_id`, `node_order`, `status`, `comment`, `approved_at`, `created_at`) VALUES ('3f1efed739244e3b8b5ed1746cc3a326', 'Node 3', 5, 3, 1, 'Approved', '2026-01-10 15:11:05', '2026-01-10 07:37:53');
INSERT INTO `approval_record` (`id`, `title`, `type_code`, `content`, `initiator_id`, `priority`, `status`, `current_node_order`, `workflow_id`, `created_at`, `completed_at`) VALUES ('d1e10ce97ada47118f8cd8ecd1519c2d', 'EXPENSE - Generated', 'EXPENSE', '{}', 15, 1, 2, 2, 2, '2025-12-18 16:24:55', NULL);
INSERT INTO `operation_log` (`user_id`, `module`, `operation`, `target_id`, `detail`, `user_agent`, `created_at`) VALUES (15, 'APPROVAL', 'SUBMIT', 'd1e10ce97ada47118f8cd8ecd1519c2d', 'Initiated Request', 'Generated Script', '2025-12-18 16:24:55');
INSERT INTO `operation_log` (`user_id`, `module`, `operation`, `target_id`, `detail`, `user_agent`, `created_at`) VALUES (1, 'APPROVAL', 'APPROVE', 'd1e10ce97ada47118f8cd8ecd1519c2d', 'Approved node 2', 'Generated Script', '2025-12-18 22:45:41');
INSERT INTO `approval_node` (`approval_id`, `node_name`, `approver_id`, `node_order`, `status`, `comment`, `approved_at`, `created_at`) VALUES ('d1e10ce97ada47118f8cd8ecd1519c2d', 'Node 2', 1, 2, 1, 'Approved', '2025-12-18 22:45:41', '2025-12-18 16:24:55');
INSERT INTO `approval_record` (`id`, `title`, `type_code`, `content`, `initiator_id`, `priority`, `status`, `current_node_order`, `workflow_id`, `created_at`, `completed_at`) VALUES ('e5c8db57c3764f92a2a5924f347881e0', 'PURCHASE - Generated', 'PURCHASE', '{}', 19, 1, 3, 3, 3, '2025-10-25 19:53:23', '2025-10-26 03:54:39');
INSERT INTO `operation_log` (`user_id`, `module`, `operation`, `target_id`, `detail`, `user_agent`, `created_at`) VALUES (19, 'APPROVAL', 'SUBMIT', 'e5c8db57c3764f92a2a5924f347881e0', 'Initiated Request', 'Generated Script', '2025-10-25 19:53:23');
INSERT INTO `operation_log` (`user_id`, `module`, `operation`, `target_id`, `detail`, `user_agent`, `created_at`) VALUES (1, 'APPROVAL', 'APPROVE', 'e5c8db57c3764f92a2a5924f347881e0', 'Approved node 2', 'Generated Script', '2025-10-26 00:36:14');
INSERT INTO `approval_node` (`approval_id`, `node_name`, `approver_id`, `node_order`, `status`, `comment`, `approved_at`, `created_at`) VALUES ('e5c8db57c3764f92a2a5924f347881e0', 'Node 2', 1, 2, 1, 'Approved', '2025-10-26 00:36:14', '2025-10-25 19:53:23');
INSERT INTO `operation_log` (`user_id`, `module`, `operation`, `target_id`, `detail`, `user_agent`, `created_at`) VALUES (2, 'APPROVAL', 'APPROVE', 'e5c8db57c3764f92a2a5924f347881e0', 'Approved node 3', 'Generated Script', '2025-10-26 03:53:21');
INSERT INTO `approval_node` (`approval_id`, `node_name`, `approver_id`, `node_order`, `status`, `comment`, `approved_at`, `created_at`) VALUES ('e5c8db57c3764f92a2a5924f347881e0', 'Node 3', 2, 3, 1, 'Approved', '2025-10-26 03:53:21', '2025-10-25 19:53:23');
INSERT INTO `approval_record` (`id`, `title`, `type_code`, `content`, `initiator_id`, `priority`, `status`, `current_node_order`, `workflow_id`, `created_at`, `completed_at`) VALUES ('87246807ea2c45c4ad0fdbf374f80390', 'OVERTIME - Generated', 'OVERTIME', '{}', 15, 2, 3, 3, 5, '2026-01-05 13:58:00', '2026-01-06 09:35:52');
INSERT INTO `operation_log` (`user_id`, `module`, `operation`, `target_id`, `detail`, `user_agent`, `created_at`) VALUES (15, 'APPROVAL', 'SUBMIT', '87246807ea2c45c4ad0fdbf374f80390', 'Initiated Request', 'Generated Script', '2026-01-05 13:58:00');
INSERT INTO `operation_log` (`user_id`, `module`, `operation`, `target_id`, `detail`, `user_agent`, `created_at`) VALUES (3, 'APPROVAL', 'APPROVE', '87246807ea2c45c4ad0fdbf374f80390', 'Approved node 2', 'Generated Script', '2026-01-05 20:03:43');
INSERT INTO `approval_node` (`approval_id`, `node_name`, `approver_id`, `node_order`, `status`, `comment`, `approved_at`, `created_at`) VALUES ('87246807ea2c45c4ad0fdbf374f80390', 'Node 2', 3, 2, 1, 'Approved', '2026-01-05 20:03:43', '2026-01-05 13:58:00');
INSERT INTO `operation_log` (`user_id`, `module`, `operation`, `target_id`, `detail`, `user_agent`, `created_at`) VALUES (4, 'APPROVAL', 'APPROVE', '87246807ea2c45c4ad0fdbf374f80390', 'Approved node 3', 'Generated Script', '2026-01-05 21:14:31');
INSERT INTO `approval_node` (`approval_id`, `node_name`, `approver_id`, `node_order`, `status`, `comment`, `approved_at`, `created_at`) VALUES ('87246807ea2c45c4ad0fdbf374f80390', 'Node 3', 4, 3, 1, 'Approved', '2026-01-05 21:14:31', '2026-01-05 13:58:00');
INSERT INTO `approval_record` (`id`, `title`, `type_code`, `content`, `initiator_id`, `priority`, `status`, `current_node_order`, `workflow_id`, `created_at`, `completed_at`) VALUES ('b5eef86f318842ba8a0ca5840254ded7', 'CONTRACT - Generated', 'CONTRACT', '{}', 13, 0, 3, 3, 6, '2026-01-08 00:45:45', '2026-01-10 09:40:31');
INSERT INTO `operation_log` (`user_id`, `module`, `operation`, `target_id`, `detail`, `user_agent`, `created_at`) VALUES (13, 'APPROVAL', 'SUBMIT', 'b5eef86f318842ba8a0ca5840254ded7', 'Initiated Request', 'Generated Script', '2026-01-08 00:45:45');
INSERT INTO `operation_log` (`user_id`, `module`, `operation`, `target_id`, `detail`, `user_agent`, `created_at`) VALUES (4, 'APPROVAL', 'APPROVE', 'b5eef86f318842ba8a0ca5840254ded7', 'Approved node 2', 'Generated Script', '2026-01-08 03:58:18');
INSERT INTO `approval_node` (`approval_id`, `node_name`, `approver_id`, `node_order`, `status`, `comment`, `approved_at`, `created_at`) VALUES ('b5eef86f318842ba8a0ca5840254ded7', 'Node 2', 4, 2, 1, 'Approved', '2026-01-08 03:58:18', '2026-01-08 00:45:45');
INSERT INTO `operation_log` (`user_id`, `module`, `operation`, `target_id`, `detail`, `user_agent`, `created_at`) VALUES (1, 'APPROVAL', 'APPROVE', 'b5eef86f318842ba8a0ca5840254ded7', 'Approved node 3', 'Generated Script', '2026-01-08 07:03:42');
INSERT INTO `approval_node` (`approval_id`, `node_name`, `approver_id`, `node_order`, `status`, `comment`, `approved_at`, `created_at`) VALUES ('b5eef86f318842ba8a0ca5840254ded7', 'Node 3', 1, 3, 1, 'Approved', '2026-01-08 07:03:42', '2026-01-08 00:45:45');
INSERT INTO `approval_record` (`id`, `title`, `type_code`, `content`, `initiator_id`, `priority`, `status`, `current_node_order`, `workflow_id`, `created_at`, `completed_at`) VALUES ('1d4e30d6a5ba468a929c563fa9cba15d', 'LEAVE - Generated', 'LEAVE', '{}', 19, 2, 3, 3, 1, '2026-01-12 22:00:53', '2026-01-13 09:44:14');
INSERT INTO `operation_log` (`user_id`, `module`, `operation`, `target_id`, `detail`, `user_agent`, `created_at`) VALUES (19, 'APPROVAL', 'SUBMIT', '1d4e30d6a5ba468a929c563fa9cba15d', 'Initiated Request', 'Generated Script', '2026-01-12 22:00:53');
INSERT INTO `operation_log` (`user_id`, `module`, `operation`, `target_id`, `detail`, `user_agent`, `created_at`) VALUES (1, 'APPROVAL', 'APPROVE', '1d4e30d6a5ba468a929c563fa9cba15d', 'Approved node 2', 'Generated Script', '2026-01-13 02:31:51');
INSERT INTO `approval_node` (`approval_id`, `node_name`, `approver_id`, `node_order`, `status`, `comment`, `approved_at`, `created_at`) VALUES ('1d4e30d6a5ba468a929c563fa9cba15d', 'Node 2', 1, 2, 1, 'Approved', '2026-01-13 02:31:51', '2026-01-12 22:00:53');
INSERT INTO `operation_log` (`user_id`, `module`, `operation`, `target_id`, `detail`, `user_agent`, `created_at`) VALUES (1, 'APPROVAL', 'APPROVE', '1d4e30d6a5ba468a929c563fa9cba15d', 'Approved node 3', 'Generated Script', '2026-01-13 03:15:14');
INSERT INTO `approval_node` (`approval_id`, `node_name`, `approver_id`, `node_order`, `status`, `comment`, `approved_at`, `created_at`) VALUES ('1d4e30d6a5ba468a929c563fa9cba15d', 'Node 3', 1, 3, 1, 'Approved', '2026-01-13 03:15:14', '2026-01-12 22:00:53');
INSERT INTO `approval_record` (`id`, `title`, `type_code`, `content`, `initiator_id`, `priority`, `status`, `current_node_order`, `workflow_id`, `created_at`, `completed_at`) VALUES ('f93ba86dbf294275a81563cd93f06fac', 'BUSINESS_TRIP - Generated', 'BUSINESS_TRIP', '{}', 7, 0, 3, 3, 4, '2025-10-27 05:05:50', '2025-10-29 12:03:12');
INSERT INTO `operation_log` (`user_id`, `module`, `operation`, `target_id`, `detail`, `user_agent`, `created_at`) VALUES (7, 'APPROVAL', 'SUBMIT', 'f93ba86dbf294275a81563cd93f06fac', 'Initiated Request', 'Generated Script', '2025-10-27 05:05:50');
INSERT INTO `operation_log` (`user_id`, `module`, `operation`, `target_id`, `detail`, `user_agent`, `created_at`) VALUES (2, 'APPROVAL', 'APPROVE', 'f93ba86dbf294275a81563cd93f06fac', 'Approved node 2', 'Generated Script', '2025-10-27 08:16:17');
INSERT INTO `approval_node` (`approval_id`, `node_name`, `approver_id`, `node_order`, `status`, `comment`, `approved_at`, `created_at`) VALUES ('f93ba86dbf294275a81563cd93f06fac', 'Node 2', 2, 2, 1, 'Approved', '2025-10-27 08:16:17', '2025-10-27 05:05:50');
INSERT INTO `operation_log` (`user_id`, `module`, `operation`, `target_id`, `detail`, `user_agent`, `created_at`) VALUES (3, 'APPROVAL', 'APPROVE', 'f93ba86dbf294275a81563cd93f06fac', 'Approved node 3', 'Generated Script', '2025-10-27 10:48:15');
INSERT INTO `approval_node` (`approval_id`, `node_name`, `approver_id`, `node_order`, `status`, `comment`, `approved_at`, `created_at`) VALUES ('f93ba86dbf294275a81563cd93f06fac', 'Node 3', 3, 3, 1, 'Approved', '2025-10-27 10:48:15', '2025-10-27 05:05:50');
INSERT INTO `approval_record` (`id`, `title`, `type_code`, `content`, `initiator_id`, `priority`, `status`, `current_node_order`, `workflow_id`, `created_at`, `completed_at`) VALUES ('043e53bb6ecb4e9d92132409530be5e2', 'PURCHASE - Generated', 'PURCHASE', '{}', 3, 0, 2, 2, 3, '2025-11-25 19:28:15', NULL);
INSERT INTO `operation_log` (`user_id`, `module`, `operation`, `target_id`, `detail`, `user_agent`, `created_at`) VALUES (3, 'APPROVAL', 'SUBMIT', '043e53bb6ecb4e9d92132409530be5e2', 'Initiated Request', 'Generated Script', '2025-11-25 19:28:15');
INSERT INTO `operation_log` (`user_id`, `module`, `operation`, `target_id`, `detail`, `user_agent`, `created_at`) VALUES (4, 'APPROVAL', 'APPROVE', '043e53bb6ecb4e9d92132409530be5e2', 'Approved node 2', 'Generated Script', '2025-11-26 00:46:38');
INSERT INTO `approval_node` (`approval_id`, `node_name`, `approver_id`, `node_order`, `status`, `comment`, `approved_at`, `created_at`) VALUES ('043e53bb6ecb4e9d92132409530be5e2', 'Node 2', 4, 2, 1, 'Approved', '2025-11-26 00:46:38', '2025-11-25 19:28:15');
INSERT INTO `approval_record` (`id`, `title`, `type_code`, `content`, `initiator_id`, `priority`, `status`, `current_node_order`, `workflow_id`, `created_at`, `completed_at`) VALUES ('63644300212f4c37a4e1321f2dd41826', 'EXPENSE - Generated', 'EXPENSE', '{}', 18, 2, 3, 3, 2, '2025-11-28 00:59:32', '2025-11-29 18:53:44');
INSERT INTO `operation_log` (`user_id`, `module`, `operation`, `target_id`, `detail`, `user_agent`, `created_at`) VALUES (18, 'APPROVAL', 'SUBMIT', '63644300212f4c37a4e1321f2dd41826', 'Initiated Request', 'Generated Script', '2025-11-28 00:59:32');
INSERT INTO `operation_log` (`user_id`, `module`, `operation`, `target_id`, `detail`, `user_agent`, `created_at`) VALUES (4, 'APPROVAL', 'APPROVE', '63644300212f4c37a4e1321f2dd41826', 'Approved node 2', 'Generated Script', '2025-11-28 05:44:03');
INSERT INTO `approval_node` (`approval_id`, `node_name`, `approver_id`, `node_order`, `status`, `comment`, `approved_at`, `created_at`) VALUES ('63644300212f4c37a4e1321f2dd41826', 'Node 2', 4, 2, 1, 'Approved', '2025-11-28 05:44:03', '2025-11-28 00:59:32');
INSERT INTO `operation_log` (`user_id`, `module`, `operation`, `target_id`, `detail`, `user_agent`, `created_at`) VALUES (4, 'APPROVAL', 'APPROVE', '63644300212f4c37a4e1321f2dd41826', 'Approved node 3', 'Generated Script', '2025-11-28 07:58:32');
INSERT INTO `approval_node` (`approval_id`, `node_name`, `approver_id`, `node_order`, `status`, `comment`, `approved_at`, `created_at`) VALUES ('63644300212f4c37a4e1321f2dd41826', 'Node 3', 4, 3, 1, 'Approved', '2025-11-28 07:58:32', '2025-11-28 00:59:32');
INSERT INTO `approval_record` (`id`, `title`, `type_code`, `content`, `initiator_id`, `priority`, `status`, `current_node_order`, `workflow_id`, `created_at`, `completed_at`) VALUES ('990f13ab4d6f42db8dab975508453567', 'LEAVE - Generated', 'LEAVE', '{}', 19, 2, 3, 3, 1, '2025-10-22 05:51:36', '2025-10-24 17:51:57');
INSERT INTO `operation_log` (`user_id`, `module`, `operation`, `target_id`, `detail`, `user_agent`, `created_at`) VALUES (19, 'APPROVAL', 'SUBMIT', '990f13ab4d6f42db8dab975508453567', 'Initiated Request', 'Generated Script', '2025-10-22 05:51:36');
INSERT INTO `operation_log` (`user_id`, `module`, `operation`, `target_id`, `detail`, `user_agent`, `created_at`) VALUES (5, 'APPROVAL', 'APPROVE', '990f13ab4d6f42db8dab975508453567', 'Approved node 2', 'Generated Script', '2025-10-22 10:03:04');
INSERT INTO `approval_node` (`approval_id`, `node_name`, `approver_id`, `node_order`, `status`, `comment`, `approved_at`, `created_at`) VALUES ('990f13ab4d6f42db8dab975508453567', 'Node 2', 5, 2, 1, 'Approved', '2025-10-22 10:03:04', '2025-10-22 05:51:36');
INSERT INTO `operation_log` (`user_id`, `module`, `operation`, `target_id`, `detail`, `user_agent`, `created_at`) VALUES (3, 'APPROVAL', 'APPROVE', '990f13ab4d6f42db8dab975508453567', 'Approved node 3', 'Generated Script', '2025-10-22 12:16:33');
INSERT INTO `approval_node` (`approval_id`, `node_name`, `approver_id`, `node_order`, `status`, `comment`, `approved_at`, `created_at`) VALUES ('990f13ab4d6f42db8dab975508453567', 'Node 3', 3, 3, 1, 'Approved', '2025-10-22 12:16:33', '2025-10-22 05:51:36');
INSERT INTO `approval_record` (`id`, `title`, `type_code`, `content`, `initiator_id`, `priority`, `status`, `current_node_order`, `workflow_id`, `created_at`, `completed_at`) VALUES ('8b83577e548c43ff9786426eb093203e', 'PURCHASE - Generated', 'PURCHASE', '{}', 6, 1, 3, 3, 3, '2026-01-02 20:10:52', '2026-01-05 18:37:02');
INSERT INTO `operation_log` (`user_id`, `module`, `operation`, `target_id`, `detail`, `user_agent`, `created_at`) VALUES (6, 'APPROVAL', 'SUBMIT', '8b83577e548c43ff9786426eb093203e', 'Initiated Request', 'Generated Script', '2026-01-02 20:10:52');
INSERT INTO `operation_log` (`user_id`, `module`, `operation`, `target_id`, `detail`, `user_agent`, `created_at`) VALUES (3, 'APPROVAL', 'APPROVE', '8b83577e548c43ff9786426eb093203e', 'Approved node 2', 'Generated Script', '2026-01-03 02:40:44');
INSERT INTO `approval_node` (`approval_id`, `node_name`, `approver_id`, `node_order`, `status`, `comment`, `approved_at`, `created_at`) VALUES ('8b83577e548c43ff9786426eb093203e', 'Node 2', 3, 2, 1, 'Approved', '2026-01-03 02:40:44', '2026-01-02 20:10:52');
INSERT INTO `operation_log` (`user_id`, `module`, `operation`, `target_id`, `detail`, `user_agent`, `created_at`) VALUES (2, 'APPROVAL', 'APPROVE', '8b83577e548c43ff9786426eb093203e', 'Approved node 3', 'Generated Script', '2026-01-03 03:28:12');
INSERT INTO `approval_node` (`approval_id`, `node_name`, `approver_id`, `node_order`, `status`, `comment`, `approved_at`, `created_at`) VALUES ('8b83577e548c43ff9786426eb093203e', 'Node 3', 2, 3, 1, 'Approved', '2026-01-03 03:28:12', '2026-01-02 20:10:52');
INSERT INTO `approval_record` (`id`, `title`, `type_code`, `content`, `initiator_id`, `priority`, `status`, `current_node_order`, `workflow_id`, `created_at`, `completed_at`) VALUES ('3bbebaec3e9342368b536bddcac2c4f1', 'EXPENSE - Generated', 'EXPENSE', '{}', 6, 2, 3, 3, 2, '2025-11-13 23:31:12', '2025-11-16 11:58:50');
INSERT INTO `operation_log` (`user_id`, `module`, `operation`, `target_id`, `detail`, `user_agent`, `created_at`) VALUES (6, 'APPROVAL', 'SUBMIT', '3bbebaec3e9342368b536bddcac2c4f1', 'Initiated Request', 'Generated Script', '2025-11-13 23:31:12');
INSERT INTO `operation_log` (`user_id`, `module`, `operation`, `target_id`, `detail`, `user_agent`, `created_at`) VALUES (5, 'APPROVAL', 'APPROVE', '3bbebaec3e9342368b536bddcac2c4f1', 'Approved node 2', 'Generated Script', '2025-11-14 04:59:49');
INSERT INTO `approval_node` (`approval_id`, `node_name`, `approver_id`, `node_order`, `status`, `comment`, `approved_at`, `created_at`) VALUES ('3bbebaec3e9342368b536bddcac2c4f1', 'Node 2', 5, 2, 1, 'Approved', '2025-11-14 04:59:49', '2025-11-13 23:31:12');
INSERT INTO `operation_log` (`user_id`, `module`, `operation`, `target_id`, `detail`, `user_agent`, `created_at`) VALUES (1, 'APPROVAL', 'APPROVE', '3bbebaec3e9342368b536bddcac2c4f1', 'Approved node 3', 'Generated Script', '2025-11-14 08:47:27');
INSERT INTO `approval_node` (`approval_id`, `node_name`, `approver_id`, `node_order`, `status`, `comment`, `approved_at`, `created_at`) VALUES ('3bbebaec3e9342368b536bddcac2c4f1', 'Node 3', 1, 3, 1, 'Approved', '2025-11-14 08:47:27', '2025-11-13 23:31:12');
INSERT INTO `approval_record` (`id`, `title`, `type_code`, `content`, `initiator_id`, `priority`, `status`, `current_node_order`, `workflow_id`, `created_at`, `completed_at`) VALUES ('b7ed8817413a4e138a07a0d33e65d7b9', 'BUSINESS_TRIP - Generated', 'BUSINESS_TRIP', '{}', 8, 2, 3, 3, 4, '2025-10-31 15:02:49', '2025-11-01 02:34:25');
INSERT INTO `operation_log` (`user_id`, `module`, `operation`, `target_id`, `detail`, `user_agent`, `created_at`) VALUES (8, 'APPROVAL', 'SUBMIT', 'b7ed8817413a4e138a07a0d33e65d7b9', 'Initiated Request', 'Generated Script', '2025-10-31 15:02:49');
INSERT INTO `operation_log` (`user_id`, `module`, `operation`, `target_id`, `detail`, `user_agent`, `created_at`) VALUES (4, 'APPROVAL', 'APPROVE', 'b7ed8817413a4e138a07a0d33e65d7b9', 'Approved node 2', 'Generated Script', '2025-10-31 20:43:02');
INSERT INTO `approval_node` (`approval_id`, `node_name`, `approver_id`, `node_order`, `status`, `comment`, `approved_at`, `created_at`) VALUES ('b7ed8817413a4e138a07a0d33e65d7b9', 'Node 2', 4, 2, 1, 'Approved', '2025-10-31 20:43:02', '2025-10-31 15:02:49');
INSERT INTO `operation_log` (`user_id`, `module`, `operation`, `target_id`, `detail`, `user_agent`, `created_at`) VALUES (5, 'APPROVAL', 'APPROVE', 'b7ed8817413a4e138a07a0d33e65d7b9', 'Approved node 3', 'Generated Script', '2025-11-01 00:16:16');
INSERT INTO `approval_node` (`approval_id`, `node_name`, `approver_id`, `node_order`, `status`, `comment`, `approved_at`, `created_at`) VALUES ('b7ed8817413a4e138a07a0d33e65d7b9', 'Node 3', 5, 3, 1, 'Approved', '2025-11-01 00:16:16', '2025-10-31 15:02:49');
INSERT INTO `approval_record` (`id`, `title`, `type_code`, `content`, `initiator_id`, `priority`, `status`, `current_node_order`, `workflow_id`, `created_at`, `completed_at`) VALUES ('db87d5f0cc12456d9a054e8df148f2df', 'BUSINESS_TRIP - Generated', 'BUSINESS_TRIP', '{}', 19, 0, 1, 1, 4, '2026-01-06 13:27:53', NULL);
INSERT INTO `operation_log` (`user_id`, `module`, `operation`, `target_id`, `detail`, `user_agent`, `created_at`) VALUES (19, 'APPROVAL', 'SUBMIT', 'db87d5f0cc12456d9a054e8df148f2df', 'Initiated Request', 'Generated Script', '2026-01-06 13:27:53');
INSERT INTO `approval_record` (`id`, `title`, `type_code`, `content`, `initiator_id`, `priority`, `status`, `current_node_order`, `workflow_id`, `created_at`, `completed_at`) VALUES ('e3d5affc238c4f9393f0e29213b2ac24', 'EXPENSE - Generated', 'EXPENSE', '{}', 9, 1, 3, 3, 2, '2026-01-12 00:26:20', '2026-01-12 21:35:47');
INSERT INTO `operation_log` (`user_id`, `module`, `operation`, `target_id`, `detail`, `user_agent`, `created_at`) VALUES (9, 'APPROVAL', 'SUBMIT', 'e3d5affc238c4f9393f0e29213b2ac24', 'Initiated Request', 'Generated Script', '2026-01-12 00:26:20');
INSERT INTO `operation_log` (`user_id`, `module`, `operation`, `target_id`, `detail`, `user_agent`, `created_at`) VALUES (3, 'APPROVAL', 'APPROVE', 'e3d5affc238c4f9393f0e29213b2ac24', 'Approved node 2', 'Generated Script', '2026-01-12 08:18:30');
INSERT INTO `approval_node` (`approval_id`, `node_name`, `approver_id`, `node_order`, `status`, `comment`, `approved_at`, `created_at`) VALUES ('e3d5affc238c4f9393f0e29213b2ac24', 'Node 2', 3, 2, 1, 'Approved', '2026-01-12 08:18:30', '2026-01-12 00:26:20');
INSERT INTO `operation_log` (`user_id`, `module`, `operation`, `target_id`, `detail`, `user_agent`, `created_at`) VALUES (3, 'APPROVAL', 'APPROVE', 'e3d5affc238c4f9393f0e29213b2ac24', 'Approved node 3', 'Generated Script', '2026-01-12 10:25:59');
INSERT INTO `approval_node` (`approval_id`, `node_name`, `approver_id`, `node_order`, `status`, `comment`, `approved_at`, `created_at`) VALUES ('e3d5affc238c4f9393f0e29213b2ac24', 'Node 3', 3, 3, 1, 'Approved', '2026-01-12 10:25:59', '2026-01-12 00:26:20');
INSERT INTO `approval_record` (`id`, `title`, `type_code`, `content`, `initiator_id`, `priority`, `status`, `current_node_order`, `workflow_id`, `created_at`, `completed_at`) VALUES ('3f1659ee723545e48ca7dbd55067d74e', 'OVERTIME - Generated', 'OVERTIME', '{}', 5, 0, 2, 2, 5, '2025-10-25 03:04:03', NULL);
INSERT INTO `operation_log` (`user_id`, `module`, `operation`, `target_id`, `detail`, `user_agent`, `created_at`) VALUES (5, 'APPROVAL', 'SUBMIT', '3f1659ee723545e48ca7dbd55067d74e', 'Initiated Request', 'Generated Script', '2025-10-25 03:04:03');
INSERT INTO `operation_log` (`user_id`, `module`, `operation`, `target_id`, `detail`, `user_agent`, `created_at`) VALUES (4, 'APPROVAL', 'APPROVE', '3f1659ee723545e48ca7dbd55067d74e', 'Approved node 2', 'Generated Script', '2025-10-25 08:36:58');
INSERT INTO `approval_node` (`approval_id`, `node_name`, `approver_id`, `node_order`, `status`, `comment`, `approved_at`, `created_at`) VALUES ('3f1659ee723545e48ca7dbd55067d74e', 'Node 2', 4, 2, 1, 'Approved', '2025-10-25 08:36:58', '2025-10-25 03:04:03');
INSERT INTO `approval_record` (`id`, `title`, `type_code`, `content`, `initiator_id`, `priority`, `status`, `current_node_order`, `workflow_id`, `created_at`, `completed_at`) VALUES ('c217e2b5bd784d039b8ddf1145c33563', 'EXPENSE - Generated', 'EXPENSE', '{}', 12, 1, 1, 1, 2, '2025-12-03 13:14:39', NULL);
INSERT INTO `operation_log` (`user_id`, `module`, `operation`, `target_id`, `detail`, `user_agent`, `created_at`) VALUES (12, 'APPROVAL', 'SUBMIT', 'c217e2b5bd784d039b8ddf1145c33563', 'Initiated Request', 'Generated Script', '2025-12-03 13:14:39');
INSERT INTO `approval_record` (`id`, `title`, `type_code`, `content`, `initiator_id`, `priority`, `status`, `current_node_order`, `workflow_id`, `created_at`, `completed_at`) VALUES ('61030e32d0f94b77b4a2dcf380591860', 'CONTRACT - Generated', 'CONTRACT', '{}', 7, 0, 3, 3, 6, '2025-12-26 15:52:14', '2025-12-28 21:18:34');
INSERT INTO `operation_log` (`user_id`, `module`, `operation`, `target_id`, `detail`, `user_agent`, `created_at`) VALUES (7, 'APPROVAL', 'SUBMIT', '61030e32d0f94b77b4a2dcf380591860', 'Initiated Request', 'Generated Script', '2025-12-26 15:52:14');
INSERT INTO `operation_log` (`user_id`, `module`, `operation`, `target_id`, `detail`, `user_agent`, `created_at`) VALUES (1, 'APPROVAL', 'APPROVE', '61030e32d0f94b77b4a2dcf380591860', 'Approved node 2', 'Generated Script', '2025-12-26 20:45:26');
INSERT INTO `approval_node` (`approval_id`, `node_name`, `approver_id`, `node_order`, `status`, `comment`, `approved_at`, `created_at`) VALUES ('61030e32d0f94b77b4a2dcf380591860', 'Node 2', 1, 2, 1, 'Approved', '2025-12-26 20:45:26', '2025-12-26 15:52:14');
INSERT INTO `operation_log` (`user_id`, `module`, `operation`, `target_id`, `detail`, `user_agent`, `created_at`) VALUES (4, 'APPROVAL', 'APPROVE', '61030e32d0f94b77b4a2dcf380591860', 'Approved node 3', 'Generated Script', '2025-12-26 23:23:36');
INSERT INTO `approval_node` (`approval_id`, `node_name`, `approver_id`, `node_order`, `status`, `comment`, `approved_at`, `created_at`) VALUES ('61030e32d0f94b77b4a2dcf380591860', 'Node 3', 4, 3, 1, 'Approved', '2025-12-26 23:23:36', '2025-12-26 15:52:14');
INSERT INTO `approval_record` (`id`, `title`, `type_code`, `content`, `initiator_id`, `priority`, `status`, `current_node_order`, `workflow_id`, `created_at`, `completed_at`) VALUES ('b336d1fe29cc4daf90c694c72692839c', 'BUSINESS_TRIP - Generated', 'BUSINESS_TRIP', '{}', 18, 1, 4, 3, 4, '2025-11-09 01:17:52', '2025-11-09 13:57:41');
INSERT INTO `operation_log` (`user_id`, `module`, `operation`, `target_id`, `detail`, `user_agent`, `created_at`) VALUES (18, 'APPROVAL', 'SUBMIT', 'b336d1fe29cc4daf90c694c72692839c', 'Initiated Request', 'Generated Script', '2025-11-09 01:17:52');
INSERT INTO `operation_log` (`user_id`, `module`, `operation`, `target_id`, `detail`, `user_agent`, `created_at`) VALUES (1, 'APPROVAL', 'APPROVE', 'b336d1fe29cc4daf90c694c72692839c', 'Approved node 2', 'Generated Script', '2025-11-09 05:14:35');
INSERT INTO `approval_node` (`approval_id`, `node_name`, `approver_id`, `node_order`, `status`, `comment`, `approved_at`, `created_at`) VALUES ('b336d1fe29cc4daf90c694c72692839c', 'Node 2', 1, 2, 1, 'Approved', '2025-11-09 05:14:35', '2025-11-09 01:17:52');
INSERT INTO `operation_log` (`user_id`, `module`, `operation`, `target_id`, `detail`, `user_agent`, `created_at`) VALUES (5, 'APPROVAL', 'REJECT', 'b336d1fe29cc4daf90c694c72692839c', 'Rejected node 3', 'Generated Script', '2025-11-09 06:00:44');
INSERT INTO `approval_node` (`approval_id`, `node_name`, `approver_id`, `node_order`, `status`, `comment`, `approved_at`, `created_at`) VALUES ('b336d1fe29cc4daf90c694c72692839c', 'Node 3', 5, 3, 2, 'Rejected', '2025-11-09 06:00:44', '2025-11-09 01:17:52');
INSERT INTO `approval_record` (`id`, `title`, `type_code`, `content`, `initiator_id`, `priority`, `status`, `current_node_order`, `workflow_id`, `created_at`, `completed_at`) VALUES ('4867b6c4b43849389bc5477be539d4a3', 'LEAVE - Generated', 'LEAVE', '{}', 8, 0, 1, 1, 1, '2025-12-22 17:05:49', NULL);
INSERT INTO `operation_log` (`user_id`, `module`, `operation`, `target_id`, `detail`, `user_agent`, `created_at`) VALUES (8, 'APPROVAL', 'SUBMIT', '4867b6c4b43849389bc5477be539d4a3', 'Initiated Request', 'Generated Script', '2025-12-22 17:05:49');
INSERT INTO `approval_record` (`id`, `title`, `type_code`, `content`, `initiator_id`, `priority`, `status`, `current_node_order`, `workflow_id`, `created_at`, `completed_at`) VALUES ('fd84134265e84e22877723b4ccca2af5', 'CONTRACT - Generated', 'CONTRACT', '{}', 10, 1, 3, 3, 6, '2025-12-27 14:09:49', '2025-12-28 14:27:14');
INSERT INTO `operation_log` (`user_id`, `module`, `operation`, `target_id`, `detail`, `user_agent`, `created_at`) VALUES (10, 'APPROVAL', 'SUBMIT', 'fd84134265e84e22877723b4ccca2af5', 'Initiated Request', 'Generated Script', '2025-12-27 14:09:49');
INSERT INTO `operation_log` (`user_id`, `module`, `operation`, `target_id`, `detail`, `user_agent`, `created_at`) VALUES (3, 'APPROVAL', 'APPROVE', 'fd84134265e84e22877723b4ccca2af5', 'Approved node 2', 'Generated Script', '2025-12-27 17:46:33');
INSERT INTO `approval_node` (`approval_id`, `node_name`, `approver_id`, `node_order`, `status`, `comment`, `approved_at`, `created_at`) VALUES ('fd84134265e84e22877723b4ccca2af5', 'Node 2', 3, 2, 1, 'Approved', '2025-12-27 17:46:33', '2025-12-27 14:09:49');
INSERT INTO `operation_log` (`user_id`, `module`, `operation`, `target_id`, `detail`, `user_agent`, `created_at`) VALUES (5, 'APPROVAL', 'APPROVE', 'fd84134265e84e22877723b4ccca2af5', 'Approved node 3', 'Generated Script', '2025-12-27 18:37:03');
INSERT INTO `approval_node` (`approval_id`, `node_name`, `approver_id`, `node_order`, `status`, `comment`, `approved_at`, `created_at`) VALUES ('fd84134265e84e22877723b4ccca2af5', 'Node 3', 5, 3, 1, 'Approved', '2025-12-27 18:37:03', '2025-12-27 14:09:49');
INSERT INTO `approval_record` (`id`, `title`, `type_code`, `content`, `initiator_id`, `priority`, `status`, `current_node_order`, `workflow_id`, `created_at`, `completed_at`) VALUES ('9e754ec9e1964c52884515fafb4d5a95', 'PURCHASE - Generated', 'PURCHASE', '{}', 13, 0, 2, 2, 3, '2026-01-17 21:54:51', NULL);
INSERT INTO `operation_log` (`user_id`, `module`, `operation`, `target_id`, `detail`, `user_agent`, `created_at`) VALUES (13, 'APPROVAL', 'SUBMIT', '9e754ec9e1964c52884515fafb4d5a95', 'Initiated Request', 'Generated Script', '2026-01-17 21:54:51');
INSERT INTO `operation_log` (`user_id`, `module`, `operation`, `target_id`, `detail`, `user_agent`, `created_at`) VALUES (5, 'APPROVAL', 'APPROVE', '9e754ec9e1964c52884515fafb4d5a95', 'Approved node 2', 'Generated Script', '2026-01-18 04:55:58');
INSERT INTO `approval_node` (`approval_id`, `node_name`, `approver_id`, `node_order`, `status`, `comment`, `approved_at`, `created_at`) VALUES ('9e754ec9e1964c52884515fafb4d5a95', 'Node 2', 5, 2, 1, 'Approved', '2026-01-18 04:55:58', '2026-01-17 21:54:51');
INSERT INTO `approval_record` (`id`, `title`, `type_code`, `content`, `initiator_id`, `priority`, `status`, `current_node_order`, `workflow_id`, `created_at`, `completed_at`) VALUES ('5b2962998a3a4a82be53d205aefb5fa0', 'PURCHASE - Generated', 'PURCHASE', '{}', 3, 0, 4, 3, 3, '2026-01-04 14:19:32', '2026-01-05 11:21:40');
INSERT INTO `operation_log` (`user_id`, `module`, `operation`, `target_id`, `detail`, `user_agent`, `created_at`) VALUES (3, 'APPROVAL', 'SUBMIT', '5b2962998a3a4a82be53d205aefb5fa0', 'Initiated Request', 'Generated Script', '2026-01-04 14:19:32');
INSERT INTO `operation_log` (`user_id`, `module`, `operation`, `target_id`, `detail`, `user_agent`, `created_at`) VALUES (4, 'APPROVAL', 'APPROVE', '5b2962998a3a4a82be53d205aefb5fa0', 'Approved node 2', 'Generated Script', '2026-01-04 18:57:15');
INSERT INTO `approval_node` (`approval_id`, `node_name`, `approver_id`, `node_order`, `status`, `comment`, `approved_at`, `created_at`) VALUES ('5b2962998a3a4a82be53d205aefb5fa0', 'Node 2', 4, 2, 1, 'Approved', '2026-01-04 18:57:15', '2026-01-04 14:19:32');
INSERT INTO `operation_log` (`user_id`, `module`, `operation`, `target_id`, `detail`, `user_agent`, `created_at`) VALUES (4, 'APPROVAL', 'REJECT', '5b2962998a3a4a82be53d205aefb5fa0', 'Rejected node 3', 'Generated Script', '2026-01-04 20:26:30');
INSERT INTO `approval_node` (`approval_id`, `node_name`, `approver_id`, `node_order`, `status`, `comment`, `approved_at`, `created_at`) VALUES ('5b2962998a3a4a82be53d205aefb5fa0', 'Node 3', 4, 3, 2, 'Rejected', '2026-01-04 20:26:30', '2026-01-04 14:19:32');
INSERT INTO `approval_record` (`id`, `title`, `type_code`, `content`, `initiator_id`, `priority`, `status`, `current_node_order`, `workflow_id`, `created_at`, `completed_at`) VALUES ('f62671775c1c45729c9f6cb0d3a5d49b', 'OVERTIME - Generated', 'OVERTIME', '{}', 16, 2, 3, 3, 5, '2025-12-21 04:30:55', '2025-12-22 08:27:09');
INSERT INTO `operation_log` (`user_id`, `module`, `operation`, `target_id`, `detail`, `user_agent`, `created_at`) VALUES (16, 'APPROVAL', 'SUBMIT', 'f62671775c1c45729c9f6cb0d3a5d49b', 'Initiated Request', 'Generated Script', '2025-12-21 04:30:55');
INSERT INTO `operation_log` (`user_id`, `module`, `operation`, `target_id`, `detail`, `user_agent`, `created_at`) VALUES (5, 'APPROVAL', 'APPROVE', 'f62671775c1c45729c9f6cb0d3a5d49b', 'Approved node 2', 'Generated Script', '2025-12-21 08:43:39');
INSERT INTO `approval_node` (`approval_id`, `node_name`, `approver_id`, `node_order`, `status`, `comment`, `approved_at`, `created_at`) VALUES ('f62671775c1c45729c9f6cb0d3a5d49b', 'Node 2', 5, 2, 1, 'Approved', '2025-12-21 08:43:39', '2025-12-21 04:30:55');
INSERT INTO `operation_log` (`user_id`, `module`, `operation`, `target_id`, `detail`, `user_agent`, `created_at`) VALUES (4, 'APPROVAL', 'APPROVE', 'f62671775c1c45729c9f6cb0d3a5d49b', 'Approved node 3', 'Generated Script', '2025-12-21 11:29:30');
INSERT INTO `approval_node` (`approval_id`, `node_name`, `approver_id`, `node_order`, `status`, `comment`, `approved_at`, `created_at`) VALUES ('f62671775c1c45729c9f6cb0d3a5d49b', 'Node 3', 4, 3, 1, 'Approved', '2025-12-21 11:29:30', '2025-12-21 04:30:55');
INSERT INTO `approval_record` (`id`, `title`, `type_code`, `content`, `initiator_id`, `priority`, `status`, `current_node_order`, `workflow_id`, `created_at`, `completed_at`) VALUES ('54aaf2867fa546d68117a2e23e8590ef', 'BUSINESS_TRIP - Generated', 'BUSINESS_TRIP', '{}', 17, 1, 3, 3, 4, '2026-01-02 14:07:18', '2026-01-02 19:20:32');
INSERT INTO `operation_log` (`user_id`, `module`, `operation`, `target_id`, `detail`, `user_agent`, `created_at`) VALUES (17, 'APPROVAL', 'SUBMIT', '54aaf2867fa546d68117a2e23e8590ef', 'Initiated Request', 'Generated Script', '2026-01-02 14:07:18');
INSERT INTO `operation_log` (`user_id`, `module`, `operation`, `target_id`, `detail`, `user_agent`, `created_at`) VALUES (5, 'APPROVAL', 'APPROVE', '54aaf2867fa546d68117a2e23e8590ef', 'Approved node 2', 'Generated Script', '2026-01-02 19:37:45');
INSERT INTO `approval_node` (`approval_id`, `node_name`, `approver_id`, `node_order`, `status`, `comment`, `approved_at`, `created_at`) VALUES ('54aaf2867fa546d68117a2e23e8590ef', 'Node 2', 5, 2, 1, 'Approved', '2026-01-02 19:37:45', '2026-01-02 14:07:18');
INSERT INTO `operation_log` (`user_id`, `module`, `operation`, `target_id`, `detail`, `user_agent`, `created_at`) VALUES (2, 'APPROVAL', 'APPROVE', '54aaf2867fa546d68117a2e23e8590ef', 'Approved node 3', 'Generated Script', '2026-01-02 20:36:27');
INSERT INTO `approval_node` (`approval_id`, `node_name`, `approver_id`, `node_order`, `status`, `comment`, `approved_at`, `created_at`) VALUES ('54aaf2867fa546d68117a2e23e8590ef', 'Node 3', 2, 3, 1, 'Approved', '2026-01-02 20:36:27', '2026-01-02 14:07:18');
INSERT INTO `approval_record` (`id`, `title`, `type_code`, `content`, `initiator_id`, `priority`, `status`, `current_node_order`, `workflow_id`, `created_at`, `completed_at`) VALUES ('7f5c41ce3ed5435990ae64bd69483ae2', 'LEAVE - Generated', 'LEAVE', '{}', 16, 1, 1, 1, 1, '2025-12-03 18:58:46', NULL);
INSERT INTO `operation_log` (`user_id`, `module`, `operation`, `target_id`, `detail`, `user_agent`, `created_at`) VALUES (16, 'APPROVAL', 'SUBMIT', '7f5c41ce3ed5435990ae64bd69483ae2', 'Initiated Request', 'Generated Script', '2025-12-03 18:58:46');
INSERT INTO `approval_record` (`id`, `title`, `type_code`, `content`, `initiator_id`, `priority`, `status`, `current_node_order`, `workflow_id`, `created_at`, `completed_at`) VALUES ('35a1eb216ad249d5bfd2f1db46c21764', 'EXPENSE - Generated', 'EXPENSE', '{}', 1, 2, 3, 3, 2, '2026-01-10 06:55:16', '2026-01-12 11:07:12');
INSERT INTO `operation_log` (`user_id`, `module`, `operation`, `target_id`, `detail`, `user_agent`, `created_at`) VALUES (1, 'APPROVAL', 'SUBMIT', '35a1eb216ad249d5bfd2f1db46c21764', 'Initiated Request', 'Generated Script', '2026-01-10 06:55:16');
INSERT INTO `operation_log` (`user_id`, `module`, `operation`, `target_id`, `detail`, `user_agent`, `created_at`) VALUES (3, 'APPROVAL', 'APPROVE', '35a1eb216ad249d5bfd2f1db46c21764', 'Approved node 2', 'Generated Script', '2026-01-10 12:08:58');
INSERT INTO `approval_node` (`approval_id`, `node_name`, `approver_id`, `node_order`, `status`, `comment`, `approved_at`, `created_at`) VALUES ('35a1eb216ad249d5bfd2f1db46c21764', 'Node 2', 3, 2, 1, 'Approved', '2026-01-10 12:08:58', '2026-01-10 06:55:16');
INSERT INTO `operation_log` (`user_id`, `module`, `operation`, `target_id`, `detail`, `user_agent`, `created_at`) VALUES (2, 'APPROVAL', 'APPROVE', '35a1eb216ad249d5bfd2f1db46c21764', 'Approved node 3', 'Generated Script', '2026-01-10 13:45:03');
INSERT INTO `approval_node` (`approval_id`, `node_name`, `approver_id`, `node_order`, `status`, `comment`, `approved_at`, `created_at`) VALUES ('35a1eb216ad249d5bfd2f1db46c21764', 'Node 3', 2, 3, 1, 'Approved', '2026-01-10 13:45:03', '2026-01-10 06:55:16');
INSERT INTO `approval_record` (`id`, `title`, `type_code`, `content`, `initiator_id`, `priority`, `status`, `current_node_order`, `workflow_id`, `created_at`, `completed_at`) VALUES ('55219ec86eaa41edb1aa5f8788a1f7f0', 'OVERTIME - Generated', 'OVERTIME', '{}', 6, 1, 3, 3, 5, '2025-11-23 17:49:02', '2025-11-24 15:11:12');
INSERT INTO `operation_log` (`user_id`, `module`, `operation`, `target_id`, `detail`, `user_agent`, `created_at`) VALUES (6, 'APPROVAL', 'SUBMIT', '55219ec86eaa41edb1aa5f8788a1f7f0', 'Initiated Request', 'Generated Script', '2025-11-23 17:49:02');
INSERT INTO `operation_log` (`user_id`, `module`, `operation`, `target_id`, `detail`, `user_agent`, `created_at`) VALUES (5, 'APPROVAL', 'APPROVE', '55219ec86eaa41edb1aa5f8788a1f7f0', 'Approved node 2', 'Generated Script', '2025-11-23 22:06:39');
INSERT INTO `approval_node` (`approval_id`, `node_name`, `approver_id`, `node_order`, `status`, `comment`, `approved_at`, `created_at`) VALUES ('55219ec86eaa41edb1aa5f8788a1f7f0', 'Node 2', 5, 2, 1, 'Approved', '2025-11-23 22:06:39', '2025-11-23 17:49:02');
INSERT INTO `operation_log` (`user_id`, `module`, `operation`, `target_id`, `detail`, `user_agent`, `created_at`) VALUES (1, 'APPROVAL', 'APPROVE', '55219ec86eaa41edb1aa5f8788a1f7f0', 'Approved node 3', 'Generated Script', '2025-11-24 01:44:35');
INSERT INTO `approval_node` (`approval_id`, `node_name`, `approver_id`, `node_order`, `status`, `comment`, `approved_at`, `created_at`) VALUES ('55219ec86eaa41edb1aa5f8788a1f7f0', 'Node 3', 1, 3, 1, 'Approved', '2025-11-24 01:44:35', '2025-11-23 17:49:02');
INSERT INTO `approval_record` (`id`, `title`, `type_code`, `content`, `initiator_id`, `priority`, `status`, `current_node_order`, `workflow_id`, `created_at`, `completed_at`) VALUES ('2699558e233e4befa7d2af8fd61e6914', 'BUSINESS_TRIP - Generated', 'BUSINESS_TRIP', '{}', 8, 0, 4, 3, 4, '2026-01-12 04:21:41', '2026-01-13 21:55:28');
INSERT INTO `operation_log` (`user_id`, `module`, `operation`, `target_id`, `detail`, `user_agent`, `created_at`) VALUES (8, 'APPROVAL', 'SUBMIT', '2699558e233e4befa7d2af8fd61e6914', 'Initiated Request', 'Generated Script', '2026-01-12 04:21:41');
INSERT INTO `operation_log` (`user_id`, `module`, `operation`, `target_id`, `detail`, `user_agent`, `created_at`) VALUES (3, 'APPROVAL', 'APPROVE', '2699558e233e4befa7d2af8fd61e6914', 'Approved node 2', 'Generated Script', '2026-01-12 07:26:26');
INSERT INTO `approval_node` (`approval_id`, `node_name`, `approver_id`, `node_order`, `status`, `comment`, `approved_at`, `created_at`) VALUES ('2699558e233e4befa7d2af8fd61e6914', 'Node 2', 3, 2, 1, 'Approved', '2026-01-12 07:26:26', '2026-01-12 04:21:41');
INSERT INTO `operation_log` (`user_id`, `module`, `operation`, `target_id`, `detail`, `user_agent`, `created_at`) VALUES (5, 'APPROVAL', 'REJECT', '2699558e233e4befa7d2af8fd61e6914', 'Rejected node 3', 'Generated Script', '2026-01-12 09:17:04');
INSERT INTO `approval_node` (`approval_id`, `node_name`, `approver_id`, `node_order`, `status`, `comment`, `approved_at`, `created_at`) VALUES ('2699558e233e4befa7d2af8fd61e6914', 'Node 3', 5, 3, 2, 'Rejected', '2026-01-12 09:17:04', '2026-01-12 04:21:41');
INSERT INTO `approval_record` (`id`, `title`, `type_code`, `content`, `initiator_id`, `priority`, `status`, `current_node_order`, `workflow_id`, `created_at`, `completed_at`) VALUES ('7cc4c886b3db4fc787979bffe3887fdf', 'PURCHASE - Generated', 'PURCHASE', '{}', 4, 2, 1, 1, 3, '2025-12-14 04:26:42', NULL);
INSERT INTO `operation_log` (`user_id`, `module`, `operation`, `target_id`, `detail`, `user_agent`, `created_at`) VALUES (4, 'APPROVAL', 'SUBMIT', '7cc4c886b3db4fc787979bffe3887fdf', 'Initiated Request', 'Generated Script', '2025-12-14 04:26:42');
INSERT INTO `approval_record` (`id`, `title`, `type_code`, `content`, `initiator_id`, `priority`, `status`, `current_node_order`, `workflow_id`, `created_at`, `completed_at`) VALUES ('314626258c694e4bbc7dfd42bc6ab680', 'BUSINESS_TRIP - Generated', 'BUSINESS_TRIP', '{}', 1, 0, 3, 3, 4, '2026-01-02 11:36:20', '2026-01-04 02:58:01');
INSERT INTO `operation_log` (`user_id`, `module`, `operation`, `target_id`, `detail`, `user_agent`, `created_at`) VALUES (1, 'APPROVAL', 'SUBMIT', '314626258c694e4bbc7dfd42bc6ab680', 'Initiated Request', 'Generated Script', '2026-01-02 11:36:20');
INSERT INTO `operation_log` (`user_id`, `module`, `operation`, `target_id`, `detail`, `user_agent`, `created_at`) VALUES (2, 'APPROVAL', 'APPROVE', '314626258c694e4bbc7dfd42bc6ab680', 'Approved node 2', 'Generated Script', '2026-01-02 16:27:53');
INSERT INTO `approval_node` (`approval_id`, `node_name`, `approver_id`, `node_order`, `status`, `comment`, `approved_at`, `created_at`) VALUES ('314626258c694e4bbc7dfd42bc6ab680', 'Node 2', 2, 2, 1, 'Approved', '2026-01-02 16:27:53', '2026-01-02 11:36:20');
INSERT INTO `operation_log` (`user_id`, `module`, `operation`, `target_id`, `detail`, `user_agent`, `created_at`) VALUES (4, 'APPROVAL', 'APPROVE', '314626258c694e4bbc7dfd42bc6ab680', 'Approved node 3', 'Generated Script', '2026-01-02 19:43:40');
INSERT INTO `approval_node` (`approval_id`, `node_name`, `approver_id`, `node_order`, `status`, `comment`, `approved_at`, `created_at`) VALUES ('314626258c694e4bbc7dfd42bc6ab680', 'Node 3', 4, 3, 1, 'Approved', '2026-01-02 19:43:40', '2026-01-02 11:36:20');
INSERT INTO `approval_record` (`id`, `title`, `type_code`, `content`, `initiator_id`, `priority`, `status`, `current_node_order`, `workflow_id`, `created_at`, `completed_at`) VALUES ('41889fb5b392490f98a22c93aa1788e6', 'CONTRACT - Generated', 'CONTRACT', '{}', 10, 0, 4, 3, 6, '2025-11-17 23:49:33', '2025-11-19 04:55:59');
INSERT INTO `operation_log` (`user_id`, `module`, `operation`, `target_id`, `detail`, `user_agent`, `created_at`) VALUES (10, 'APPROVAL', 'SUBMIT', '41889fb5b392490f98a22c93aa1788e6', 'Initiated Request', 'Generated Script', '2025-11-17 23:49:33');
INSERT INTO `operation_log` (`user_id`, `module`, `operation`, `target_id`, `detail`, `user_agent`, `created_at`) VALUES (4, 'APPROVAL', 'APPROVE', '41889fb5b392490f98a22c93aa1788e6', 'Approved node 2', 'Generated Script', '2025-11-18 05:42:08');
INSERT INTO `approval_node` (`approval_id`, `node_name`, `approver_id`, `node_order`, `status`, `comment`, `approved_at`, `created_at`) VALUES ('41889fb5b392490f98a22c93aa1788e6', 'Node 2', 4, 2, 1, 'Approved', '2025-11-18 05:42:08', '2025-11-17 23:49:33');
INSERT INTO `operation_log` (`user_id`, `module`, `operation`, `target_id`, `detail`, `user_agent`, `created_at`) VALUES (1, 'APPROVAL', 'REJECT', '41889fb5b392490f98a22c93aa1788e6', 'Rejected node 3', 'Generated Script', '2025-11-18 07:07:08');
INSERT INTO `approval_node` (`approval_id`, `node_name`, `approver_id`, `node_order`, `status`, `comment`, `approved_at`, `created_at`) VALUES ('41889fb5b392490f98a22c93aa1788e6', 'Node 3', 1, 3, 2, 'Rejected', '2025-11-18 07:07:08', '2025-11-17 23:49:33');
INSERT INTO `approval_record` (`id`, `title`, `type_code`, `content`, `initiator_id`, `priority`, `status`, `current_node_order`, `workflow_id`, `created_at`, `completed_at`) VALUES ('b99b5160615a4bf7bd25de7810942e0b', 'LEAVE - Generated', 'LEAVE', '{}', 3, 0, 3, 3, 1, '2026-01-07 15:06:02', '2026-01-09 02:12:43');
INSERT INTO `operation_log` (`user_id`, `module`, `operation`, `target_id`, `detail`, `user_agent`, `created_at`) VALUES (3, 'APPROVAL', 'SUBMIT', 'b99b5160615a4bf7bd25de7810942e0b', 'Initiated Request', 'Generated Script', '2026-01-07 15:06:02');
INSERT INTO `operation_log` (`user_id`, `module`, `operation`, `target_id`, `detail`, `user_agent`, `created_at`) VALUES (2, 'APPROVAL', 'APPROVE', 'b99b5160615a4bf7bd25de7810942e0b', 'Approved node 2', 'Generated Script', '2026-01-07 18:49:34');
INSERT INTO `approval_node` (`approval_id`, `node_name`, `approver_id`, `node_order`, `status`, `comment`, `approved_at`, `created_at`) VALUES ('b99b5160615a4bf7bd25de7810942e0b', 'Node 2', 2, 2, 1, 'Approved', '2026-01-07 18:49:34', '2026-01-07 15:06:02');
INSERT INTO `operation_log` (`user_id`, `module`, `operation`, `target_id`, `detail`, `user_agent`, `created_at`) VALUES (5, 'APPROVAL', 'APPROVE', 'b99b5160615a4bf7bd25de7810942e0b', 'Approved node 3', 'Generated Script', '2026-01-07 19:36:09');
INSERT INTO `approval_node` (`approval_id`, `node_name`, `approver_id`, `node_order`, `status`, `comment`, `approved_at`, `created_at`) VALUES ('b99b5160615a4bf7bd25de7810942e0b', 'Node 3', 5, 3, 1, 'Approved', '2026-01-07 19:36:09', '2026-01-07 15:06:02');
INSERT INTO `approval_record` (`id`, `title`, `type_code`, `content`, `initiator_id`, `priority`, `status`, `current_node_order`, `workflow_id`, `created_at`, `completed_at`) VALUES ('03bd7e14a83845c6a04d3624acac30b0', 'LEAVE - Generated', 'LEAVE', '{}', 3, 0, 3, 3, 1, '2025-11-17 02:04:43', '2025-11-17 22:58:28');
INSERT INTO `operation_log` (`user_id`, `module`, `operation`, `target_id`, `detail`, `user_agent`, `created_at`) VALUES (3, 'APPROVAL', 'SUBMIT', '03bd7e14a83845c6a04d3624acac30b0', 'Initiated Request', 'Generated Script', '2025-11-17 02:04:43');
INSERT INTO `operation_log` (`user_id`, `module`, `operation`, `target_id`, `detail`, `user_agent`, `created_at`) VALUES (5, 'APPROVAL', 'APPROVE', '03bd7e14a83845c6a04d3624acac30b0', 'Approved node 2', 'Generated Script', '2025-11-17 09:42:57');
INSERT INTO `approval_node` (`approval_id`, `node_name`, `approver_id`, `node_order`, `status`, `comment`, `approved_at`, `created_at`) VALUES ('03bd7e14a83845c6a04d3624acac30b0', 'Node 2', 5, 2, 1, 'Approved', '2025-11-17 09:42:57', '2025-11-17 02:04:43');
INSERT INTO `operation_log` (`user_id`, `module`, `operation`, `target_id`, `detail`, `user_agent`, `created_at`) VALUES (2, 'APPROVAL', 'APPROVE', '03bd7e14a83845c6a04d3624acac30b0', 'Approved node 3', 'Generated Script', '2025-11-17 12:27:24');
INSERT INTO `approval_node` (`approval_id`, `node_name`, `approver_id`, `node_order`, `status`, `comment`, `approved_at`, `created_at`) VALUES ('03bd7e14a83845c6a04d3624acac30b0', 'Node 3', 2, 3, 1, 'Approved', '2025-11-17 12:27:24', '2025-11-17 02:04:43');
INSERT INTO `approval_record` (`id`, `title`, `type_code`, `content`, `initiator_id`, `priority`, `status`, `current_node_order`, `workflow_id`, `created_at`, `completed_at`) VALUES ('50968b0abb80485cb73b43271c51618c', 'LEAVE - Generated', 'LEAVE', '{}', 5, 2, 1, 1, 1, '2026-01-16 15:58:25', NULL);
INSERT INTO `operation_log` (`user_id`, `module`, `operation`, `target_id`, `detail`, `user_agent`, `created_at`) VALUES (5, 'APPROVAL', 'SUBMIT', '50968b0abb80485cb73b43271c51618c', 'Initiated Request', 'Generated Script', '2026-01-16 15:58:25');
INSERT INTO `approval_record` (`id`, `title`, `type_code`, `content`, `initiator_id`, `priority`, `status`, `current_node_order`, `workflow_id`, `created_at`, `completed_at`) VALUES ('cd16b59761fb410a966a66f2b79ecda6', 'BUSINESS_TRIP - Generated', 'BUSINESS_TRIP', '{}', 3, 2, 3, 3, 4, '2025-12-25 23:04:41', '2025-12-28 15:17:05');
INSERT INTO `operation_log` (`user_id`, `module`, `operation`, `target_id`, `detail`, `user_agent`, `created_at`) VALUES (3, 'APPROVAL', 'SUBMIT', 'cd16b59761fb410a966a66f2b79ecda6', 'Initiated Request', 'Generated Script', '2025-12-25 23:04:41');
INSERT INTO `operation_log` (`user_id`, `module`, `operation`, `target_id`, `detail`, `user_agent`, `created_at`) VALUES (2, 'APPROVAL', 'APPROVE', 'cd16b59761fb410a966a66f2b79ecda6', 'Approved node 2', 'Generated Script', '2025-12-26 02:25:17');
INSERT INTO `approval_node` (`approval_id`, `node_name`, `approver_id`, `node_order`, `status`, `comment`, `approved_at`, `created_at`) VALUES ('cd16b59761fb410a966a66f2b79ecda6', 'Node 2', 2, 2, 1, 'Approved', '2025-12-26 02:25:17', '2025-12-25 23:04:41');
INSERT INTO `operation_log` (`user_id`, `module`, `operation`, `target_id`, `detail`, `user_agent`, `created_at`) VALUES (5, 'APPROVAL', 'APPROVE', 'cd16b59761fb410a966a66f2b79ecda6', 'Approved node 3', 'Generated Script', '2025-12-26 04:30:22');
INSERT INTO `approval_node` (`approval_id`, `node_name`, `approver_id`, `node_order`, `status`, `comment`, `approved_at`, `created_at`) VALUES ('cd16b59761fb410a966a66f2b79ecda6', 'Node 3', 5, 3, 1, 'Approved', '2025-12-26 04:30:22', '2025-12-25 23:04:41');
INSERT INTO `approval_record` (`id`, `title`, `type_code`, `content`, `initiator_id`, `priority`, `status`, `current_node_order`, `workflow_id`, `created_at`, `completed_at`) VALUES ('7ef29588ed69485f969bf144bebab3eb', 'BUSINESS_TRIP - Generated', 'BUSINESS_TRIP', '{}', 3, 2, 4, 3, 4, '2025-10-30 05:14:29', '2025-10-30 12:55:03');
INSERT INTO `operation_log` (`user_id`, `module`, `operation`, `target_id`, `detail`, `user_agent`, `created_at`) VALUES (3, 'APPROVAL', 'SUBMIT', '7ef29588ed69485f969bf144bebab3eb', 'Initiated Request', 'Generated Script', '2025-10-30 05:14:29');
INSERT INTO `operation_log` (`user_id`, `module`, `operation`, `target_id`, `detail`, `user_agent`, `created_at`) VALUES (4, 'APPROVAL', 'APPROVE', '7ef29588ed69485f969bf144bebab3eb', 'Approved node 2', 'Generated Script', '2025-10-30 08:04:28');
INSERT INTO `approval_node` (`approval_id`, `node_name`, `approver_id`, `node_order`, `status`, `comment`, `approved_at`, `created_at`) VALUES ('7ef29588ed69485f969bf144bebab3eb', 'Node 2', 4, 2, 1, 'Approved', '2025-10-30 08:04:28', '2025-10-30 05:14:29');
INSERT INTO `operation_log` (`user_id`, `module`, `operation`, `target_id`, `detail`, `user_agent`, `created_at`) VALUES (1, 'APPROVAL', 'REJECT', '7ef29588ed69485f969bf144bebab3eb', 'Rejected node 3', 'Generated Script', '2025-10-30 12:02:41');
INSERT INTO `approval_node` (`approval_id`, `node_name`, `approver_id`, `node_order`, `status`, `comment`, `approved_at`, `created_at`) VALUES ('7ef29588ed69485f969bf144bebab3eb', 'Node 3', 1, 3, 2, 'Rejected', '2025-10-30 12:02:41', '2025-10-30 05:14:29');
INSERT INTO `approval_record` (`id`, `title`, `type_code`, `content`, `initiator_id`, `priority`, `status`, `current_node_order`, `workflow_id`, `created_at`, `completed_at`) VALUES ('97fca8089d754d6f952aeb4c4cd4a73e', 'LEAVE - Generated', 'LEAVE', '{}', 2, 1, 1, 1, 1, '2025-12-01 06:02:50', NULL);
INSERT INTO `operation_log` (`user_id`, `module`, `operation`, `target_id`, `detail`, `user_agent`, `created_at`) VALUES (2, 'APPROVAL', 'SUBMIT', '97fca8089d754d6f952aeb4c4cd4a73e', 'Initiated Request', 'Generated Script', '2025-12-01 06:02:50');
INSERT INTO `approval_record` (`id`, `title`, `type_code`, `content`, `initiator_id`, `priority`, `status`, `current_node_order`, `workflow_id`, `created_at`, `completed_at`) VALUES ('32fa1fe00279405cb6e86546012beceb', 'EXPENSE - Generated', 'EXPENSE', '{}', 7, 1, 3, 3, 2, '2025-12-30 21:25:44', '2026-01-01 20:53:57');
INSERT INTO `operation_log` (`user_id`, `module`, `operation`, `target_id`, `detail`, `user_agent`, `created_at`) VALUES (7, 'APPROVAL', 'SUBMIT', '32fa1fe00279405cb6e86546012beceb', 'Initiated Request', 'Generated Script', '2025-12-30 21:25:44');
INSERT INTO `operation_log` (`user_id`, `module`, `operation`, `target_id`, `detail`, `user_agent`, `created_at`) VALUES (2, 'APPROVAL', 'APPROVE', '32fa1fe00279405cb6e86546012beceb', 'Approved node 2', 'Generated Script', '2025-12-31 01:45:39');
INSERT INTO `approval_node` (`approval_id`, `node_name`, `approver_id`, `node_order`, `status`, `comment`, `approved_at`, `created_at`) VALUES ('32fa1fe00279405cb6e86546012beceb', 'Node 2', 2, 2, 1, 'Approved', '2025-12-31 01:45:39', '2025-12-30 21:25:44');
INSERT INTO `operation_log` (`user_id`, `module`, `operation`, `target_id`, `detail`, `user_agent`, `created_at`) VALUES (3, 'APPROVAL', 'APPROVE', '32fa1fe00279405cb6e86546012beceb', 'Approved node 3', 'Generated Script', '2025-12-31 03:55:55');
INSERT INTO `approval_node` (`approval_id`, `node_name`, `approver_id`, `node_order`, `status`, `comment`, `approved_at`, `created_at`) VALUES ('32fa1fe00279405cb6e86546012beceb', 'Node 3', 3, 3, 1, 'Approved', '2025-12-31 03:55:55', '2025-12-30 21:25:44');
INSERT INTO `approval_record` (`id`, `title`, `type_code`, `content`, `initiator_id`, `priority`, `status`, `current_node_order`, `workflow_id`, `created_at`, `completed_at`) VALUES ('672c5c00e49a49d98c929b660882afaf', 'EXPENSE - Generated', 'EXPENSE', '{}', 12, 1, 3, 3, 2, '2026-01-07 04:13:53', '2026-01-09 04:09:49');
INSERT INTO `operation_log` (`user_id`, `module`, `operation`, `target_id`, `detail`, `user_agent`, `created_at`) VALUES (12, 'APPROVAL', 'SUBMIT', '672c5c00e49a49d98c929b660882afaf', 'Initiated Request', 'Generated Script', '2026-01-07 04:13:53');
INSERT INTO `operation_log` (`user_id`, `module`, `operation`, `target_id`, `detail`, `user_agent`, `created_at`) VALUES (2, 'APPROVAL', 'APPROVE', '672c5c00e49a49d98c929b660882afaf', 'Approved node 2', 'Generated Script', '2026-01-07 07:02:08');
INSERT INTO `approval_node` (`approval_id`, `node_name`, `approver_id`, `node_order`, `status`, `comment`, `approved_at`, `created_at`) VALUES ('672c5c00e49a49d98c929b660882afaf', 'Node 2', 2, 2, 1, 'Approved', '2026-01-07 07:02:08', '2026-01-07 04:13:53');
INSERT INTO `operation_log` (`user_id`, `module`, `operation`, `target_id`, `detail`, `user_agent`, `created_at`) VALUES (5, 'APPROVAL', 'APPROVE', '672c5c00e49a49d98c929b660882afaf', 'Approved node 3', 'Generated Script', '2026-01-07 09:51:51');
INSERT INTO `approval_node` (`approval_id`, `node_name`, `approver_id`, `node_order`, `status`, `comment`, `approved_at`, `created_at`) VALUES ('672c5c00e49a49d98c929b660882afaf', 'Node 3', 5, 3, 1, 'Approved', '2026-01-07 09:51:51', '2026-01-07 04:13:53');
INSERT INTO `approval_record` (`id`, `title`, `type_code`, `content`, `initiator_id`, `priority`, `status`, `current_node_order`, `workflow_id`, `created_at`, `completed_at`) VALUES ('8a5d19d6f935436981bf0d4779e7294d', 'CONTRACT - Generated', 'CONTRACT', '{}', 14, 1, 1, 1, 6, '2025-10-21 16:13:59', NULL);
INSERT INTO `operation_log` (`user_id`, `module`, `operation`, `target_id`, `detail`, `user_agent`, `created_at`) VALUES (14, 'APPROVAL', 'SUBMIT', '8a5d19d6f935436981bf0d4779e7294d', 'Initiated Request', 'Generated Script', '2025-10-21 16:13:59');
INSERT INTO `approval_record` (`id`, `title`, `type_code`, `content`, `initiator_id`, `priority`, `status`, `current_node_order`, `workflow_id`, `created_at`, `completed_at`) VALUES ('54914d0677de43a293be2619bd291167', 'CONTRACT - Generated', 'CONTRACT', '{}', 17, 1, 3, 3, 6, '2026-01-10 02:39:24', '2026-01-11 17:34:21');
INSERT INTO `operation_log` (`user_id`, `module`, `operation`, `target_id`, `detail`, `user_agent`, `created_at`) VALUES (17, 'APPROVAL', 'SUBMIT', '54914d0677de43a293be2619bd291167', 'Initiated Request', 'Generated Script', '2026-01-10 02:39:24');
INSERT INTO `operation_log` (`user_id`, `module`, `operation`, `target_id`, `detail`, `user_agent`, `created_at`) VALUES (5, 'APPROVAL', 'APPROVE', '54914d0677de43a293be2619bd291167', 'Approved node 2', 'Generated Script', '2026-01-10 04:24:50');
INSERT INTO `approval_node` (`approval_id`, `node_name`, `approver_id`, `node_order`, `status`, `comment`, `approved_at`, `created_at`) VALUES ('54914d0677de43a293be2619bd291167', 'Node 2', 5, 2, 1, 'Approved', '2026-01-10 04:24:50', '2026-01-10 02:39:24');
INSERT INTO `operation_log` (`user_id`, `module`, `operation`, `target_id`, `detail`, `user_agent`, `created_at`) VALUES (3, 'APPROVAL', 'APPROVE', '54914d0677de43a293be2619bd291167', 'Approved node 3', 'Generated Script', '2026-01-10 07:16:06');
INSERT INTO `approval_node` (`approval_id`, `node_name`, `approver_id`, `node_order`, `status`, `comment`, `approved_at`, `created_at`) VALUES ('54914d0677de43a293be2619bd291167', 'Node 3', 3, 3, 1, 'Approved', '2026-01-10 07:16:06', '2026-01-10 02:39:24');
INSERT INTO `approval_record` (`id`, `title`, `type_code`, `content`, `initiator_id`, `priority`, `status`, `current_node_order`, `workflow_id`, `created_at`, `completed_at`) VALUES ('9761c3a365cf4886bcec73ace3790fa6', 'OVERTIME - Generated', 'OVERTIME', '{}', 4, 0, 4, 3, 5, '2025-12-12 18:48:06', '2025-12-13 14:33:46');
INSERT INTO `operation_log` (`user_id`, `module`, `operation`, `target_id`, `detail`, `user_agent`, `created_at`) VALUES (4, 'APPROVAL', 'SUBMIT', '9761c3a365cf4886bcec73ace3790fa6', 'Initiated Request', 'Generated Script', '2025-12-12 18:48:06');
INSERT INTO `operation_log` (`user_id`, `module`, `operation`, `target_id`, `detail`, `user_agent`, `created_at`) VALUES (2, 'APPROVAL', 'APPROVE', '9761c3a365cf4886bcec73ace3790fa6', 'Approved node 2', 'Generated Script', '2025-12-12 23:42:22');
INSERT INTO `approval_node` (`approval_id`, `node_name`, `approver_id`, `node_order`, `status`, `comment`, `approved_at`, `created_at`) VALUES ('9761c3a365cf4886bcec73ace3790fa6', 'Node 2', 2, 2, 1, 'Approved', '2025-12-12 23:42:22', '2025-12-12 18:48:06');
INSERT INTO `operation_log` (`user_id`, `module`, `operation`, `target_id`, `detail`, `user_agent`, `created_at`) VALUES (5, 'APPROVAL', 'REJECT', '9761c3a365cf4886bcec73ace3790fa6', 'Rejected node 3', 'Generated Script', '2025-12-13 03:35:04');
INSERT INTO `approval_node` (`approval_id`, `node_name`, `approver_id`, `node_order`, `status`, `comment`, `approved_at`, `created_at`) VALUES ('9761c3a365cf4886bcec73ace3790fa6', 'Node 3', 5, 3, 2, 'Rejected', '2025-12-13 03:35:04', '2025-12-12 18:48:06');
INSERT INTO `approval_record` (`id`, `title`, `type_code`, `content`, `initiator_id`, `priority`, `status`, `current_node_order`, `workflow_id`, `created_at`, `completed_at`) VALUES ('d8d32a8897414948855ccd435ab07a46', 'CONTRACT - Generated', 'CONTRACT', '{}', 10, 2, 3, 3, 6, '2025-10-23 21:08:42', '2025-10-24 22:56:09');
INSERT INTO `operation_log` (`user_id`, `module`, `operation`, `target_id`, `detail`, `user_agent`, `created_at`) VALUES (10, 'APPROVAL', 'SUBMIT', 'd8d32a8897414948855ccd435ab07a46', 'Initiated Request', 'Generated Script', '2025-10-23 21:08:42');
INSERT INTO `operation_log` (`user_id`, `module`, `operation`, `target_id`, `detail`, `user_agent`, `created_at`) VALUES (5, 'APPROVAL', 'APPROVE', 'd8d32a8897414948855ccd435ab07a46', 'Approved node 2', 'Generated Script', '2025-10-23 23:55:34');
INSERT INTO `approval_node` (`approval_id`, `node_name`, `approver_id`, `node_order`, `status`, `comment`, `approved_at`, `created_at`) VALUES ('d8d32a8897414948855ccd435ab07a46', 'Node 2', 5, 2, 1, 'Approved', '2025-10-23 23:55:34', '2025-10-23 21:08:42');
INSERT INTO `operation_log` (`user_id`, `module`, `operation`, `target_id`, `detail`, `user_agent`, `created_at`) VALUES (3, 'APPROVAL', 'APPROVE', 'd8d32a8897414948855ccd435ab07a46', 'Approved node 3', 'Generated Script', '2025-10-24 01:37:13');
INSERT INTO `approval_node` (`approval_id`, `node_name`, `approver_id`, `node_order`, `status`, `comment`, `approved_at`, `created_at`) VALUES ('d8d32a8897414948855ccd435ab07a46', 'Node 3', 3, 3, 1, 'Approved', '2025-10-24 01:37:13', '2025-10-23 21:08:42');
INSERT INTO `approval_record` (`id`, `title`, `type_code`, `content`, `initiator_id`, `priority`, `status`, `current_node_order`, `workflow_id`, `created_at`, `completed_at`) VALUES ('476202a6e92c4e27a2b3a0fc4cf1ace8', 'OVERTIME - Generated', 'OVERTIME', '{}', 17, 0, 4, 3, 5, '2025-11-23 02:03:28', '2025-11-23 20:20:30');
INSERT INTO `operation_log` (`user_id`, `module`, `operation`, `target_id`, `detail`, `user_agent`, `created_at`) VALUES (17, 'APPROVAL', 'SUBMIT', '476202a6e92c4e27a2b3a0fc4cf1ace8', 'Initiated Request', 'Generated Script', '2025-11-23 02:03:28');
INSERT INTO `operation_log` (`user_id`, `module`, `operation`, `target_id`, `detail`, `user_agent`, `created_at`) VALUES (5, 'APPROVAL', 'APPROVE', '476202a6e92c4e27a2b3a0fc4cf1ace8', 'Approved node 2', 'Generated Script', '2025-11-23 04:48:29');
INSERT INTO `approval_node` (`approval_id`, `node_name`, `approver_id`, `node_order`, `status`, `comment`, `approved_at`, `created_at`) VALUES ('476202a6e92c4e27a2b3a0fc4cf1ace8', 'Node 2', 5, 2, 1, 'Approved', '2025-11-23 04:48:29', '2025-11-23 02:03:28');
INSERT INTO `operation_log` (`user_id`, `module`, `operation`, `target_id`, `detail`, `user_agent`, `created_at`) VALUES (1, 'APPROVAL', 'REJECT', '476202a6e92c4e27a2b3a0fc4cf1ace8', 'Rejected node 3', 'Generated Script', '2025-11-23 08:35:30');
INSERT INTO `approval_node` (`approval_id`, `node_name`, `approver_id`, `node_order`, `status`, `comment`, `approved_at`, `created_at`) VALUES ('476202a6e92c4e27a2b3a0fc4cf1ace8', 'Node 3', 1, 3, 2, 'Rejected', '2025-11-23 08:35:30', '2025-11-23 02:03:28');
INSERT INTO `approval_record` (`id`, `title`, `type_code`, `content`, `initiator_id`, `priority`, `status`, `current_node_order`, `workflow_id`, `created_at`, `completed_at`) VALUES ('2e8523b5fcb74e5da8506d6485f8b490', 'CONTRACT - Generated', 'CONTRACT', '{}', 19, 0, 3, 3, 6, '2025-11-30 11:31:01', '2025-12-01 15:08:12');
INSERT INTO `operation_log` (`user_id`, `module`, `operation`, `target_id`, `detail`, `user_agent`, `created_at`) VALUES (19, 'APPROVAL', 'SUBMIT', '2e8523b5fcb74e5da8506d6485f8b490', 'Initiated Request', 'Generated Script', '2025-11-30 11:31:01');
INSERT INTO `operation_log` (`user_id`, `module`, `operation`, `target_id`, `detail`, `user_agent`, `created_at`) VALUES (4, 'APPROVAL', 'APPROVE', '2e8523b5fcb74e5da8506d6485f8b490', 'Approved node 2', 'Generated Script', '2025-11-30 15:39:31');
INSERT INTO `approval_node` (`approval_id`, `node_name`, `approver_id`, `node_order`, `status`, `comment`, `approved_at`, `created_at`) VALUES ('2e8523b5fcb74e5da8506d6485f8b490', 'Node 2', 4, 2, 1, 'Approved', '2025-11-30 15:39:31', '2025-11-30 11:31:01');
INSERT INTO `operation_log` (`user_id`, `module`, `operation`, `target_id`, `detail`, `user_agent`, `created_at`) VALUES (4, 'APPROVAL', 'APPROVE', '2e8523b5fcb74e5da8506d6485f8b490', 'Approved node 3', 'Generated Script', '2025-11-30 17:08:29');
INSERT INTO `approval_node` (`approval_id`, `node_name`, `approver_id`, `node_order`, `status`, `comment`, `approved_at`, `created_at`) VALUES ('2e8523b5fcb74e5da8506d6485f8b490', 'Node 3', 4, 3, 1, 'Approved', '2025-11-30 17:08:29', '2025-11-30 11:31:01');
INSERT INTO `approval_record` (`id`, `title`, `type_code`, `content`, `initiator_id`, `priority`, `status`, `current_node_order`, `workflow_id`, `created_at`, `completed_at`) VALUES ('5330e1ec65064da4927fc6ee2920b358', 'EXPENSE - Generated', 'EXPENSE', '{}', 15, 0, 3, 3, 2, '2025-12-18 19:17:24', '2025-12-20 15:56:27');
INSERT INTO `operation_log` (`user_id`, `module`, `operation`, `target_id`, `detail`, `user_agent`, `created_at`) VALUES (15, 'APPROVAL', 'SUBMIT', '5330e1ec65064da4927fc6ee2920b358', 'Initiated Request', 'Generated Script', '2025-12-18 19:17:24');
INSERT INTO `operation_log` (`user_id`, `module`, `operation`, `target_id`, `detail`, `user_agent`, `created_at`) VALUES (3, 'APPROVAL', 'APPROVE', '5330e1ec65064da4927fc6ee2920b358', 'Approved node 2', 'Generated Script', '2025-12-19 00:43:11');
INSERT INTO `approval_node` (`approval_id`, `node_name`, `approver_id`, `node_order`, `status`, `comment`, `approved_at`, `created_at`) VALUES ('5330e1ec65064da4927fc6ee2920b358', 'Node 2', 3, 2, 1, 'Approved', '2025-12-19 00:43:11', '2025-12-18 19:17:24');
INSERT INTO `operation_log` (`user_id`, `module`, `operation`, `target_id`, `detail`, `user_agent`, `created_at`) VALUES (2, 'APPROVAL', 'APPROVE', '5330e1ec65064da4927fc6ee2920b358', 'Approved node 3', 'Generated Script', '2025-12-19 03:41:09');
INSERT INTO `approval_node` (`approval_id`, `node_name`, `approver_id`, `node_order`, `status`, `comment`, `approved_at`, `created_at`) VALUES ('5330e1ec65064da4927fc6ee2920b358', 'Node 3', 2, 3, 1, 'Approved', '2025-12-19 03:41:09', '2025-12-18 19:17:24');
INSERT INTO `approval_record` (`id`, `title`, `type_code`, `content`, `initiator_id`, `priority`, `status`, `current_node_order`, `workflow_id`, `created_at`, `completed_at`) VALUES ('60c2f0714e9049efb6be8fb2f6df2d09', 'LEAVE - Generated', 'LEAVE', '{}', 6, 0, 3, 3, 1, '2025-12-05 08:36:57', '2025-12-07 11:21:29');
INSERT INTO `operation_log` (`user_id`, `module`, `operation`, `target_id`, `detail`, `user_agent`, `created_at`) VALUES (6, 'APPROVAL', 'SUBMIT', '60c2f0714e9049efb6be8fb2f6df2d09', 'Initiated Request', 'Generated Script', '2025-12-05 08:36:57');
INSERT INTO `operation_log` (`user_id`, `module`, `operation`, `target_id`, `detail`, `user_agent`, `created_at`) VALUES (1, 'APPROVAL', 'APPROVE', '60c2f0714e9049efb6be8fb2f6df2d09', 'Approved node 2', 'Generated Script', '2025-12-05 13:57:26');
INSERT INTO `approval_node` (`approval_id`, `node_name`, `approver_id`, `node_order`, `status`, `comment`, `approved_at`, `created_at`) VALUES ('60c2f0714e9049efb6be8fb2f6df2d09', 'Node 2', 1, 2, 1, 'Approved', '2025-12-05 13:57:26', '2025-12-05 08:36:57');
INSERT INTO `operation_log` (`user_id`, `module`, `operation`, `target_id`, `detail`, `user_agent`, `created_at`) VALUES (1, 'APPROVAL', 'APPROVE', '60c2f0714e9049efb6be8fb2f6df2d09', 'Approved node 3', 'Generated Script', '2025-12-05 17:56:37');
INSERT INTO `approval_node` (`approval_id`, `node_name`, `approver_id`, `node_order`, `status`, `comment`, `approved_at`, `created_at`) VALUES ('60c2f0714e9049efb6be8fb2f6df2d09', 'Node 3', 1, 3, 1, 'Approved', '2025-12-05 17:56:37', '2025-12-05 08:36:57');
INSERT INTO `approval_record` (`id`, `title`, `type_code`, `content`, `initiator_id`, `priority`, `status`, `current_node_order`, `workflow_id`, `created_at`, `completed_at`) VALUES ('8fa6c2a98f7b459996fd0c50e7dd38f5', 'OVERTIME - Generated', 'OVERTIME', '{}', 5, 1, 3, 3, 5, '2025-12-16 03:15:04', '2025-12-18 00:46:36');
INSERT INTO `operation_log` (`user_id`, `module`, `operation`, `target_id`, `detail`, `user_agent`, `created_at`) VALUES (5, 'APPROVAL', 'SUBMIT', '8fa6c2a98f7b459996fd0c50e7dd38f5', 'Initiated Request', 'Generated Script', '2025-12-16 03:15:04');
INSERT INTO `operation_log` (`user_id`, `module`, `operation`, `target_id`, `detail`, `user_agent`, `created_at`) VALUES (2, 'APPROVAL', 'APPROVE', '8fa6c2a98f7b459996fd0c50e7dd38f5', 'Approved node 2', 'Generated Script', '2025-12-16 10:33:24');
INSERT INTO `approval_node` (`approval_id`, `node_name`, `approver_id`, `node_order`, `status`, `comment`, `approved_at`, `created_at`) VALUES ('8fa6c2a98f7b459996fd0c50e7dd38f5', 'Node 2', 2, 2, 1, 'Approved', '2025-12-16 10:33:24', '2025-12-16 03:15:04');
INSERT INTO `operation_log` (`user_id`, `module`, `operation`, `target_id`, `detail`, `user_agent`, `created_at`) VALUES (1, 'APPROVAL', 'APPROVE', '8fa6c2a98f7b459996fd0c50e7dd38f5', 'Approved node 3', 'Generated Script', '2025-12-16 13:39:41');
INSERT INTO `approval_node` (`approval_id`, `node_name`, `approver_id`, `node_order`, `status`, `comment`, `approved_at`, `created_at`) VALUES ('8fa6c2a98f7b459996fd0c50e7dd38f5', 'Node 3', 1, 3, 1, 'Approved', '2025-12-16 13:39:41', '2025-12-16 03:15:04');
INSERT INTO `approval_record` (`id`, `title`, `type_code`, `content`, `initiator_id`, `priority`, `status`, `current_node_order`, `workflow_id`, `created_at`, `completed_at`) VALUES ('f5cb88b0d5154b12a1331390df344ccd', 'EXPENSE - Generated', 'EXPENSE', '{}', 4, 1, 2, 2, 2, '2025-12-21 16:40:41', NULL);
INSERT INTO `operation_log` (`user_id`, `module`, `operation`, `target_id`, `detail`, `user_agent`, `created_at`) VALUES (4, 'APPROVAL', 'SUBMIT', 'f5cb88b0d5154b12a1331390df344ccd', 'Initiated Request', 'Generated Script', '2025-12-21 16:40:41');
INSERT INTO `operation_log` (`user_id`, `module`, `operation`, `target_id`, `detail`, `user_agent`, `created_at`) VALUES (5, 'APPROVAL', 'APPROVE', 'f5cb88b0d5154b12a1331390df344ccd', 'Approved node 2', 'Generated Script', '2025-12-21 23:08:45');
INSERT INTO `approval_node` (`approval_id`, `node_name`, `approver_id`, `node_order`, `status`, `comment`, `approved_at`, `created_at`) VALUES ('f5cb88b0d5154b12a1331390df344ccd', 'Node 2', 5, 2, 1, 'Approved', '2025-12-21 23:08:45', '2025-12-21 16:40:41');
INSERT INTO `approval_record` (`id`, `title`, `type_code`, `content`, `initiator_id`, `priority`, `status`, `current_node_order`, `workflow_id`, `created_at`, `completed_at`) VALUES ('16daa3c56b1e439a93a9428cc05e6b38', 'OVERTIME - Generated', 'OVERTIME', '{}', 8, 2, 1, 1, 5, '2025-11-03 06:30:39', NULL);
INSERT INTO `operation_log` (`user_id`, `module`, `operation`, `target_id`, `detail`, `user_agent`, `created_at`) VALUES (8, 'APPROVAL', 'SUBMIT', '16daa3c56b1e439a93a9428cc05e6b38', 'Initiated Request', 'Generated Script', '2025-11-03 06:30:39');
INSERT INTO `approval_record` (`id`, `title`, `type_code`, `content`, `initiator_id`, `priority`, `status`, `current_node_order`, `workflow_id`, `created_at`, `completed_at`) VALUES ('f3767c14e7dd45ef8134bda57358acbb', 'BUSINESS_TRIP - Generated', 'BUSINESS_TRIP', '{}', 13, 0, 3, 3, 4, '2025-11-10 16:40:54', '2025-11-10 19:04:16');
INSERT INTO `operation_log` (`user_id`, `module`, `operation`, `target_id`, `detail`, `user_agent`, `created_at`) VALUES (13, 'APPROVAL', 'SUBMIT', 'f3767c14e7dd45ef8134bda57358acbb', 'Initiated Request', 'Generated Script', '2025-11-10 16:40:54');
INSERT INTO `operation_log` (`user_id`, `module`, `operation`, `target_id`, `detail`, `user_agent`, `created_at`) VALUES (3, 'APPROVAL', 'APPROVE', 'f3767c14e7dd45ef8134bda57358acbb', 'Approved node 2', 'Generated Script', '2025-11-10 21:18:38');
INSERT INTO `approval_node` (`approval_id`, `node_name`, `approver_id`, `node_order`, `status`, `comment`, `approved_at`, `created_at`) VALUES ('f3767c14e7dd45ef8134bda57358acbb', 'Node 2', 3, 2, 1, 'Approved', '2025-11-10 21:18:38', '2025-11-10 16:40:54');
INSERT INTO `operation_log` (`user_id`, `module`, `operation`, `target_id`, `detail`, `user_agent`, `created_at`) VALUES (4, 'APPROVAL', 'APPROVE', 'f3767c14e7dd45ef8134bda57358acbb', 'Approved node 3', 'Generated Script', '2025-11-10 22:12:20');
INSERT INTO `approval_node` (`approval_id`, `node_name`, `approver_id`, `node_order`, `status`, `comment`, `approved_at`, `created_at`) VALUES ('f3767c14e7dd45ef8134bda57358acbb', 'Node 3', 4, 3, 1, 'Approved', '2025-11-10 22:12:20', '2025-11-10 16:40:54');
INSERT INTO `approval_record` (`id`, `title`, `type_code`, `content`, `initiator_id`, `priority`, `status`, `current_node_order`, `workflow_id`, `created_at`, `completed_at`) VALUES ('95f8523d01f14f2cb9ab1c6e16c4f892', 'BUSINESS_TRIP - Generated', 'BUSINESS_TRIP', '{}', 16, 0, 1, 1, 4, '2025-11-24 16:04:51', NULL);
INSERT INTO `operation_log` (`user_id`, `module`, `operation`, `target_id`, `detail`, `user_agent`, `created_at`) VALUES (16, 'APPROVAL', 'SUBMIT', '95f8523d01f14f2cb9ab1c6e16c4f892', 'Initiated Request', 'Generated Script', '2025-11-24 16:04:51');
INSERT INTO `approval_record` (`id`, `title`, `type_code`, `content`, `initiator_id`, `priority`, `status`, `current_node_order`, `workflow_id`, `created_at`, `completed_at`) VALUES ('1cc8f2e45f77428190c9683d6481e5e9', 'BUSINESS_TRIP - Generated', 'BUSINESS_TRIP', '{}', 17, 2, 4, 3, 4, '2025-10-22 03:04:50', '2025-10-22 07:47:08');
INSERT INTO `operation_log` (`user_id`, `module`, `operation`, `target_id`, `detail`, `user_agent`, `created_at`) VALUES (17, 'APPROVAL', 'SUBMIT', '1cc8f2e45f77428190c9683d6481e5e9', 'Initiated Request', 'Generated Script', '2025-10-22 03:04:50');
INSERT INTO `operation_log` (`user_id`, `module`, `operation`, `target_id`, `detail`, `user_agent`, `created_at`) VALUES (4, 'APPROVAL', 'APPROVE', '1cc8f2e45f77428190c9683d6481e5e9', 'Approved node 2', 'Generated Script', '2025-10-22 09:51:51');
INSERT INTO `approval_node` (`approval_id`, `node_name`, `approver_id`, `node_order`, `status`, `comment`, `approved_at`, `created_at`) VALUES ('1cc8f2e45f77428190c9683d6481e5e9', 'Node 2', 4, 2, 1, 'Approved', '2025-10-22 09:51:51', '2025-10-22 03:04:50');
INSERT INTO `operation_log` (`user_id`, `module`, `operation`, `target_id`, `detail`, `user_agent`, `created_at`) VALUES (1, 'APPROVAL', 'REJECT', '1cc8f2e45f77428190c9683d6481e5e9', 'Rejected node 3', 'Generated Script', '2025-10-22 11:23:56');
INSERT INTO `approval_node` (`approval_id`, `node_name`, `approver_id`, `node_order`, `status`, `comment`, `approved_at`, `created_at`) VALUES ('1cc8f2e45f77428190c9683d6481e5e9', 'Node 3', 1, 3, 2, 'Rejected', '2025-10-22 11:23:56', '2025-10-22 03:04:50');
INSERT INTO `approval_record` (`id`, `title`, `type_code`, `content`, `initiator_id`, `priority`, `status`, `current_node_order`, `workflow_id`, `created_at`, `completed_at`) VALUES ('f5dc256866574d7bb9cfb029edf732b1', 'LEAVE - Generated', 'LEAVE', '{}', 11, 2, 1, 1, 1, '2025-11-15 11:30:44', NULL);
INSERT INTO `operation_log` (`user_id`, `module`, `operation`, `target_id`, `detail`, `user_agent`, `created_at`) VALUES (11, 'APPROVAL', 'SUBMIT', 'f5dc256866574d7bb9cfb029edf732b1', 'Initiated Request', 'Generated Script', '2025-11-15 11:30:44');
INSERT INTO `approval_record` (`id`, `title`, `type_code`, `content`, `initiator_id`, `priority`, `status`, `current_node_order`, `workflow_id`, `created_at`, `completed_at`) VALUES ('6a2ba3a0b90e48e580591bd999ed6018', 'CONTRACT - Generated', 'CONTRACT', '{}', 1, 2, 3, 3, 6, '2025-12-16 00:38:15', '2025-12-18 08:28:01');
INSERT INTO `operation_log` (`user_id`, `module`, `operation`, `target_id`, `detail`, `user_agent`, `created_at`) VALUES (1, 'APPROVAL', 'SUBMIT', '6a2ba3a0b90e48e580591bd999ed6018', 'Initiated Request', 'Generated Script', '2025-12-16 00:38:15');
INSERT INTO `operation_log` (`user_id`, `module`, `operation`, `target_id`, `detail`, `user_agent`, `created_at`) VALUES (2, 'APPROVAL', 'APPROVE', '6a2ba3a0b90e48e580591bd999ed6018', 'Approved node 2', 'Generated Script', '2025-12-16 03:07:33');
INSERT INTO `approval_node` (`approval_id`, `node_name`, `approver_id`, `node_order`, `status`, `comment`, `approved_at`, `created_at`) VALUES ('6a2ba3a0b90e48e580591bd999ed6018', 'Node 2', 2, 2, 1, 'Approved', '2025-12-16 03:07:33', '2025-12-16 00:38:15');
INSERT INTO `operation_log` (`user_id`, `module`, `operation`, `target_id`, `detail`, `user_agent`, `created_at`) VALUES (3, 'APPROVAL', 'APPROVE', '6a2ba3a0b90e48e580591bd999ed6018', 'Approved node 3', 'Generated Script', '2025-12-16 06:17:47');
INSERT INTO `approval_node` (`approval_id`, `node_name`, `approver_id`, `node_order`, `status`, `comment`, `approved_at`, `created_at`) VALUES ('6a2ba3a0b90e48e580591bd999ed6018', 'Node 3', 3, 3, 1, 'Approved', '2025-12-16 06:17:47', '2025-12-16 00:38:15');
INSERT INTO `approval_record` (`id`, `title`, `type_code`, `content`, `initiator_id`, `priority`, `status`, `current_node_order`, `workflow_id`, `created_at`, `completed_at`) VALUES ('e374176413354951a1cf638fcbfb7cf6', 'OVERTIME - Generated', 'OVERTIME', '{}', 7, 1, 4, 3, 5, '2026-01-03 21:33:26', '2026-01-06 02:52:43');
INSERT INTO `operation_log` (`user_id`, `module`, `operation`, `target_id`, `detail`, `user_agent`, `created_at`) VALUES (7, 'APPROVAL', 'SUBMIT', 'e374176413354951a1cf638fcbfb7cf6', 'Initiated Request', 'Generated Script', '2026-01-03 21:33:26');
INSERT INTO `operation_log` (`user_id`, `module`, `operation`, `target_id`, `detail`, `user_agent`, `created_at`) VALUES (2, 'APPROVAL', 'APPROVE', 'e374176413354951a1cf638fcbfb7cf6', 'Approved node 2', 'Generated Script', '2026-01-04 02:50:22');
INSERT INTO `approval_node` (`approval_id`, `node_name`, `approver_id`, `node_order`, `status`, `comment`, `approved_at`, `created_at`) VALUES ('e374176413354951a1cf638fcbfb7cf6', 'Node 2', 2, 2, 1, 'Approved', '2026-01-04 02:50:22', '2026-01-03 21:33:26');
INSERT INTO `operation_log` (`user_id`, `module`, `operation`, `target_id`, `detail`, `user_agent`, `created_at`) VALUES (5, 'APPROVAL', 'REJECT', 'e374176413354951a1cf638fcbfb7cf6', 'Rejected node 3', 'Generated Script', '2026-01-04 04:14:18');
INSERT INTO `approval_node` (`approval_id`, `node_name`, `approver_id`, `node_order`, `status`, `comment`, `approved_at`, `created_at`) VALUES ('e374176413354951a1cf638fcbfb7cf6', 'Node 3', 5, 3, 2, 'Rejected', '2026-01-04 04:14:18', '2026-01-03 21:33:26');
INSERT INTO `approval_record` (`id`, `title`, `type_code`, `content`, `initiator_id`, `priority`, `status`, `current_node_order`, `workflow_id`, `created_at`, `completed_at`) VALUES ('2eb4d56ed91040af9eb5887998dcd5a3', 'CONTRACT - Generated', 'CONTRACT', '{}', 17, 0, 3, 3, 6, '2025-12-10 00:32:13', '2025-12-11 07:43:00');
INSERT INTO `operation_log` (`user_id`, `module`, `operation`, `target_id`, `detail`, `user_agent`, `created_at`) VALUES (17, 'APPROVAL', 'SUBMIT', '2eb4d56ed91040af9eb5887998dcd5a3', 'Initiated Request', 'Generated Script', '2025-12-10 00:32:13');
INSERT INTO `operation_log` (`user_id`, `module`, `operation`, `target_id`, `detail`, `user_agent`, `created_at`) VALUES (2, 'APPROVAL', 'APPROVE', '2eb4d56ed91040af9eb5887998dcd5a3', 'Approved node 2', 'Generated Script', '2025-12-10 07:11:39');
INSERT INTO `approval_node` (`approval_id`, `node_name`, `approver_id`, `node_order`, `status`, `comment`, `approved_at`, `created_at`) VALUES ('2eb4d56ed91040af9eb5887998dcd5a3', 'Node 2', 2, 2, 1, 'Approved', '2025-12-10 07:11:39', '2025-12-10 00:32:13');
INSERT INTO `operation_log` (`user_id`, `module`, `operation`, `target_id`, `detail`, `user_agent`, `created_at`) VALUES (2, 'APPROVAL', 'APPROVE', '2eb4d56ed91040af9eb5887998dcd5a3', 'Approved node 3', 'Generated Script', '2025-12-10 09:23:23');
INSERT INTO `approval_node` (`approval_id`, `node_name`, `approver_id`, `node_order`, `status`, `comment`, `approved_at`, `created_at`) VALUES ('2eb4d56ed91040af9eb5887998dcd5a3', 'Node 3', 2, 3, 1, 'Approved', '2025-12-10 09:23:23', '2025-12-10 00:32:13');
INSERT INTO `approval_record` (`id`, `title`, `type_code`, `content`, `initiator_id`, `priority`, `status`, `current_node_order`, `workflow_id`, `created_at`, `completed_at`) VALUES ('31503cdd108c4a7dbf310a5804792ad9', 'BUSINESS_TRIP - Generated', 'BUSINESS_TRIP', '{}', 13, 0, 3, 3, 4, '2025-12-14 16:06:29', '2025-12-14 20:44:44');
INSERT INTO `operation_log` (`user_id`, `module`, `operation`, `target_id`, `detail`, `user_agent`, `created_at`) VALUES (13, 'APPROVAL', 'SUBMIT', '31503cdd108c4a7dbf310a5804792ad9', 'Initiated Request', 'Generated Script', '2025-12-14 16:06:29');
INSERT INTO `operation_log` (`user_id`, `module`, `operation`, `target_id`, `detail`, `user_agent`, `created_at`) VALUES (3, 'APPROVAL', 'APPROVE', '31503cdd108c4a7dbf310a5804792ad9', 'Approved node 2', 'Generated Script', '2025-12-14 20:54:29');
INSERT INTO `approval_node` (`approval_id`, `node_name`, `approver_id`, `node_order`, `status`, `comment`, `approved_at`, `created_at`) VALUES ('31503cdd108c4a7dbf310a5804792ad9', 'Node 2', 3, 2, 1, 'Approved', '2025-12-14 20:54:29', '2025-12-14 16:06:29');
INSERT INTO `operation_log` (`user_id`, `module`, `operation`, `target_id`, `detail`, `user_agent`, `created_at`) VALUES (5, 'APPROVAL', 'APPROVE', '31503cdd108c4a7dbf310a5804792ad9', 'Approved node 3', 'Generated Script', '2025-12-14 23:04:49');
INSERT INTO `approval_node` (`approval_id`, `node_name`, `approver_id`, `node_order`, `status`, `comment`, `approved_at`, `created_at`) VALUES ('31503cdd108c4a7dbf310a5804792ad9', 'Node 3', 5, 3, 1, 'Approved', '2025-12-14 23:04:49', '2025-12-14 16:06:29');
INSERT INTO `approval_record` (`id`, `title`, `type_code`, `content`, `initiator_id`, `priority`, `status`, `current_node_order`, `workflow_id`, `created_at`, `completed_at`) VALUES ('e9a2692c20f44278a1d7e91732c8b825', 'LEAVE - Generated', 'LEAVE', '{}', 8, 0, 3, 3, 1, '2025-12-13 09:26:59', '2025-12-13 16:21:03');
INSERT INTO `operation_log` (`user_id`, `module`, `operation`, `target_id`, `detail`, `user_agent`, `created_at`) VALUES (8, 'APPROVAL', 'SUBMIT', 'e9a2692c20f44278a1d7e91732c8b825', 'Initiated Request', 'Generated Script', '2025-12-13 09:26:59');
INSERT INTO `operation_log` (`user_id`, `module`, `operation`, `target_id`, `detail`, `user_agent`, `created_at`) VALUES (5, 'APPROVAL', 'APPROVE', 'e9a2692c20f44278a1d7e91732c8b825', 'Approved node 2', 'Generated Script', '2025-12-13 11:31:32');
INSERT INTO `approval_node` (`approval_id`, `node_name`, `approver_id`, `node_order`, `status`, `comment`, `approved_at`, `created_at`) VALUES ('e9a2692c20f44278a1d7e91732c8b825', 'Node 2', 5, 2, 1, 'Approved', '2025-12-13 11:31:32', '2025-12-13 09:26:59');
INSERT INTO `operation_log` (`user_id`, `module`, `operation`, `target_id`, `detail`, `user_agent`, `created_at`) VALUES (2, 'APPROVAL', 'APPROVE', 'e9a2692c20f44278a1d7e91732c8b825', 'Approved node 3', 'Generated Script', '2025-12-13 13:08:10');
INSERT INTO `approval_node` (`approval_id`, `node_name`, `approver_id`, `node_order`, `status`, `comment`, `approved_at`, `created_at`) VALUES ('e9a2692c20f44278a1d7e91732c8b825', 'Node 3', 2, 3, 1, 'Approved', '2025-12-13 13:08:10', '2025-12-13 09:26:59');
INSERT INTO `approval_record` (`id`, `title`, `type_code`, `content`, `initiator_id`, `priority`, `status`, `current_node_order`, `workflow_id`, `created_at`, `completed_at`) VALUES ('acd907c8c9af465db25f88fddf541abc', 'EXPENSE - Generated', 'EXPENSE', '{}', 11, 1, 1, 1, 2, '2025-10-21 10:06:59', NULL);
INSERT INTO `operation_log` (`user_id`, `module`, `operation`, `target_id`, `detail`, `user_agent`, `created_at`) VALUES (11, 'APPROVAL', 'SUBMIT', 'acd907c8c9af465db25f88fddf541abc', 'Initiated Request', 'Generated Script', '2025-10-21 10:06:59');
INSERT INTO `approval_record` (`id`, `title`, `type_code`, `content`, `initiator_id`, `priority`, `status`, `current_node_order`, `workflow_id`, `created_at`, `completed_at`) VALUES ('02bc4373d92844599df3d9a27ed23152', 'BUSINESS_TRIP - Generated', 'BUSINESS_TRIP', '{}', 13, 0, 3, 3, 4, '2025-11-02 19:39:03', '2025-11-03 22:34:18');
INSERT INTO `operation_log` (`user_id`, `module`, `operation`, `target_id`, `detail`, `user_agent`, `created_at`) VALUES (13, 'APPROVAL', 'SUBMIT', '02bc4373d92844599df3d9a27ed23152', 'Initiated Request', 'Generated Script', '2025-11-02 19:39:03');
INSERT INTO `operation_log` (`user_id`, `module`, `operation`, `target_id`, `detail`, `user_agent`, `created_at`) VALUES (2, 'APPROVAL', 'APPROVE', '02bc4373d92844599df3d9a27ed23152', 'Approved node 2', 'Generated Script', '2025-11-03 02:00:39');
INSERT INTO `approval_node` (`approval_id`, `node_name`, `approver_id`, `node_order`, `status`, `comment`, `approved_at`, `created_at`) VALUES ('02bc4373d92844599df3d9a27ed23152', 'Node 2', 2, 2, 1, 'Approved', '2025-11-03 02:00:39', '2025-11-02 19:39:03');
INSERT INTO `operation_log` (`user_id`, `module`, `operation`, `target_id`, `detail`, `user_agent`, `created_at`) VALUES (3, 'APPROVAL', 'APPROVE', '02bc4373d92844599df3d9a27ed23152', 'Approved node 3', 'Generated Script', '2025-11-03 05:35:20');
INSERT INTO `approval_node` (`approval_id`, `node_name`, `approver_id`, `node_order`, `status`, `comment`, `approved_at`, `created_at`) VALUES ('02bc4373d92844599df3d9a27ed23152', 'Node 3', 3, 3, 1, 'Approved', '2025-11-03 05:35:20', '2025-11-02 19:39:03');
INSERT INTO `approval_record` (`id`, `title`, `type_code`, `content`, `initiator_id`, `priority`, `status`, `current_node_order`, `workflow_id`, `created_at`, `completed_at`) VALUES ('abc9330958f14e3592e9812093bd974d', 'PURCHASE - Generated', 'PURCHASE', '{}', 9, 1, 3, 3, 3, '2025-12-04 09:34:50', '2025-12-05 20:34:25');
INSERT INTO `operation_log` (`user_id`, `module`, `operation`, `target_id`, `detail`, `user_agent`, `created_at`) VALUES (9, 'APPROVAL', 'SUBMIT', 'abc9330958f14e3592e9812093bd974d', 'Initiated Request', 'Generated Script', '2025-12-04 09:34:50');
INSERT INTO `operation_log` (`user_id`, `module`, `operation`, `target_id`, `detail`, `user_agent`, `created_at`) VALUES (4, 'APPROVAL', 'APPROVE', 'abc9330958f14e3592e9812093bd974d', 'Approved node 2', 'Generated Script', '2025-12-04 14:24:03');
INSERT INTO `approval_node` (`approval_id`, `node_name`, `approver_id`, `node_order`, `status`, `comment`, `approved_at`, `created_at`) VALUES ('abc9330958f14e3592e9812093bd974d', 'Node 2', 4, 2, 1, 'Approved', '2025-12-04 14:24:03', '2025-12-04 09:34:50');
INSERT INTO `operation_log` (`user_id`, `module`, `operation`, `target_id`, `detail`, `user_agent`, `created_at`) VALUES (1, 'APPROVAL', 'APPROVE', 'abc9330958f14e3592e9812093bd974d', 'Approved node 3', 'Generated Script', '2025-12-04 15:28:39');
INSERT INTO `approval_node` (`approval_id`, `node_name`, `approver_id`, `node_order`, `status`, `comment`, `approved_at`, `created_at`) VALUES ('abc9330958f14e3592e9812093bd974d', 'Node 3', 1, 3, 1, 'Approved', '2025-12-04 15:28:39', '2025-12-04 09:34:50');
INSERT INTO `approval_record` (`id`, `title`, `type_code`, `content`, `initiator_id`, `priority`, `status`, `current_node_order`, `workflow_id`, `created_at`, `completed_at`) VALUES ('f19f6b37293e442aacd226eeca705551', 'PURCHASE - Generated', 'PURCHASE', '{}', 15, 2, 2, 2, 3, '2025-12-07 22:07:14', NULL);
INSERT INTO `operation_log` (`user_id`, `module`, `operation`, `target_id`, `detail`, `user_agent`, `created_at`) VALUES (15, 'APPROVAL', 'SUBMIT', 'f19f6b37293e442aacd226eeca705551', 'Initiated Request', 'Generated Script', '2025-12-07 22:07:14');
INSERT INTO `operation_log` (`user_id`, `module`, `operation`, `target_id`, `detail`, `user_agent`, `created_at`) VALUES (3, 'APPROVAL', 'APPROVE', 'f19f6b37293e442aacd226eeca705551', 'Approved node 2', 'Generated Script', '2025-12-08 00:50:33');
INSERT INTO `approval_node` (`approval_id`, `node_name`, `approver_id`, `node_order`, `status`, `comment`, `approved_at`, `created_at`) VALUES ('f19f6b37293e442aacd226eeca705551', 'Node 2', 3, 2, 1, 'Approved', '2025-12-08 00:50:33', '2025-12-07 22:07:14');
INSERT INTO `approval_record` (`id`, `title`, `type_code`, `content`, `initiator_id`, `priority`, `status`, `current_node_order`, `workflow_id`, `created_at`, `completed_at`) VALUES ('4edc55fb936c45eaab0700511f9f187a', 'OVERTIME - Generated', 'OVERTIME', '{}', 17, 2, 3, 3, 5, '2026-01-03 06:45:13', '2026-01-04 17:15:42');
INSERT INTO `operation_log` (`user_id`, `module`, `operation`, `target_id`, `detail`, `user_agent`, `created_at`) VALUES (17, 'APPROVAL', 'SUBMIT', '4edc55fb936c45eaab0700511f9f187a', 'Initiated Request', 'Generated Script', '2026-01-03 06:45:13');
INSERT INTO `operation_log` (`user_id`, `module`, `operation`, `target_id`, `detail`, `user_agent`, `created_at`) VALUES (1, 'APPROVAL', 'APPROVE', '4edc55fb936c45eaab0700511f9f187a', 'Approved node 2', 'Generated Script', '2026-01-03 11:26:47');
INSERT INTO `approval_node` (`approval_id`, `node_name`, `approver_id`, `node_order`, `status`, `comment`, `approved_at`, `created_at`) VALUES ('4edc55fb936c45eaab0700511f9f187a', 'Node 2', 1, 2, 1, 'Approved', '2026-01-03 11:26:47', '2026-01-03 06:45:13');
INSERT INTO `operation_log` (`user_id`, `module`, `operation`, `target_id`, `detail`, `user_agent`, `created_at`) VALUES (2, 'APPROVAL', 'APPROVE', '4edc55fb936c45eaab0700511f9f187a', 'Approved node 3', 'Generated Script', '2026-01-03 15:12:07');
INSERT INTO `approval_node` (`approval_id`, `node_name`, `approver_id`, `node_order`, `status`, `comment`, `approved_at`, `created_at`) VALUES ('4edc55fb936c45eaab0700511f9f187a', 'Node 3', 2, 3, 1, 'Approved', '2026-01-03 15:12:07', '2026-01-03 06:45:13');
INSERT INTO `approval_record` (`id`, `title`, `type_code`, `content`, `initiator_id`, `priority`, `status`, `current_node_order`, `workflow_id`, `created_at`, `completed_at`) VALUES ('d98a789ec744461bad549d897e0e297d', 'EXPENSE - Generated', 'EXPENSE', '{}', 1, 0, 3, 3, 2, '2025-12-31 20:26:31', '2025-12-31 23:27:15');
INSERT INTO `operation_log` (`user_id`, `module`, `operation`, `target_id`, `detail`, `user_agent`, `created_at`) VALUES (1, 'APPROVAL', 'SUBMIT', 'd98a789ec744461bad549d897e0e297d', 'Initiated Request', 'Generated Script', '2025-12-31 20:26:31');
INSERT INTO `operation_log` (`user_id`, `module`, `operation`, `target_id`, `detail`, `user_agent`, `created_at`) VALUES (2, 'APPROVAL', 'APPROVE', 'd98a789ec744461bad549d897e0e297d', 'Approved node 2', 'Generated Script', '2026-01-01 00:23:45');
INSERT INTO `approval_node` (`approval_id`, `node_name`, `approver_id`, `node_order`, `status`, `comment`, `approved_at`, `created_at`) VALUES ('d98a789ec744461bad549d897e0e297d', 'Node 2', 2, 2, 1, 'Approved', '2026-01-01 00:23:45', '2025-12-31 20:26:31');
INSERT INTO `operation_log` (`user_id`, `module`, `operation`, `target_id`, `detail`, `user_agent`, `created_at`) VALUES (5, 'APPROVAL', 'APPROVE', 'd98a789ec744461bad549d897e0e297d', 'Approved node 3', 'Generated Script', '2026-01-01 03:10:47');
INSERT INTO `approval_node` (`approval_id`, `node_name`, `approver_id`, `node_order`, `status`, `comment`, `approved_at`, `created_at`) VALUES ('d98a789ec744461bad549d897e0e297d', 'Node 3', 5, 3, 1, 'Approved', '2026-01-01 03:10:47', '2025-12-31 20:26:31');
INSERT INTO `approval_record` (`id`, `title`, `type_code`, `content`, `initiator_id`, `priority`, `status`, `current_node_order`, `workflow_id`, `created_at`, `completed_at`) VALUES ('bd78b044d17e4386941a819366eb86ee', 'BUSINESS_TRIP - Generated', 'BUSINESS_TRIP', '{}', 15, 2, 3, 3, 4, '2025-12-05 15:13:33', '2025-12-06 16:03:37');
INSERT INTO `operation_log` (`user_id`, `module`, `operation`, `target_id`, `detail`, `user_agent`, `created_at`) VALUES (15, 'APPROVAL', 'SUBMIT', 'bd78b044d17e4386941a819366eb86ee', 'Initiated Request', 'Generated Script', '2025-12-05 15:13:33');
INSERT INTO `operation_log` (`user_id`, `module`, `operation`, `target_id`, `detail`, `user_agent`, `created_at`) VALUES (3, 'APPROVAL', 'APPROVE', 'bd78b044d17e4386941a819366eb86ee', 'Approved node 2', 'Generated Script', '2025-12-05 18:35:13');
INSERT INTO `approval_node` (`approval_id`, `node_name`, `approver_id`, `node_order`, `status`, `comment`, `approved_at`, `created_at`) VALUES ('bd78b044d17e4386941a819366eb86ee', 'Node 2', 3, 2, 1, 'Approved', '2025-12-05 18:35:13', '2025-12-05 15:13:33');
INSERT INTO `operation_log` (`user_id`, `module`, `operation`, `target_id`, `detail`, `user_agent`, `created_at`) VALUES (4, 'APPROVAL', 'APPROVE', 'bd78b044d17e4386941a819366eb86ee', 'Approved node 3', 'Generated Script', '2025-12-05 20:00:05');
INSERT INTO `approval_node` (`approval_id`, `node_name`, `approver_id`, `node_order`, `status`, `comment`, `approved_at`, `created_at`) VALUES ('bd78b044d17e4386941a819366eb86ee', 'Node 3', 4, 3, 1, 'Approved', '2025-12-05 20:00:05', '2025-12-05 15:13:33');
INSERT INTO `approval_record` (`id`, `title`, `type_code`, `content`, `initiator_id`, `priority`, `status`, `current_node_order`, `workflow_id`, `created_at`, `completed_at`) VALUES ('67fc47ce88fd42ac87985efd828a674b', 'EXPENSE - Generated', 'EXPENSE', '{}', 6, 1, 3, 3, 2, '2025-12-30 09:03:49', '2025-12-30 23:44:06');
INSERT INTO `operation_log` (`user_id`, `module`, `operation`, `target_id`, `detail`, `user_agent`, `created_at`) VALUES (6, 'APPROVAL', 'SUBMIT', '67fc47ce88fd42ac87985efd828a674b', 'Initiated Request', 'Generated Script', '2025-12-30 09:03:49');
INSERT INTO `operation_log` (`user_id`, `module`, `operation`, `target_id`, `detail`, `user_agent`, `created_at`) VALUES (1, 'APPROVAL', 'APPROVE', '67fc47ce88fd42ac87985efd828a674b', 'Approved node 2', 'Generated Script', '2025-12-30 10:42:07');
INSERT INTO `approval_node` (`approval_id`, `node_name`, `approver_id`, `node_order`, `status`, `comment`, `approved_at`, `created_at`) VALUES ('67fc47ce88fd42ac87985efd828a674b', 'Node 2', 1, 2, 1, 'Approved', '2025-12-30 10:42:07', '2025-12-30 09:03:49');
INSERT INTO `operation_log` (`user_id`, `module`, `operation`, `target_id`, `detail`, `user_agent`, `created_at`) VALUES (2, 'APPROVAL', 'APPROVE', '67fc47ce88fd42ac87985efd828a674b', 'Approved node 3', 'Generated Script', '2025-12-30 14:12:49');
INSERT INTO `approval_node` (`approval_id`, `node_name`, `approver_id`, `node_order`, `status`, `comment`, `approved_at`, `created_at`) VALUES ('67fc47ce88fd42ac87985efd828a674b', 'Node 3', 2, 3, 1, 'Approved', '2025-12-30 14:12:49', '2025-12-30 09:03:49');
INSERT INTO `approval_record` (`id`, `title`, `type_code`, `content`, `initiator_id`, `priority`, `status`, `current_node_order`, `workflow_id`, `created_at`, `completed_at`) VALUES ('71e91fc862004263a6a1934585c3c3ce', 'CONTRACT - Generated', 'CONTRACT', '{}', 1, 1, 2, 2, 6, '2025-11-24 05:31:30', NULL);
INSERT INTO `operation_log` (`user_id`, `module`, `operation`, `target_id`, `detail`, `user_agent`, `created_at`) VALUES (1, 'APPROVAL', 'SUBMIT', '71e91fc862004263a6a1934585c3c3ce', 'Initiated Request', 'Generated Script', '2025-11-24 05:31:30');
INSERT INTO `operation_log` (`user_id`, `module`, `operation`, `target_id`, `detail`, `user_agent`, `created_at`) VALUES (2, 'APPROVAL', 'APPROVE', '71e91fc862004263a6a1934585c3c3ce', 'Approved node 2', 'Generated Script', '2025-11-24 08:16:55');
INSERT INTO `approval_node` (`approval_id`, `node_name`, `approver_id`, `node_order`, `status`, `comment`, `approved_at`, `created_at`) VALUES ('71e91fc862004263a6a1934585c3c3ce', 'Node 2', 2, 2, 1, 'Approved', '2025-11-24 08:16:55', '2025-11-24 05:31:30');
INSERT INTO `approval_record` (`id`, `title`, `type_code`, `content`, `initiator_id`, `priority`, `status`, `current_node_order`, `workflow_id`, `created_at`, `completed_at`) VALUES ('1b8a22ca9e73476197ff6747362d49b7', 'BUSINESS_TRIP - Generated', 'BUSINESS_TRIP', '{}', 19, 0, 3, 3, 4, '2025-10-28 13:02:46', '2025-10-30 21:47:49');
INSERT INTO `operation_log` (`user_id`, `module`, `operation`, `target_id`, `detail`, `user_agent`, `created_at`) VALUES (19, 'APPROVAL', 'SUBMIT', '1b8a22ca9e73476197ff6747362d49b7', 'Initiated Request', 'Generated Script', '2025-10-28 13:02:46');
INSERT INTO `operation_log` (`user_id`, `module`, `operation`, `target_id`, `detail`, `user_agent`, `created_at`) VALUES (4, 'APPROVAL', 'APPROVE', '1b8a22ca9e73476197ff6747362d49b7', 'Approved node 2', 'Generated Script', '2025-10-28 17:27:25');
INSERT INTO `approval_node` (`approval_id`, `node_name`, `approver_id`, `node_order`, `status`, `comment`, `approved_at`, `created_at`) VALUES ('1b8a22ca9e73476197ff6747362d49b7', 'Node 2', 4, 2, 1, 'Approved', '2025-10-28 17:27:25', '2025-10-28 13:02:46');
INSERT INTO `operation_log` (`user_id`, `module`, `operation`, `target_id`, `detail`, `user_agent`, `created_at`) VALUES (3, 'APPROVAL', 'APPROVE', '1b8a22ca9e73476197ff6747362d49b7', 'Approved node 3', 'Generated Script', '2025-10-28 19:26:16');
INSERT INTO `approval_node` (`approval_id`, `node_name`, `approver_id`, `node_order`, `status`, `comment`, `approved_at`, `created_at`) VALUES ('1b8a22ca9e73476197ff6747362d49b7', 'Node 3', 3, 3, 1, 'Approved', '2025-10-28 19:26:16', '2025-10-28 13:02:46');
INSERT INTO `approval_record` (`id`, `title`, `type_code`, `content`, `initiator_id`, `priority`, `status`, `current_node_order`, `workflow_id`, `created_at`, `completed_at`) VALUES ('e163a063f6c1462cb89f390aef8e699e', 'LEAVE - Generated', 'LEAVE', '{}', 2, 0, 3, 3, 1, '2025-10-24 20:07:52', '2025-10-25 15:02:16');
INSERT INTO `operation_log` (`user_id`, `module`, `operation`, `target_id`, `detail`, `user_agent`, `created_at`) VALUES (2, 'APPROVAL', 'SUBMIT', 'e163a063f6c1462cb89f390aef8e699e', 'Initiated Request', 'Generated Script', '2025-10-24 20:07:52');
INSERT INTO `operation_log` (`user_id`, `module`, `operation`, `target_id`, `detail`, `user_agent`, `created_at`) VALUES (4, 'APPROVAL', 'APPROVE', 'e163a063f6c1462cb89f390aef8e699e', 'Approved node 2', 'Generated Script', '2025-10-24 22:55:56');
INSERT INTO `approval_node` (`approval_id`, `node_name`, `approver_id`, `node_order`, `status`, `comment`, `approved_at`, `created_at`) VALUES ('e163a063f6c1462cb89f390aef8e699e', 'Node 2', 4, 2, 1, 'Approved', '2025-10-24 22:55:56', '2025-10-24 20:07:52');
INSERT INTO `operation_log` (`user_id`, `module`, `operation`, `target_id`, `detail`, `user_agent`, `created_at`) VALUES (2, 'APPROVAL', 'APPROVE', 'e163a063f6c1462cb89f390aef8e699e', 'Approved node 3', 'Generated Script', '2025-10-25 02:41:26');
INSERT INTO `approval_node` (`approval_id`, `node_name`, `approver_id`, `node_order`, `status`, `comment`, `approved_at`, `created_at`) VALUES ('e163a063f6c1462cb89f390aef8e699e', 'Node 3', 2, 3, 1, 'Approved', '2025-10-25 02:41:26', '2025-10-24 20:07:52');
INSERT INTO `approval_record` (`id`, `title`, `type_code`, `content`, `initiator_id`, `priority`, `status`, `current_node_order`, `workflow_id`, `created_at`, `completed_at`) VALUES ('b789666327b842078ef825733739eb22', 'CONTRACT - Generated', 'CONTRACT', '{}', 15, 1, 1, 1, 6, '2025-11-01 01:39:52', NULL);
INSERT INTO `operation_log` (`user_id`, `module`, `operation`, `target_id`, `detail`, `user_agent`, `created_at`) VALUES (15, 'APPROVAL', 'SUBMIT', 'b789666327b842078ef825733739eb22', 'Initiated Request', 'Generated Script', '2025-11-01 01:39:52');
INSERT INTO `approval_record` (`id`, `title`, `type_code`, `content`, `initiator_id`, `priority`, `status`, `current_node_order`, `workflow_id`, `created_at`, `completed_at`) VALUES ('cf3c376039834180985b9def38747e7b', 'EXPENSE - Generated', 'EXPENSE', '{}', 1, 1, 2, 2, 2, '2025-12-16 03:10:02', NULL);
INSERT INTO `operation_log` (`user_id`, `module`, `operation`, `target_id`, `detail`, `user_agent`, `created_at`) VALUES (1, 'APPROVAL', 'SUBMIT', 'cf3c376039834180985b9def38747e7b', 'Initiated Request', 'Generated Script', '2025-12-16 03:10:02');
INSERT INTO `operation_log` (`user_id`, `module`, `operation`, `target_id`, `detail`, `user_agent`, `created_at`) VALUES (4, 'APPROVAL', 'APPROVE', 'cf3c376039834180985b9def38747e7b', 'Approved node 2', 'Generated Script', '2025-12-16 07:30:13');
INSERT INTO `approval_node` (`approval_id`, `node_name`, `approver_id`, `node_order`, `status`, `comment`, `approved_at`, `created_at`) VALUES ('cf3c376039834180985b9def38747e7b', 'Node 2', 4, 2, 1, 'Approved', '2025-12-16 07:30:13', '2025-12-16 03:10:02');
INSERT INTO `approval_record` (`id`, `title`, `type_code`, `content`, `initiator_id`, `priority`, `status`, `current_node_order`, `workflow_id`, `created_at`, `completed_at`) VALUES ('a87a89603c1c4cc7bf3524abd6b8db86', 'BUSINESS_TRIP - Generated', 'BUSINESS_TRIP', '{}', 17, 1, 3, 3, 4, '2025-10-31 10:27:03', '2025-11-01 17:11:41');
INSERT INTO `operation_log` (`user_id`, `module`, `operation`, `target_id`, `detail`, `user_agent`, `created_at`) VALUES (17, 'APPROVAL', 'SUBMIT', 'a87a89603c1c4cc7bf3524abd6b8db86', 'Initiated Request', 'Generated Script', '2025-10-31 10:27:03');
INSERT INTO `operation_log` (`user_id`, `module`, `operation`, `target_id`, `detail`, `user_agent`, `created_at`) VALUES (5, 'APPROVAL', 'APPROVE', 'a87a89603c1c4cc7bf3524abd6b8db86', 'Approved node 2', 'Generated Script', '2025-10-31 16:02:52');
INSERT INTO `approval_node` (`approval_id`, `node_name`, `approver_id`, `node_order`, `status`, `comment`, `approved_at`, `created_at`) VALUES ('a87a89603c1c4cc7bf3524abd6b8db86', 'Node 2', 5, 2, 1, 'Approved', '2025-10-31 16:02:52', '2025-10-31 10:27:03');
INSERT INTO `operation_log` (`user_id`, `module`, `operation`, `target_id`, `detail`, `user_agent`, `created_at`) VALUES (4, 'APPROVAL', 'APPROVE', 'a87a89603c1c4cc7bf3524abd6b8db86', 'Approved node 3', 'Generated Script', '2025-10-31 17:17:56');
INSERT INTO `approval_node` (`approval_id`, `node_name`, `approver_id`, `node_order`, `status`, `comment`, `approved_at`, `created_at`) VALUES ('a87a89603c1c4cc7bf3524abd6b8db86', 'Node 3', 4, 3, 1, 'Approved', '2025-10-31 17:17:56', '2025-10-31 10:27:03');
INSERT INTO `approval_record` (`id`, `title`, `type_code`, `content`, `initiator_id`, `priority`, `status`, `current_node_order`, `workflow_id`, `created_at`, `completed_at`) VALUES ('277c90e89ed84ee5880d122d7f6669b1', 'LEAVE - Generated', 'LEAVE', '{}', 19, 1, 3, 3, 1, '2025-11-09 17:08:30', '2025-11-10 15:33:35');
INSERT INTO `operation_log` (`user_id`, `module`, `operation`, `target_id`, `detail`, `user_agent`, `created_at`) VALUES (19, 'APPROVAL', 'SUBMIT', '277c90e89ed84ee5880d122d7f6669b1', 'Initiated Request', 'Generated Script', '2025-11-09 17:08:30');
INSERT INTO `operation_log` (`user_id`, `module`, `operation`, `target_id`, `detail`, `user_agent`, `created_at`) VALUES (2, 'APPROVAL', 'APPROVE', '277c90e89ed84ee5880d122d7f6669b1', 'Approved node 2', 'Generated Script', '2025-11-09 21:55:47');
INSERT INTO `approval_node` (`approval_id`, `node_name`, `approver_id`, `node_order`, `status`, `comment`, `approved_at`, `created_at`) VALUES ('277c90e89ed84ee5880d122d7f6669b1', 'Node 2', 2, 2, 1, 'Approved', '2025-11-09 21:55:47', '2025-11-09 17:08:30');
INSERT INTO `operation_log` (`user_id`, `module`, `operation`, `target_id`, `detail`, `user_agent`, `created_at`) VALUES (1, 'APPROVAL', 'APPROVE', '277c90e89ed84ee5880d122d7f6669b1', 'Approved node 3', 'Generated Script', '2025-11-09 23:54:19');
INSERT INTO `approval_node` (`approval_id`, `node_name`, `approver_id`, `node_order`, `status`, `comment`, `approved_at`, `created_at`) VALUES ('277c90e89ed84ee5880d122d7f6669b1', 'Node 3', 1, 3, 1, 'Approved', '2025-11-09 23:54:19', '2025-11-09 17:08:30');
INSERT INTO `approval_record` (`id`, `title`, `type_code`, `content`, `initiator_id`, `priority`, `status`, `current_node_order`, `workflow_id`, `created_at`, `completed_at`) VALUES ('0ca9b18d53da46f7a908c5535d968b98', 'CONTRACT - Generated', 'CONTRACT', '{}', 10, 0, 3, 3, 6, '2025-11-30 03:49:45', '2025-11-30 07:30:30');
INSERT INTO `operation_log` (`user_id`, `module`, `operation`, `target_id`, `detail`, `user_agent`, `created_at`) VALUES (10, 'APPROVAL', 'SUBMIT', '0ca9b18d53da46f7a908c5535d968b98', 'Initiated Request', 'Generated Script', '2025-11-30 03:49:45');
INSERT INTO `operation_log` (`user_id`, `module`, `operation`, `target_id`, `detail`, `user_agent`, `created_at`) VALUES (1, 'APPROVAL', 'APPROVE', '0ca9b18d53da46f7a908c5535d968b98', 'Approved node 2', 'Generated Script', '2025-11-30 07:40:37');
INSERT INTO `approval_node` (`approval_id`, `node_name`, `approver_id`, `node_order`, `status`, `comment`, `approved_at`, `created_at`) VALUES ('0ca9b18d53da46f7a908c5535d968b98', 'Node 2', 1, 2, 1, 'Approved', '2025-11-30 07:40:37', '2025-11-30 03:49:45');
INSERT INTO `operation_log` (`user_id`, `module`, `operation`, `target_id`, `detail`, `user_agent`, `created_at`) VALUES (2, 'APPROVAL', 'APPROVE', '0ca9b18d53da46f7a908c5535d968b98', 'Approved node 3', 'Generated Script', '2025-11-30 11:25:42');
INSERT INTO `approval_node` (`approval_id`, `node_name`, `approver_id`, `node_order`, `status`, `comment`, `approved_at`, `created_at`) VALUES ('0ca9b18d53da46f7a908c5535d968b98', 'Node 3', 2, 3, 1, 'Approved', '2025-11-30 11:25:42', '2025-11-30 03:49:45');
INSERT INTO `approval_record` (`id`, `title`, `type_code`, `content`, `initiator_id`, `priority`, `status`, `current_node_order`, `workflow_id`, `created_at`, `completed_at`) VALUES ('aa42940df1d4493694b59e8b36f339e5', 'OVERTIME - Generated', 'OVERTIME', '{}', 15, 2, 3, 3, 5, '2025-12-28 17:38:32', '2025-12-30 10:15:29');
INSERT INTO `operation_log` (`user_id`, `module`, `operation`, `target_id`, `detail`, `user_agent`, `created_at`) VALUES (15, 'APPROVAL', 'SUBMIT', 'aa42940df1d4493694b59e8b36f339e5', 'Initiated Request', 'Generated Script', '2025-12-28 17:38:32');
INSERT INTO `operation_log` (`user_id`, `module`, `operation`, `target_id`, `detail`, `user_agent`, `created_at`) VALUES (2, 'APPROVAL', 'APPROVE', 'aa42940df1d4493694b59e8b36f339e5', 'Approved node 2', 'Generated Script', '2025-12-29 00:07:40');
INSERT INTO `approval_node` (`approval_id`, `node_name`, `approver_id`, `node_order`, `status`, `comment`, `approved_at`, `created_at`) VALUES ('aa42940df1d4493694b59e8b36f339e5', 'Node 2', 2, 2, 1, 'Approved', '2025-12-29 00:07:40', '2025-12-28 17:38:32');
INSERT INTO `operation_log` (`user_id`, `module`, `operation`, `target_id`, `detail`, `user_agent`, `created_at`) VALUES (2, 'APPROVAL', 'APPROVE', 'aa42940df1d4493694b59e8b36f339e5', 'Approved node 3', 'Generated Script', '2025-12-29 01:34:27');
INSERT INTO `approval_node` (`approval_id`, `node_name`, `approver_id`, `node_order`, `status`, `comment`, `approved_at`, `created_at`) VALUES ('aa42940df1d4493694b59e8b36f339e5', 'Node 3', 2, 3, 1, 'Approved', '2025-12-29 01:34:27', '2025-12-28 17:38:32');
INSERT INTO `approval_record` (`id`, `title`, `type_code`, `content`, `initiator_id`, `priority`, `status`, `current_node_order`, `workflow_id`, `created_at`, `completed_at`) VALUES ('235eae3c79a54274ace6cd067353009a', 'BUSINESS_TRIP - Generated', 'BUSINESS_TRIP', '{}', 11, 1, 2, 2, 4, '2025-10-26 03:20:37', NULL);
INSERT INTO `operation_log` (`user_id`, `module`, `operation`, `target_id`, `detail`, `user_agent`, `created_at`) VALUES (11, 'APPROVAL', 'SUBMIT', '235eae3c79a54274ace6cd067353009a', 'Initiated Request', 'Generated Script', '2025-10-26 03:20:37');
INSERT INTO `operation_log` (`user_id`, `module`, `operation`, `target_id`, `detail`, `user_agent`, `created_at`) VALUES (4, 'APPROVAL', 'APPROVE', '235eae3c79a54274ace6cd067353009a', 'Approved node 2', 'Generated Script', '2025-10-26 06:49:41');
INSERT INTO `approval_node` (`approval_id`, `node_name`, `approver_id`, `node_order`, `status`, `comment`, `approved_at`, `created_at`) VALUES ('235eae3c79a54274ace6cd067353009a', 'Node 2', 4, 2, 1, 'Approved', '2025-10-26 06:49:41', '2025-10-26 03:20:37');
INSERT INTO `approval_record` (`id`, `title`, `type_code`, `content`, `initiator_id`, `priority`, `status`, `current_node_order`, `workflow_id`, `created_at`, `completed_at`) VALUES ('a82ca2316dcc4514ac6e9290679cfab1', 'CONTRACT - Generated', 'CONTRACT', '{}', 12, 1, 1, 1, 6, '2025-12-31 20:11:48', NULL);
INSERT INTO `operation_log` (`user_id`, `module`, `operation`, `target_id`, `detail`, `user_agent`, `created_at`) VALUES (12, 'APPROVAL', 'SUBMIT', 'a82ca2316dcc4514ac6e9290679cfab1', 'Initiated Request', 'Generated Script', '2025-12-31 20:11:48');
INSERT INTO `approval_record` (`id`, `title`, `type_code`, `content`, `initiator_id`, `priority`, `status`, `current_node_order`, `workflow_id`, `created_at`, `completed_at`) VALUES ('32663ed11ec647149cfa0055c9a972af', 'BUSINESS_TRIP - Generated', 'BUSINESS_TRIP', '{}', 16, 2, 3, 3, 4, '2025-12-04 21:29:59', '2025-12-07 09:27:29');
INSERT INTO `operation_log` (`user_id`, `module`, `operation`, `target_id`, `detail`, `user_agent`, `created_at`) VALUES (16, 'APPROVAL', 'SUBMIT', '32663ed11ec647149cfa0055c9a972af', 'Initiated Request', 'Generated Script', '2025-12-04 21:29:59');
INSERT INTO `operation_log` (`user_id`, `module`, `operation`, `target_id`, `detail`, `user_agent`, `created_at`) VALUES (5, 'APPROVAL', 'APPROVE', '32663ed11ec647149cfa0055c9a972af', 'Approved node 2', 'Generated Script', '2025-12-05 02:35:09');
INSERT INTO `approval_node` (`approval_id`, `node_name`, `approver_id`, `node_order`, `status`, `comment`, `approved_at`, `created_at`) VALUES ('32663ed11ec647149cfa0055c9a972af', 'Node 2', 5, 2, 1, 'Approved', '2025-12-05 02:35:09', '2025-12-04 21:29:59');
INSERT INTO `operation_log` (`user_id`, `module`, `operation`, `target_id`, `detail`, `user_agent`, `created_at`) VALUES (5, 'APPROVAL', 'APPROVE', '32663ed11ec647149cfa0055c9a972af', 'Approved node 3', 'Generated Script', '2025-12-05 04:22:45');
INSERT INTO `approval_node` (`approval_id`, `node_name`, `approver_id`, `node_order`, `status`, `comment`, `approved_at`, `created_at`) VALUES ('32663ed11ec647149cfa0055c9a972af', 'Node 3', 5, 3, 1, 'Approved', '2025-12-05 04:22:45', '2025-12-04 21:29:59');
INSERT INTO `approval_record` (`id`, `title`, `type_code`, `content`, `initiator_id`, `priority`, `status`, `current_node_order`, `workflow_id`, `created_at`, `completed_at`) VALUES ('cb133943a79e4ad3a54f375a029f07ee', 'EXPENSE - Generated', 'EXPENSE', '{}', 9, 2, 3, 3, 2, '2025-10-30 06:47:01', '2025-11-01 09:17:56');
INSERT INTO `operation_log` (`user_id`, `module`, `operation`, `target_id`, `detail`, `user_agent`, `created_at`) VALUES (9, 'APPROVAL', 'SUBMIT', 'cb133943a79e4ad3a54f375a029f07ee', 'Initiated Request', 'Generated Script', '2025-10-30 06:47:01');
INSERT INTO `operation_log` (`user_id`, `module`, `operation`, `target_id`, `detail`, `user_agent`, `created_at`) VALUES (3, 'APPROVAL', 'APPROVE', 'cb133943a79e4ad3a54f375a029f07ee', 'Approved node 2', 'Generated Script', '2025-10-30 11:26:10');
INSERT INTO `approval_node` (`approval_id`, `node_name`, `approver_id`, `node_order`, `status`, `comment`, `approved_at`, `created_at`) VALUES ('cb133943a79e4ad3a54f375a029f07ee', 'Node 2', 3, 2, 1, 'Approved', '2025-10-30 11:26:10', '2025-10-30 06:47:01');
INSERT INTO `operation_log` (`user_id`, `module`, `operation`, `target_id`, `detail`, `user_agent`, `created_at`) VALUES (5, 'APPROVAL', 'APPROVE', 'cb133943a79e4ad3a54f375a029f07ee', 'Approved node 3', 'Generated Script', '2025-10-30 15:14:41');
INSERT INTO `approval_node` (`approval_id`, `node_name`, `approver_id`, `node_order`, `status`, `comment`, `approved_at`, `created_at`) VALUES ('cb133943a79e4ad3a54f375a029f07ee', 'Node 3', 5, 3, 1, 'Approved', '2025-10-30 15:14:41', '2025-10-30 06:47:01');
INSERT INTO `approval_record` (`id`, `title`, `type_code`, `content`, `initiator_id`, `priority`, `status`, `current_node_order`, `workflow_id`, `created_at`, `completed_at`) VALUES ('46507c80052d44a783c00efb54e10b94', 'CONTRACT - Generated', 'CONTRACT', '{}', 1, 0, 2, 2, 6, '2025-10-31 08:58:08', NULL);
INSERT INTO `operation_log` (`user_id`, `module`, `operation`, `target_id`, `detail`, `user_agent`, `created_at`) VALUES (1, 'APPROVAL', 'SUBMIT', '46507c80052d44a783c00efb54e10b94', 'Initiated Request', 'Generated Script', '2025-10-31 08:58:08');
INSERT INTO `operation_log` (`user_id`, `module`, `operation`, `target_id`, `detail`, `user_agent`, `created_at`) VALUES (5, 'APPROVAL', 'APPROVE', '46507c80052d44a783c00efb54e10b94', 'Approved node 2', 'Generated Script', '2025-10-31 13:25:02');
INSERT INTO `approval_node` (`approval_id`, `node_name`, `approver_id`, `node_order`, `status`, `comment`, `approved_at`, `created_at`) VALUES ('46507c80052d44a783c00efb54e10b94', 'Node 2', 5, 2, 1, 'Approved', '2025-10-31 13:25:02', '2025-10-31 08:58:08');
INSERT INTO `approval_record` (`id`, `title`, `type_code`, `content`, `initiator_id`, `priority`, `status`, `current_node_order`, `workflow_id`, `created_at`, `completed_at`) VALUES ('32ab5809011b47fb966d330e402982bd', 'LEAVE - Generated', 'LEAVE', '{}', 11, 2, 3, 3, 1, '2025-11-30 02:06:06', '2025-12-01 19:06:05');
INSERT INTO `operation_log` (`user_id`, `module`, `operation`, `target_id`, `detail`, `user_agent`, `created_at`) VALUES (11, 'APPROVAL', 'SUBMIT', '32ab5809011b47fb966d330e402982bd', 'Initiated Request', 'Generated Script', '2025-11-30 02:06:06');
INSERT INTO `operation_log` (`user_id`, `module`, `operation`, `target_id`, `detail`, `user_agent`, `created_at`) VALUES (1, 'APPROVAL', 'APPROVE', '32ab5809011b47fb966d330e402982bd', 'Approved node 2', 'Generated Script', '2025-11-30 05:45:13');
INSERT INTO `approval_node` (`approval_id`, `node_name`, `approver_id`, `node_order`, `status`, `comment`, `approved_at`, `created_at`) VALUES ('32ab5809011b47fb966d330e402982bd', 'Node 2', 1, 2, 1, 'Approved', '2025-11-30 05:45:13', '2025-11-30 02:06:06');
INSERT INTO `operation_log` (`user_id`, `module`, `operation`, `target_id`, `detail`, `user_agent`, `created_at`) VALUES (5, 'APPROVAL', 'APPROVE', '32ab5809011b47fb966d330e402982bd', 'Approved node 3', 'Generated Script', '2025-11-30 09:09:09');
INSERT INTO `approval_node` (`approval_id`, `node_name`, `approver_id`, `node_order`, `status`, `comment`, `approved_at`, `created_at`) VALUES ('32ab5809011b47fb966d330e402982bd', 'Node 3', 5, 3, 1, 'Approved', '2025-11-30 09:09:09', '2025-11-30 02:06:06');
INSERT INTO `approval_record` (`id`, `title`, `type_code`, `content`, `initiator_id`, `priority`, `status`, `current_node_order`, `workflow_id`, `created_at`, `completed_at`) VALUES ('6a6269fac3c144a4a12d5614803ecb20', 'CONTRACT - Generated', 'CONTRACT', '{}', 11, 0, 4, 3, 6, '2025-12-24 13:38:20', '2025-12-24 20:43:36');
INSERT INTO `operation_log` (`user_id`, `module`, `operation`, `target_id`, `detail`, `user_agent`, `created_at`) VALUES (11, 'APPROVAL', 'SUBMIT', '6a6269fac3c144a4a12d5614803ecb20', 'Initiated Request', 'Generated Script', '2025-12-24 13:38:20');
INSERT INTO `operation_log` (`user_id`, `module`, `operation`, `target_id`, `detail`, `user_agent`, `created_at`) VALUES (2, 'APPROVAL', 'APPROVE', '6a6269fac3c144a4a12d5614803ecb20', 'Approved node 2', 'Generated Script', '2025-12-24 16:29:22');
INSERT INTO `approval_node` (`approval_id`, `node_name`, `approver_id`, `node_order`, `status`, `comment`, `approved_at`, `created_at`) VALUES ('6a6269fac3c144a4a12d5614803ecb20', 'Node 2', 2, 2, 1, 'Approved', '2025-12-24 16:29:22', '2025-12-24 13:38:20');
INSERT INTO `operation_log` (`user_id`, `module`, `operation`, `target_id`, `detail`, `user_agent`, `created_at`) VALUES (5, 'APPROVAL', 'REJECT', '6a6269fac3c144a4a12d5614803ecb20', 'Rejected node 3', 'Generated Script', '2025-12-24 18:51:09');
INSERT INTO `approval_node` (`approval_id`, `node_name`, `approver_id`, `node_order`, `status`, `comment`, `approved_at`, `created_at`) VALUES ('6a6269fac3c144a4a12d5614803ecb20', 'Node 3', 5, 3, 2, 'Rejected', '2025-12-24 18:51:09', '2025-12-24 13:38:20');
INSERT INTO `approval_record` (`id`, `title`, `type_code`, `content`, `initiator_id`, `priority`, `status`, `current_node_order`, `workflow_id`, `created_at`, `completed_at`) VALUES ('6f3582deefcb4104a552c0526db26d22', 'CONTRACT - Generated', 'CONTRACT', '{}', 5, 1, 3, 3, 6, '2025-11-10 15:08:22', '2025-11-11 14:14:36');
INSERT INTO `operation_log` (`user_id`, `module`, `operation`, `target_id`, `detail`, `user_agent`, `created_at`) VALUES (5, 'APPROVAL', 'SUBMIT', '6f3582deefcb4104a552c0526db26d22', 'Initiated Request', 'Generated Script', '2025-11-10 15:08:22');
INSERT INTO `operation_log` (`user_id`, `module`, `operation`, `target_id`, `detail`, `user_agent`, `created_at`) VALUES (1, 'APPROVAL', 'APPROVE', '6f3582deefcb4104a552c0526db26d22', 'Approved node 2', 'Generated Script', '2025-11-10 21:41:39');
INSERT INTO `approval_node` (`approval_id`, `node_name`, `approver_id`, `node_order`, `status`, `comment`, `approved_at`, `created_at`) VALUES ('6f3582deefcb4104a552c0526db26d22', 'Node 2', 1, 2, 1, 'Approved', '2025-11-10 21:41:39', '2025-11-10 15:08:22');
INSERT INTO `operation_log` (`user_id`, `module`, `operation`, `target_id`, `detail`, `user_agent`, `created_at`) VALUES (4, 'APPROVAL', 'APPROVE', '6f3582deefcb4104a552c0526db26d22', 'Approved node 3', 'Generated Script', '2025-11-11 00:12:23');
INSERT INTO `approval_node` (`approval_id`, `node_name`, `approver_id`, `node_order`, `status`, `comment`, `approved_at`, `created_at`) VALUES ('6f3582deefcb4104a552c0526db26d22', 'Node 3', 4, 3, 1, 'Approved', '2025-11-11 00:12:23', '2025-11-10 15:08:22');
INSERT INTO `approval_record` (`id`, `title`, `type_code`, `content`, `initiator_id`, `priority`, `status`, `current_node_order`, `workflow_id`, `created_at`, `completed_at`) VALUES ('0a8aff364f2148f09ca1ef4ee222f1d9', 'EXPENSE - Generated', 'EXPENSE', '{}', 5, 1, 3, 3, 2, '2025-11-26 11:29:17', '2025-11-29 03:08:01');
INSERT INTO `operation_log` (`user_id`, `module`, `operation`, `target_id`, `detail`, `user_agent`, `created_at`) VALUES (5, 'APPROVAL', 'SUBMIT', '0a8aff364f2148f09ca1ef4ee222f1d9', 'Initiated Request', 'Generated Script', '2025-11-26 11:29:17');
INSERT INTO `operation_log` (`user_id`, `module`, `operation`, `target_id`, `detail`, `user_agent`, `created_at`) VALUES (5, 'APPROVAL', 'APPROVE', '0a8aff364f2148f09ca1ef4ee222f1d9', 'Approved node 2', 'Generated Script', '2025-11-26 17:50:31');
INSERT INTO `approval_node` (`approval_id`, `node_name`, `approver_id`, `node_order`, `status`, `comment`, `approved_at`, `created_at`) VALUES ('0a8aff364f2148f09ca1ef4ee222f1d9', 'Node 2', 5, 2, 1, 'Approved', '2025-11-26 17:50:31', '2025-11-26 11:29:17');
INSERT INTO `operation_log` (`user_id`, `module`, `operation`, `target_id`, `detail`, `user_agent`, `created_at`) VALUES (4, 'APPROVAL', 'APPROVE', '0a8aff364f2148f09ca1ef4ee222f1d9', 'Approved node 3', 'Generated Script', '2025-11-26 20:44:35');
INSERT INTO `approval_node` (`approval_id`, `node_name`, `approver_id`, `node_order`, `status`, `comment`, `approved_at`, `created_at`) VALUES ('0a8aff364f2148f09ca1ef4ee222f1d9', 'Node 3', 4, 3, 1, 'Approved', '2025-11-26 20:44:35', '2025-11-26 11:29:17');
INSERT INTO `approval_record` (`id`, `title`, `type_code`, `content`, `initiator_id`, `priority`, `status`, `current_node_order`, `workflow_id`, `created_at`, `completed_at`) VALUES ('e0a7021791af4fbe9f474e7994fe9a83', 'CONTRACT - Generated', 'CONTRACT', '{}', 15, 0, 4, 3, 6, '2025-11-10 02:54:05', '2025-11-11 00:57:04');
INSERT INTO `operation_log` (`user_id`, `module`, `operation`, `target_id`, `detail`, `user_agent`, `created_at`) VALUES (15, 'APPROVAL', 'SUBMIT', 'e0a7021791af4fbe9f474e7994fe9a83', 'Initiated Request', 'Generated Script', '2025-11-10 02:54:05');
INSERT INTO `operation_log` (`user_id`, `module`, `operation`, `target_id`, `detail`, `user_agent`, `created_at`) VALUES (1, 'APPROVAL', 'APPROVE', 'e0a7021791af4fbe9f474e7994fe9a83', 'Approved node 2', 'Generated Script', '2025-11-10 05:59:57');
INSERT INTO `approval_node` (`approval_id`, `node_name`, `approver_id`, `node_order`, `status`, `comment`, `approved_at`, `created_at`) VALUES ('e0a7021791af4fbe9f474e7994fe9a83', 'Node 2', 1, 2, 1, 'Approved', '2025-11-10 05:59:57', '2025-11-10 02:54:05');
INSERT INTO `operation_log` (`user_id`, `module`, `operation`, `target_id`, `detail`, `user_agent`, `created_at`) VALUES (5, 'APPROVAL', 'REJECT', 'e0a7021791af4fbe9f474e7994fe9a83', 'Rejected node 3', 'Generated Script', '2025-11-10 06:34:48');
INSERT INTO `approval_node` (`approval_id`, `node_name`, `approver_id`, `node_order`, `status`, `comment`, `approved_at`, `created_at`) VALUES ('e0a7021791af4fbe9f474e7994fe9a83', 'Node 3', 5, 3, 2, 'Rejected', '2025-11-10 06:34:48', '2025-11-10 02:54:05');
INSERT INTO `approval_record` (`id`, `title`, `type_code`, `content`, `initiator_id`, `priority`, `status`, `current_node_order`, `workflow_id`, `created_at`, `completed_at`) VALUES ('75b9c652396a4322b39e1f4e14c918b2', 'OVERTIME - Generated', 'OVERTIME', '{}', 3, 1, 3, 3, 5, '2025-12-11 02:57:47', '2025-12-12 04:22:10');
INSERT INTO `operation_log` (`user_id`, `module`, `operation`, `target_id`, `detail`, `user_agent`, `created_at`) VALUES (3, 'APPROVAL', 'SUBMIT', '75b9c652396a4322b39e1f4e14c918b2', 'Initiated Request', 'Generated Script', '2025-12-11 02:57:47');
INSERT INTO `operation_log` (`user_id`, `module`, `operation`, `target_id`, `detail`, `user_agent`, `created_at`) VALUES (1, 'APPROVAL', 'APPROVE', '75b9c652396a4322b39e1f4e14c918b2', 'Approved node 2', 'Generated Script', '2025-12-11 05:20:47');
INSERT INTO `approval_node` (`approval_id`, `node_name`, `approver_id`, `node_order`, `status`, `comment`, `approved_at`, `created_at`) VALUES ('75b9c652396a4322b39e1f4e14c918b2', 'Node 2', 1, 2, 1, 'Approved', '2025-12-11 05:20:47', '2025-12-11 02:57:47');
INSERT INTO `operation_log` (`user_id`, `module`, `operation`, `target_id`, `detail`, `user_agent`, `created_at`) VALUES (4, 'APPROVAL', 'APPROVE', '75b9c652396a4322b39e1f4e14c918b2', 'Approved node 3', 'Generated Script', '2025-12-11 08:44:17');
INSERT INTO `approval_node` (`approval_id`, `node_name`, `approver_id`, `node_order`, `status`, `comment`, `approved_at`, `created_at`) VALUES ('75b9c652396a4322b39e1f4e14c918b2', 'Node 3', 4, 3, 1, 'Approved', '2025-12-11 08:44:17', '2025-12-11 02:57:47');
INSERT INTO `approval_record` (`id`, `title`, `type_code`, `content`, `initiator_id`, `priority`, `status`, `current_node_order`, `workflow_id`, `created_at`, `completed_at`) VALUES ('713c6aaec0b34f7884645bf7afb49919', 'EXPENSE - Generated', 'EXPENSE', '{}', 2, 0, 3, 3, 2, '2025-12-27 18:55:39', '2025-12-30 05:53:10');
INSERT INTO `operation_log` (`user_id`, `module`, `operation`, `target_id`, `detail`, `user_agent`, `created_at`) VALUES (2, 'APPROVAL', 'SUBMIT', '713c6aaec0b34f7884645bf7afb49919', 'Initiated Request', 'Generated Script', '2025-12-27 18:55:39');
INSERT INTO `operation_log` (`user_id`, `module`, `operation`, `target_id`, `detail`, `user_agent`, `created_at`) VALUES (3, 'APPROVAL', 'APPROVE', '713c6aaec0b34f7884645bf7afb49919', 'Approved node 2', 'Generated Script', '2025-12-28 01:34:21');
INSERT INTO `approval_node` (`approval_id`, `node_name`, `approver_id`, `node_order`, `status`, `comment`, `approved_at`, `created_at`) VALUES ('713c6aaec0b34f7884645bf7afb49919', 'Node 2', 3, 2, 1, 'Approved', '2025-12-28 01:34:21', '2025-12-27 18:55:39');
INSERT INTO `operation_log` (`user_id`, `module`, `operation`, `target_id`, `detail`, `user_agent`, `created_at`) VALUES (5, 'APPROVAL', 'APPROVE', '713c6aaec0b34f7884645bf7afb49919', 'Approved node 3', 'Generated Script', '2025-12-28 02:46:21');
INSERT INTO `approval_node` (`approval_id`, `node_name`, `approver_id`, `node_order`, `status`, `comment`, `approved_at`, `created_at`) VALUES ('713c6aaec0b34f7884645bf7afb49919', 'Node 3', 5, 3, 1, 'Approved', '2025-12-28 02:46:21', '2025-12-27 18:55:39');
INSERT INTO `approval_record` (`id`, `title`, `type_code`, `content`, `initiator_id`, `priority`, `status`, `current_node_order`, `workflow_id`, `created_at`, `completed_at`) VALUES ('67f5799618614823acf7221ba4823037', 'LEAVE - Generated', 'LEAVE', '{}', 6, 0, 3, 3, 1, '2025-12-31 08:40:28', '2026-01-01 21:47:40');
INSERT INTO `operation_log` (`user_id`, `module`, `operation`, `target_id`, `detail`, `user_agent`, `created_at`) VALUES (6, 'APPROVAL', 'SUBMIT', '67f5799618614823acf7221ba4823037', 'Initiated Request', 'Generated Script', '2025-12-31 08:40:28');
INSERT INTO `operation_log` (`user_id`, `module`, `operation`, `target_id`, `detail`, `user_agent`, `created_at`) VALUES (2, 'APPROVAL', 'APPROVE', '67f5799618614823acf7221ba4823037', 'Approved node 2', 'Generated Script', '2025-12-31 14:37:40');
INSERT INTO `approval_node` (`approval_id`, `node_name`, `approver_id`, `node_order`, `status`, `comment`, `approved_at`, `created_at`) VALUES ('67f5799618614823acf7221ba4823037', 'Node 2', 2, 2, 1, 'Approved', '2025-12-31 14:37:40', '2025-12-31 08:40:28');
INSERT INTO `operation_log` (`user_id`, `module`, `operation`, `target_id`, `detail`, `user_agent`, `created_at`) VALUES (4, 'APPROVAL', 'APPROVE', '67f5799618614823acf7221ba4823037', 'Approved node 3', 'Generated Script', '2025-12-31 16:39:35');
INSERT INTO `approval_node` (`approval_id`, `node_name`, `approver_id`, `node_order`, `status`, `comment`, `approved_at`, `created_at`) VALUES ('67f5799618614823acf7221ba4823037', 'Node 3', 4, 3, 1, 'Approved', '2025-12-31 16:39:35', '2025-12-31 08:40:28');
INSERT INTO `approval_record` (`id`, `title`, `type_code`, `content`, `initiator_id`, `priority`, `status`, `current_node_order`, `workflow_id`, `created_at`, `completed_at`) VALUES ('cf68018af38144959dd850eff5d47585', 'BUSINESS_TRIP - Generated', 'BUSINESS_TRIP', '{}', 13, 2, 3, 3, 4, '2025-12-28 05:05:56', '2025-12-30 19:31:29');
INSERT INTO `operation_log` (`user_id`, `module`, `operation`, `target_id`, `detail`, `user_agent`, `created_at`) VALUES (13, 'APPROVAL', 'SUBMIT', 'cf68018af38144959dd850eff5d47585', 'Initiated Request', 'Generated Script', '2025-12-28 05:05:56');
INSERT INTO `operation_log` (`user_id`, `module`, `operation`, `target_id`, `detail`, `user_agent`, `created_at`) VALUES (1, 'APPROVAL', 'APPROVE', 'cf68018af38144959dd850eff5d47585', 'Approved node 2', 'Generated Script', '2025-12-28 08:37:15');
INSERT INTO `approval_node` (`approval_id`, `node_name`, `approver_id`, `node_order`, `status`, `comment`, `approved_at`, `created_at`) VALUES ('cf68018af38144959dd850eff5d47585', 'Node 2', 1, 2, 1, 'Approved', '2025-12-28 08:37:15', '2025-12-28 05:05:56');
INSERT INTO `operation_log` (`user_id`, `module`, `operation`, `target_id`, `detail`, `user_agent`, `created_at`) VALUES (5, 'APPROVAL', 'APPROVE', 'cf68018af38144959dd850eff5d47585', 'Approved node 3', 'Generated Script', '2025-12-28 09:59:21');
INSERT INTO `approval_node` (`approval_id`, `node_name`, `approver_id`, `node_order`, `status`, `comment`, `approved_at`, `created_at`) VALUES ('cf68018af38144959dd850eff5d47585', 'Node 3', 5, 3, 1, 'Approved', '2025-12-28 09:59:21', '2025-12-28 05:05:56');
INSERT INTO `approval_record` (`id`, `title`, `type_code`, `content`, `initiator_id`, `priority`, `status`, `current_node_order`, `workflow_id`, `created_at`, `completed_at`) VALUES ('f0936a8069a6461e807029d5aad9d32d', 'PURCHASE - Generated', 'PURCHASE', '{}', 13, 2, 1, 1, 3, '2025-11-10 20:19:26', NULL);
INSERT INTO `operation_log` (`user_id`, `module`, `operation`, `target_id`, `detail`, `user_agent`, `created_at`) VALUES (13, 'APPROVAL', 'SUBMIT', 'f0936a8069a6461e807029d5aad9d32d', 'Initiated Request', 'Generated Script', '2025-11-10 20:19:26');
INSERT INTO `approval_record` (`id`, `title`, `type_code`, `content`, `initiator_id`, `priority`, `status`, `current_node_order`, `workflow_id`, `created_at`, `completed_at`) VALUES ('14f82a1872ab4d8582337aa34589db68', 'CONTRACT - Generated', 'CONTRACT', '{}', 14, 1, 3, 3, 6, '2025-12-20 07:57:28', '2025-12-22 21:42:22');
INSERT INTO `operation_log` (`user_id`, `module`, `operation`, `target_id`, `detail`, `user_agent`, `created_at`) VALUES (14, 'APPROVAL', 'SUBMIT', '14f82a1872ab4d8582337aa34589db68', 'Initiated Request', 'Generated Script', '2025-12-20 07:57:28');
INSERT INTO `operation_log` (`user_id`, `module`, `operation`, `target_id`, `detail`, `user_agent`, `created_at`) VALUES (2, 'APPROVAL', 'APPROVE', '14f82a1872ab4d8582337aa34589db68', 'Approved node 2', 'Generated Script', '2025-12-20 11:33:45');
INSERT INTO `approval_node` (`approval_id`, `node_name`, `approver_id`, `node_order`, `status`, `comment`, `approved_at`, `created_at`) VALUES ('14f82a1872ab4d8582337aa34589db68', 'Node 2', 2, 2, 1, 'Approved', '2025-12-20 11:33:45', '2025-12-20 07:57:28');
INSERT INTO `operation_log` (`user_id`, `module`, `operation`, `target_id`, `detail`, `user_agent`, `created_at`) VALUES (2, 'APPROVAL', 'APPROVE', '14f82a1872ab4d8582337aa34589db68', 'Approved node 3', 'Generated Script', '2025-12-20 13:20:08');
INSERT INTO `approval_node` (`approval_id`, `node_name`, `approver_id`, `node_order`, `status`, `comment`, `approved_at`, `created_at`) VALUES ('14f82a1872ab4d8582337aa34589db68', 'Node 3', 2, 3, 1, 'Approved', '2025-12-20 13:20:08', '2025-12-20 07:57:28');
INSERT INTO `approval_record` (`id`, `title`, `type_code`, `content`, `initiator_id`, `priority`, `status`, `current_node_order`, `workflow_id`, `created_at`, `completed_at`) VALUES ('7dcb246175c74ebaa709404ba7d94d53', 'CONTRACT - Generated', 'CONTRACT', '{}', 12, 0, 3, 3, 6, '2025-11-26 05:47:59', '2025-11-28 13:40:14');
INSERT INTO `operation_log` (`user_id`, `module`, `operation`, `target_id`, `detail`, `user_agent`, `created_at`) VALUES (12, 'APPROVAL', 'SUBMIT', '7dcb246175c74ebaa709404ba7d94d53', 'Initiated Request', 'Generated Script', '2025-11-26 05:47:59');
INSERT INTO `operation_log` (`user_id`, `module`, `operation`, `target_id`, `detail`, `user_agent`, `created_at`) VALUES (1, 'APPROVAL', 'APPROVE', '7dcb246175c74ebaa709404ba7d94d53', 'Approved node 2', 'Generated Script', '2025-11-26 10:51:14');
INSERT INTO `approval_node` (`approval_id`, `node_name`, `approver_id`, `node_order`, `status`, `comment`, `approved_at`, `created_at`) VALUES ('7dcb246175c74ebaa709404ba7d94d53', 'Node 2', 1, 2, 1, 'Approved', '2025-11-26 10:51:14', '2025-11-26 05:47:59');
INSERT INTO `operation_log` (`user_id`, `module`, `operation`, `target_id`, `detail`, `user_agent`, `created_at`) VALUES (3, 'APPROVAL', 'APPROVE', '7dcb246175c74ebaa709404ba7d94d53', 'Approved node 3', 'Generated Script', '2025-11-26 13:01:27');
INSERT INTO `approval_node` (`approval_id`, `node_name`, `approver_id`, `node_order`, `status`, `comment`, `approved_at`, `created_at`) VALUES ('7dcb246175c74ebaa709404ba7d94d53', 'Node 3', 3, 3, 1, 'Approved', '2025-11-26 13:01:27', '2025-11-26 05:47:59');
INSERT INTO `approval_record` (`id`, `title`, `type_code`, `content`, `initiator_id`, `priority`, `status`, `current_node_order`, `workflow_id`, `created_at`, `completed_at`) VALUES ('2115248cccda4612a42d089e9062e7fb', 'CONTRACT - Generated', 'CONTRACT', '{}', 19, 2, 3, 3, 6, '2026-01-02 21:41:57', '2026-01-05 02:14:51');
INSERT INTO `operation_log` (`user_id`, `module`, `operation`, `target_id`, `detail`, `user_agent`, `created_at`) VALUES (19, 'APPROVAL', 'SUBMIT', '2115248cccda4612a42d089e9062e7fb', 'Initiated Request', 'Generated Script', '2026-01-02 21:41:57');
INSERT INTO `operation_log` (`user_id`, `module`, `operation`, `target_id`, `detail`, `user_agent`, `created_at`) VALUES (4, 'APPROVAL', 'APPROVE', '2115248cccda4612a42d089e9062e7fb', 'Approved node 2', 'Generated Script', '2026-01-03 02:17:16');
INSERT INTO `approval_node` (`approval_id`, `node_name`, `approver_id`, `node_order`, `status`, `comment`, `approved_at`, `created_at`) VALUES ('2115248cccda4612a42d089e9062e7fb', 'Node 2', 4, 2, 1, 'Approved', '2026-01-03 02:17:16', '2026-01-02 21:41:57');
INSERT INTO `operation_log` (`user_id`, `module`, `operation`, `target_id`, `detail`, `user_agent`, `created_at`) VALUES (1, 'APPROVAL', 'APPROVE', '2115248cccda4612a42d089e9062e7fb', 'Approved node 3', 'Generated Script', '2026-01-03 04:44:08');
INSERT INTO `approval_node` (`approval_id`, `node_name`, `approver_id`, `node_order`, `status`, `comment`, `approved_at`, `created_at`) VALUES ('2115248cccda4612a42d089e9062e7fb', 'Node 3', 1, 3, 1, 'Approved', '2026-01-03 04:44:08', '2026-01-02 21:41:57');
INSERT INTO `approval_record` (`id`, `title`, `type_code`, `content`, `initiator_id`, `priority`, `status`, `current_node_order`, `workflow_id`, `created_at`, `completed_at`) VALUES ('f6d0d2ca4c664f55bb437a93a57f82a6', 'PURCHASE - Generated', 'PURCHASE', '{}', 11, 2, 1, 1, 3, '2026-01-01 03:36:13', NULL);
INSERT INTO `operation_log` (`user_id`, `module`, `operation`, `target_id`, `detail`, `user_agent`, `created_at`) VALUES (11, 'APPROVAL', 'SUBMIT', 'f6d0d2ca4c664f55bb437a93a57f82a6', 'Initiated Request', 'Generated Script', '2026-01-01 03:36:13');
INSERT INTO `approval_record` (`id`, `title`, `type_code`, `content`, `initiator_id`, `priority`, `status`, `current_node_order`, `workflow_id`, `created_at`, `completed_at`) VALUES ('85bff5eb83b949a38a43f690e7401084', 'OVERTIME - Generated', 'OVERTIME', '{}', 15, 0, 3, 3, 5, '2025-10-21 04:11:33', '2025-10-22 12:20:45');
INSERT INTO `operation_log` (`user_id`, `module`, `operation`, `target_id`, `detail`, `user_agent`, `created_at`) VALUES (15, 'APPROVAL', 'SUBMIT', '85bff5eb83b949a38a43f690e7401084', 'Initiated Request', 'Generated Script', '2025-10-21 04:11:33');
INSERT INTO `operation_log` (`user_id`, `module`, `operation`, `target_id`, `detail`, `user_agent`, `created_at`) VALUES (1, 'APPROVAL', 'APPROVE', '85bff5eb83b949a38a43f690e7401084', 'Approved node 2', 'Generated Script', '2025-10-21 10:55:03');
INSERT INTO `approval_node` (`approval_id`, `node_name`, `approver_id`, `node_order`, `status`, `comment`, `approved_at`, `created_at`) VALUES ('85bff5eb83b949a38a43f690e7401084', 'Node 2', 1, 2, 1, 'Approved', '2025-10-21 10:55:03', '2025-10-21 04:11:33');
INSERT INTO `operation_log` (`user_id`, `module`, `operation`, `target_id`, `detail`, `user_agent`, `created_at`) VALUES (5, 'APPROVAL', 'APPROVE', '85bff5eb83b949a38a43f690e7401084', 'Approved node 3', 'Generated Script', '2025-10-21 14:26:19');
INSERT INTO `approval_node` (`approval_id`, `node_name`, `approver_id`, `node_order`, `status`, `comment`, `approved_at`, `created_at`) VALUES ('85bff5eb83b949a38a43f690e7401084', 'Node 3', 5, 3, 1, 'Approved', '2025-10-21 14:26:19', '2025-10-21 04:11:33');
INSERT INTO `approval_record` (`id`, `title`, `type_code`, `content`, `initiator_id`, `priority`, `status`, `current_node_order`, `workflow_id`, `created_at`, `completed_at`) VALUES ('376b2fb236a544789b2f7ddf6776aa82', 'CONTRACT - Generated', 'CONTRACT', '{}', 8, 2, 4, 3, 6, '2025-12-26 13:42:54', '2025-12-28 03:00:46');
INSERT INTO `operation_log` (`user_id`, `module`, `operation`, `target_id`, `detail`, `user_agent`, `created_at`) VALUES (8, 'APPROVAL', 'SUBMIT', '376b2fb236a544789b2f7ddf6776aa82', 'Initiated Request', 'Generated Script', '2025-12-26 13:42:54');
INSERT INTO `operation_log` (`user_id`, `module`, `operation`, `target_id`, `detail`, `user_agent`, `created_at`) VALUES (3, 'APPROVAL', 'APPROVE', '376b2fb236a544789b2f7ddf6776aa82', 'Approved node 2', 'Generated Script', '2025-12-26 21:11:18');
INSERT INTO `approval_node` (`approval_id`, `node_name`, `approver_id`, `node_order`, `status`, `comment`, `approved_at`, `created_at`) VALUES ('376b2fb236a544789b2f7ddf6776aa82', 'Node 2', 3, 2, 1, 'Approved', '2025-12-26 21:11:18', '2025-12-26 13:42:54');
INSERT INTO `operation_log` (`user_id`, `module`, `operation`, `target_id`, `detail`, `user_agent`, `created_at`) VALUES (2, 'APPROVAL', 'REJECT', '376b2fb236a544789b2f7ddf6776aa82', 'Rejected node 3', 'Generated Script', '2025-12-26 23:39:11');
INSERT INTO `approval_node` (`approval_id`, `node_name`, `approver_id`, `node_order`, `status`, `comment`, `approved_at`, `created_at`) VALUES ('376b2fb236a544789b2f7ddf6776aa82', 'Node 3', 2, 3, 2, 'Rejected', '2025-12-26 23:39:11', '2025-12-26 13:42:54');
INSERT INTO `approval_record` (`id`, `title`, `type_code`, `content`, `initiator_id`, `priority`, `status`, `current_node_order`, `workflow_id`, `created_at`, `completed_at`) VALUES ('effaaba3b96d497aac74db1bab647845', 'PURCHASE - Generated', 'PURCHASE', '{}', 9, 2, 4, 3, 3, '2025-10-30 02:37:44', '2025-11-02 01:46:15');
INSERT INTO `operation_log` (`user_id`, `module`, `operation`, `target_id`, `detail`, `user_agent`, `created_at`) VALUES (9, 'APPROVAL', 'SUBMIT', 'effaaba3b96d497aac74db1bab647845', 'Initiated Request', 'Generated Script', '2025-10-30 02:37:44');
INSERT INTO `operation_log` (`user_id`, `module`, `operation`, `target_id`, `detail`, `user_agent`, `created_at`) VALUES (1, 'APPROVAL', 'APPROVE', 'effaaba3b96d497aac74db1bab647845', 'Approved node 2', 'Generated Script', '2025-10-30 04:21:38');
INSERT INTO `approval_node` (`approval_id`, `node_name`, `approver_id`, `node_order`, `status`, `comment`, `approved_at`, `created_at`) VALUES ('effaaba3b96d497aac74db1bab647845', 'Node 2', 1, 2, 1, 'Approved', '2025-10-30 04:21:38', '2025-10-30 02:37:44');
INSERT INTO `operation_log` (`user_id`, `module`, `operation`, `target_id`, `detail`, `user_agent`, `created_at`) VALUES (4, 'APPROVAL', 'REJECT', 'effaaba3b96d497aac74db1bab647845', 'Rejected node 3', 'Generated Script', '2025-10-30 06:28:58');
INSERT INTO `approval_node` (`approval_id`, `node_name`, `approver_id`, `node_order`, `status`, `comment`, `approved_at`, `created_at`) VALUES ('effaaba3b96d497aac74db1bab647845', 'Node 3', 4, 3, 2, 'Rejected', '2025-10-30 06:28:58', '2025-10-30 02:37:44');
INSERT INTO `approval_record` (`id`, `title`, `type_code`, `content`, `initiator_id`, `priority`, `status`, `current_node_order`, `workflow_id`, `created_at`, `completed_at`) VALUES ('8219f7c1a63946d38ec5bf56012602e9', 'EXPENSE - Generated', 'EXPENSE', '{}', 19, 1, 2, 2, 2, '2025-11-19 19:37:35', NULL);
INSERT INTO `operation_log` (`user_id`, `module`, `operation`, `target_id`, `detail`, `user_agent`, `created_at`) VALUES (19, 'APPROVAL', 'SUBMIT', '8219f7c1a63946d38ec5bf56012602e9', 'Initiated Request', 'Generated Script', '2025-11-19 19:37:35');
INSERT INTO `operation_log` (`user_id`, `module`, `operation`, `target_id`, `detail`, `user_agent`, `created_at`) VALUES (1, 'APPROVAL', 'APPROVE', '8219f7c1a63946d38ec5bf56012602e9', 'Approved node 2', 'Generated Script', '2025-11-19 23:39:05');
INSERT INTO `approval_node` (`approval_id`, `node_name`, `approver_id`, `node_order`, `status`, `comment`, `approved_at`, `created_at`) VALUES ('8219f7c1a63946d38ec5bf56012602e9', 'Node 2', 1, 2, 1, 'Approved', '2025-11-19 23:39:05', '2025-11-19 19:37:35');
INSERT INTO `approval_record` (`id`, `title`, `type_code`, `content`, `initiator_id`, `priority`, `status`, `current_node_order`, `workflow_id`, `created_at`, `completed_at`) VALUES ('a103e9202d5b4466b81abf54332a7c7e', 'OVERTIME - Generated', 'OVERTIME', '{}', 16, 1, 3, 3, 5, '2025-12-26 12:12:15', '2025-12-29 07:26:16');
INSERT INTO `operation_log` (`user_id`, `module`, `operation`, `target_id`, `detail`, `user_agent`, `created_at`) VALUES (16, 'APPROVAL', 'SUBMIT', 'a103e9202d5b4466b81abf54332a7c7e', 'Initiated Request', 'Generated Script', '2025-12-26 12:12:15');
INSERT INTO `operation_log` (`user_id`, `module`, `operation`, `target_id`, `detail`, `user_agent`, `created_at`) VALUES (1, 'APPROVAL', 'APPROVE', 'a103e9202d5b4466b81abf54332a7c7e', 'Approved node 2', 'Generated Script', '2025-12-26 17:23:20');
INSERT INTO `approval_node` (`approval_id`, `node_name`, `approver_id`, `node_order`, `status`, `comment`, `approved_at`, `created_at`) VALUES ('a103e9202d5b4466b81abf54332a7c7e', 'Node 2', 1, 2, 1, 'Approved', '2025-12-26 17:23:20', '2025-12-26 12:12:15');
INSERT INTO `operation_log` (`user_id`, `module`, `operation`, `target_id`, `detail`, `user_agent`, `created_at`) VALUES (5, 'APPROVAL', 'APPROVE', 'a103e9202d5b4466b81abf54332a7c7e', 'Approved node 3', 'Generated Script', '2025-12-26 20:39:28');
INSERT INTO `approval_node` (`approval_id`, `node_name`, `approver_id`, `node_order`, `status`, `comment`, `approved_at`, `created_at`) VALUES ('a103e9202d5b4466b81abf54332a7c7e', 'Node 3', 5, 3, 1, 'Approved', '2025-12-26 20:39:28', '2025-12-26 12:12:15');
INSERT INTO `approval_record` (`id`, `title`, `type_code`, `content`, `initiator_id`, `priority`, `status`, `current_node_order`, `workflow_id`, `created_at`, `completed_at`) VALUES ('b0d82b107798438d8e8bbd8c51496210', 'CONTRACT - Generated', 'CONTRACT', '{}', 15, 2, 4, 3, 6, '2026-01-09 03:45:27', '2026-01-09 14:07:47');
INSERT INTO `operation_log` (`user_id`, `module`, `operation`, `target_id`, `detail`, `user_agent`, `created_at`) VALUES (15, 'APPROVAL', 'SUBMIT', 'b0d82b107798438d8e8bbd8c51496210', 'Initiated Request', 'Generated Script', '2026-01-09 03:45:27');
INSERT INTO `operation_log` (`user_id`, `module`, `operation`, `target_id`, `detail`, `user_agent`, `created_at`) VALUES (1, 'APPROVAL', 'APPROVE', 'b0d82b107798438d8e8bbd8c51496210', 'Approved node 2', 'Generated Script', '2026-01-09 06:01:09');
INSERT INTO `approval_node` (`approval_id`, `node_name`, `approver_id`, `node_order`, `status`, `comment`, `approved_at`, `created_at`) VALUES ('b0d82b107798438d8e8bbd8c51496210', 'Node 2', 1, 2, 1, 'Approved', '2026-01-09 06:01:09', '2026-01-09 03:45:27');
INSERT INTO `operation_log` (`user_id`, `module`, `operation`, `target_id`, `detail`, `user_agent`, `created_at`) VALUES (5, 'APPROVAL', 'REJECT', 'b0d82b107798438d8e8bbd8c51496210', 'Rejected node 3', 'Generated Script', '2026-01-09 07:49:34');
INSERT INTO `approval_node` (`approval_id`, `node_name`, `approver_id`, `node_order`, `status`, `comment`, `approved_at`, `created_at`) VALUES ('b0d82b107798438d8e8bbd8c51496210', 'Node 3', 5, 3, 2, 'Rejected', '2026-01-09 07:49:34', '2026-01-09 03:45:27');
INSERT INTO `approval_record` (`id`, `title`, `type_code`, `content`, `initiator_id`, `priority`, `status`, `current_node_order`, `workflow_id`, `created_at`, `completed_at`) VALUES ('31608dfb3bbe47eabdd311bd607f4b31', 'EXPENSE - Generated', 'EXPENSE', '{}', 4, 1, 2, 2, 2, '2026-01-10 01:56:14', NULL);
INSERT INTO `operation_log` (`user_id`, `module`, `operation`, `target_id`, `detail`, `user_agent`, `created_at`) VALUES (4, 'APPROVAL', 'SUBMIT', '31608dfb3bbe47eabdd311bd607f4b31', 'Initiated Request', 'Generated Script', '2026-01-10 01:56:14');
INSERT INTO `operation_log` (`user_id`, `module`, `operation`, `target_id`, `detail`, `user_agent`, `created_at`) VALUES (1, 'APPROVAL', 'APPROVE', '31608dfb3bbe47eabdd311bd607f4b31', 'Approved node 2', 'Generated Script', '2026-01-10 07:37:15');
INSERT INTO `approval_node` (`approval_id`, `node_name`, `approver_id`, `node_order`, `status`, `comment`, `approved_at`, `created_at`) VALUES ('31608dfb3bbe47eabdd311bd607f4b31', 'Node 2', 1, 2, 1, 'Approved', '2026-01-10 07:37:15', '2026-01-10 01:56:14');
INSERT INTO `approval_record` (`id`, `title`, `type_code`, `content`, `initiator_id`, `priority`, `status`, `current_node_order`, `workflow_id`, `created_at`, `completed_at`) VALUES ('3e0bd27055464bd1ac6928bb0f11e952', 'PURCHASE - Generated', 'PURCHASE', '{}', 8, 1, 3, 3, 3, '2026-01-09 09:20:15', '2026-01-09 22:04:58');
INSERT INTO `operation_log` (`user_id`, `module`, `operation`, `target_id`, `detail`, `user_agent`, `created_at`) VALUES (8, 'APPROVAL', 'SUBMIT', '3e0bd27055464bd1ac6928bb0f11e952', 'Initiated Request', 'Generated Script', '2026-01-09 09:20:15');
INSERT INTO `operation_log` (`user_id`, `module`, `operation`, `target_id`, `detail`, `user_agent`, `created_at`) VALUES (4, 'APPROVAL', 'APPROVE', '3e0bd27055464bd1ac6928bb0f11e952', 'Approved node 2', 'Generated Script', '2026-01-09 13:21:40');
INSERT INTO `approval_node` (`approval_id`, `node_name`, `approver_id`, `node_order`, `status`, `comment`, `approved_at`, `created_at`) VALUES ('3e0bd27055464bd1ac6928bb0f11e952', 'Node 2', 4, 2, 1, 'Approved', '2026-01-09 13:21:40', '2026-01-09 09:20:15');
INSERT INTO `operation_log` (`user_id`, `module`, `operation`, `target_id`, `detail`, `user_agent`, `created_at`) VALUES (2, 'APPROVAL', 'APPROVE', '3e0bd27055464bd1ac6928bb0f11e952', 'Approved node 3', 'Generated Script', '2026-01-09 16:37:31');
INSERT INTO `approval_node` (`approval_id`, `node_name`, `approver_id`, `node_order`, `status`, `comment`, `approved_at`, `created_at`) VALUES ('3e0bd27055464bd1ac6928bb0f11e952', 'Node 3', 2, 3, 1, 'Approved', '2026-01-09 16:37:31', '2026-01-09 09:20:15');
INSERT INTO `approval_record` (`id`, `title`, `type_code`, `content`, `initiator_id`, `priority`, `status`, `current_node_order`, `workflow_id`, `created_at`, `completed_at`) VALUES ('7c85f302ce3348d49c1782ed6de9b395', 'PURCHASE - Generated', 'PURCHASE', '{}', 1, 0, 3, 3, 3, '2025-11-24 01:55:15', '2025-11-25 01:40:13');
INSERT INTO `operation_log` (`user_id`, `module`, `operation`, `target_id`, `detail`, `user_agent`, `created_at`) VALUES (1, 'APPROVAL', 'SUBMIT', '7c85f302ce3348d49c1782ed6de9b395', 'Initiated Request', 'Generated Script', '2025-11-24 01:55:15');
INSERT INTO `operation_log` (`user_id`, `module`, `operation`, `target_id`, `detail`, `user_agent`, `created_at`) VALUES (4, 'APPROVAL', 'APPROVE', '7c85f302ce3348d49c1782ed6de9b395', 'Approved node 2', 'Generated Script', '2025-11-24 05:51:56');
INSERT INTO `approval_node` (`approval_id`, `node_name`, `approver_id`, `node_order`, `status`, `comment`, `approved_at`, `created_at`) VALUES ('7c85f302ce3348d49c1782ed6de9b395', 'Node 2', 4, 2, 1, 'Approved', '2025-11-24 05:51:56', '2025-11-24 01:55:15');
INSERT INTO `operation_log` (`user_id`, `module`, `operation`, `target_id`, `detail`, `user_agent`, `created_at`) VALUES (3, 'APPROVAL', 'APPROVE', '7c85f302ce3348d49c1782ed6de9b395', 'Approved node 3', 'Generated Script', '2025-11-24 08:58:08');
INSERT INTO `approval_node` (`approval_id`, `node_name`, `approver_id`, `node_order`, `status`, `comment`, `approved_at`, `created_at`) VALUES ('7c85f302ce3348d49c1782ed6de9b395', 'Node 3', 3, 3, 1, 'Approved', '2025-11-24 08:58:08', '2025-11-24 01:55:15');
INSERT INTO `approval_record` (`id`, `title`, `type_code`, `content`, `initiator_id`, `priority`, `status`, `current_node_order`, `workflow_id`, `created_at`, `completed_at`) VALUES ('e917ece46403404da41f1c0dab33ff43', 'CONTRACT - Generated', 'CONTRACT', '{}', 18, 2, 1, 1, 6, '2025-12-28 13:17:51', NULL);
INSERT INTO `operation_log` (`user_id`, `module`, `operation`, `target_id`, `detail`, `user_agent`, `created_at`) VALUES (18, 'APPROVAL', 'SUBMIT', 'e917ece46403404da41f1c0dab33ff43', 'Initiated Request', 'Generated Script', '2025-12-28 13:17:51');
INSERT INTO `approval_record` (`id`, `title`, `type_code`, `content`, `initiator_id`, `priority`, `status`, `current_node_order`, `workflow_id`, `created_at`, `completed_at`) VALUES ('cfc8255f60104d64ac835fc237459b6f', 'BUSINESS_TRIP - Generated', 'BUSINESS_TRIP', '{}', 9, 2, 3, 3, 4, '2026-01-05 18:26:12', '2026-01-08 03:38:28');
INSERT INTO `operation_log` (`user_id`, `module`, `operation`, `target_id`, `detail`, `user_agent`, `created_at`) VALUES (9, 'APPROVAL', 'SUBMIT', 'cfc8255f60104d64ac835fc237459b6f', 'Initiated Request', 'Generated Script', '2026-01-05 18:26:12');
INSERT INTO `operation_log` (`user_id`, `module`, `operation`, `target_id`, `detail`, `user_agent`, `created_at`) VALUES (5, 'APPROVAL', 'APPROVE', 'cfc8255f60104d64ac835fc237459b6f', 'Approved node 2', 'Generated Script', '2026-01-05 21:22:26');
INSERT INTO `approval_node` (`approval_id`, `node_name`, `approver_id`, `node_order`, `status`, `comment`, `approved_at`, `created_at`) VALUES ('cfc8255f60104d64ac835fc237459b6f', 'Node 2', 5, 2, 1, 'Approved', '2026-01-05 21:22:26', '2026-01-05 18:26:12');
INSERT INTO `operation_log` (`user_id`, `module`, `operation`, `target_id`, `detail`, `user_agent`, `created_at`) VALUES (1, 'APPROVAL', 'APPROVE', 'cfc8255f60104d64ac835fc237459b6f', 'Approved node 3', 'Generated Script', '2026-01-05 22:33:38');
INSERT INTO `approval_node` (`approval_id`, `node_name`, `approver_id`, `node_order`, `status`, `comment`, `approved_at`, `created_at`) VALUES ('cfc8255f60104d64ac835fc237459b6f', 'Node 3', 1, 3, 1, 'Approved', '2026-01-05 22:33:38', '2026-01-05 18:26:12');
INSERT INTO `approval_record` (`id`, `title`, `type_code`, `content`, `initiator_id`, `priority`, `status`, `current_node_order`, `workflow_id`, `created_at`, `completed_at`) VALUES ('ce14a71cbda54d6bba1a104a7769dc35', 'CONTRACT - Generated', 'CONTRACT', '{}', 9, 2, 2, 2, 6, '2025-12-18 20:00:04', NULL);
INSERT INTO `operation_log` (`user_id`, `module`, `operation`, `target_id`, `detail`, `user_agent`, `created_at`) VALUES (9, 'APPROVAL', 'SUBMIT', 'ce14a71cbda54d6bba1a104a7769dc35', 'Initiated Request', 'Generated Script', '2025-12-18 20:00:04');
INSERT INTO `operation_log` (`user_id`, `module`, `operation`, `target_id`, `detail`, `user_agent`, `created_at`) VALUES (2, 'APPROVAL', 'APPROVE', 'ce14a71cbda54d6bba1a104a7769dc35', 'Approved node 2', 'Generated Script', '2025-12-19 00:43:28');
INSERT INTO `approval_node` (`approval_id`, `node_name`, `approver_id`, `node_order`, `status`, `comment`, `approved_at`, `created_at`) VALUES ('ce14a71cbda54d6bba1a104a7769dc35', 'Node 2', 2, 2, 1, 'Approved', '2025-12-19 00:43:28', '2025-12-18 20:00:04');
INSERT INTO `approval_record` (`id`, `title`, `type_code`, `content`, `initiator_id`, `priority`, `status`, `current_node_order`, `workflow_id`, `created_at`, `completed_at`) VALUES ('9713ca01aee843649d610515f57acf70', 'CONTRACT - Generated', 'CONTRACT', '{}', 12, 0, 3, 3, 6, '2025-12-01 11:15:41', '2025-12-02 09:10:09');
INSERT INTO `operation_log` (`user_id`, `module`, `operation`, `target_id`, `detail`, `user_agent`, `created_at`) VALUES (12, 'APPROVAL', 'SUBMIT', '9713ca01aee843649d610515f57acf70', 'Initiated Request', 'Generated Script', '2025-12-01 11:15:41');
INSERT INTO `operation_log` (`user_id`, `module`, `operation`, `target_id`, `detail`, `user_agent`, `created_at`) VALUES (1, 'APPROVAL', 'APPROVE', '9713ca01aee843649d610515f57acf70', 'Approved node 2', 'Generated Script', '2025-12-01 14:55:25');
INSERT INTO `approval_node` (`approval_id`, `node_name`, `approver_id`, `node_order`, `status`, `comment`, `approved_at`, `created_at`) VALUES ('9713ca01aee843649d610515f57acf70', 'Node 2', 1, 2, 1, 'Approved', '2025-12-01 14:55:25', '2025-12-01 11:15:41');
INSERT INTO `operation_log` (`user_id`, `module`, `operation`, `target_id`, `detail`, `user_agent`, `created_at`) VALUES (4, 'APPROVAL', 'APPROVE', '9713ca01aee843649d610515f57acf70', 'Approved node 3', 'Generated Script', '2025-12-01 17:39:08');
INSERT INTO `approval_node` (`approval_id`, `node_name`, `approver_id`, `node_order`, `status`, `comment`, `approved_at`, `created_at`) VALUES ('9713ca01aee843649d610515f57acf70', 'Node 3', 4, 3, 1, 'Approved', '2025-12-01 17:39:08', '2025-12-01 11:15:41');
INSERT INTO `approval_record` (`id`, `title`, `type_code`, `content`, `initiator_id`, `priority`, `status`, `current_node_order`, `workflow_id`, `created_at`, `completed_at`) VALUES ('6901061514f74738b49b1eb3b63f64a2', 'PURCHASE - Generated', 'PURCHASE', '{}', 17, 2, 3, 3, 3, '2025-12-06 00:10:17', '2025-12-06 07:22:06');
INSERT INTO `operation_log` (`user_id`, `module`, `operation`, `target_id`, `detail`, `user_agent`, `created_at`) VALUES (17, 'APPROVAL', 'SUBMIT', '6901061514f74738b49b1eb3b63f64a2', 'Initiated Request', 'Generated Script', '2025-12-06 00:10:17');
INSERT INTO `operation_log` (`user_id`, `module`, `operation`, `target_id`, `detail`, `user_agent`, `created_at`) VALUES (5, 'APPROVAL', 'APPROVE', '6901061514f74738b49b1eb3b63f64a2', 'Approved node 2', 'Generated Script', '2025-12-06 04:42:23');
INSERT INTO `approval_node` (`approval_id`, `node_name`, `approver_id`, `node_order`, `status`, `comment`, `approved_at`, `created_at`) VALUES ('6901061514f74738b49b1eb3b63f64a2', 'Node 2', 5, 2, 1, 'Approved', '2025-12-06 04:42:23', '2025-12-06 00:10:17');
INSERT INTO `operation_log` (`user_id`, `module`, `operation`, `target_id`, `detail`, `user_agent`, `created_at`) VALUES (2, 'APPROVAL', 'APPROVE', '6901061514f74738b49b1eb3b63f64a2', 'Approved node 3', 'Generated Script', '2025-12-06 05:17:26');
INSERT INTO `approval_node` (`approval_id`, `node_name`, `approver_id`, `node_order`, `status`, `comment`, `approved_at`, `created_at`) VALUES ('6901061514f74738b49b1eb3b63f64a2', 'Node 3', 2, 3, 1, 'Approved', '2025-12-06 05:17:26', '2025-12-06 00:10:17');
INSERT INTO `approval_record` (`id`, `title`, `type_code`, `content`, `initiator_id`, `priority`, `status`, `current_node_order`, `workflow_id`, `created_at`, `completed_at`) VALUES ('c0e488924b70452187827b90be5a950a', 'LEAVE - Generated', 'LEAVE', '{}', 8, 0, 1, 1, 1, '2025-11-27 14:35:54', NULL);
INSERT INTO `operation_log` (`user_id`, `module`, `operation`, `target_id`, `detail`, `user_agent`, `created_at`) VALUES (8, 'APPROVAL', 'SUBMIT', 'c0e488924b70452187827b90be5a950a', 'Initiated Request', 'Generated Script', '2025-11-27 14:35:54');
INSERT INTO `approval_record` (`id`, `title`, `type_code`, `content`, `initiator_id`, `priority`, `status`, `current_node_order`, `workflow_id`, `created_at`, `completed_at`) VALUES ('c4c8094fd3714f47ac61ea99b910c9bf', 'LEAVE - Generated', 'LEAVE', '{}', 6, 2, 3, 3, 1, '2025-12-14 12:07:14', '2025-12-16 05:52:56');
INSERT INTO `operation_log` (`user_id`, `module`, `operation`, `target_id`, `detail`, `user_agent`, `created_at`) VALUES (6, 'APPROVAL', 'SUBMIT', 'c4c8094fd3714f47ac61ea99b910c9bf', 'Initiated Request', 'Generated Script', '2025-12-14 12:07:14');
INSERT INTO `operation_log` (`user_id`, `module`, `operation`, `target_id`, `detail`, `user_agent`, `created_at`) VALUES (3, 'APPROVAL', 'APPROVE', 'c4c8094fd3714f47ac61ea99b910c9bf', 'Approved node 2', 'Generated Script', '2025-12-14 16:17:43');
INSERT INTO `approval_node` (`approval_id`, `node_name`, `approver_id`, `node_order`, `status`, `comment`, `approved_at`, `created_at`) VALUES ('c4c8094fd3714f47ac61ea99b910c9bf', 'Node 2', 3, 2, 1, 'Approved', '2025-12-14 16:17:43', '2025-12-14 12:07:14');
INSERT INTO `operation_log` (`user_id`, `module`, `operation`, `target_id`, `detail`, `user_agent`, `created_at`) VALUES (3, 'APPROVAL', 'APPROVE', 'c4c8094fd3714f47ac61ea99b910c9bf', 'Approved node 3', 'Generated Script', '2025-12-14 18:39:14');
INSERT INTO `approval_node` (`approval_id`, `node_name`, `approver_id`, `node_order`, `status`, `comment`, `approved_at`, `created_at`) VALUES ('c4c8094fd3714f47ac61ea99b910c9bf', 'Node 3', 3, 3, 1, 'Approved', '2025-12-14 18:39:14', '2025-12-14 12:07:14');
INSERT INTO `approval_record` (`id`, `title`, `type_code`, `content`, `initiator_id`, `priority`, `status`, `current_node_order`, `workflow_id`, `created_at`, `completed_at`) VALUES ('82e5e40ec5e54c6d9a8a4eb23304e0b7', 'OVERTIME - Generated', 'OVERTIME', '{}', 6, 2, 1, 1, 5, '2025-12-14 11:10:32', NULL);
INSERT INTO `operation_log` (`user_id`, `module`, `operation`, `target_id`, `detail`, `user_agent`, `created_at`) VALUES (6, 'APPROVAL', 'SUBMIT', '82e5e40ec5e54c6d9a8a4eb23304e0b7', 'Initiated Request', 'Generated Script', '2025-12-14 11:10:32');
INSERT INTO `approval_record` (`id`, `title`, `type_code`, `content`, `initiator_id`, `priority`, `status`, `current_node_order`, `workflow_id`, `created_at`, `completed_at`) VALUES ('e535f8a9cdac462a8c2bf6cc4095c169', 'EXPENSE - Generated', 'EXPENSE', '{}', 10, 0, 3, 3, 2, '2025-10-24 12:11:38', '2025-10-27 01:29:13');
INSERT INTO `operation_log` (`user_id`, `module`, `operation`, `target_id`, `detail`, `user_agent`, `created_at`) VALUES (10, 'APPROVAL', 'SUBMIT', 'e535f8a9cdac462a8c2bf6cc4095c169', 'Initiated Request', 'Generated Script', '2025-10-24 12:11:38');
INSERT INTO `operation_log` (`user_id`, `module`, `operation`, `target_id`, `detail`, `user_agent`, `created_at`) VALUES (3, 'APPROVAL', 'APPROVE', 'e535f8a9cdac462a8c2bf6cc4095c169', 'Approved node 2', 'Generated Script', '2025-10-24 15:14:38');
INSERT INTO `approval_node` (`approval_id`, `node_name`, `approver_id`, `node_order`, `status`, `comment`, `approved_at`, `created_at`) VALUES ('e535f8a9cdac462a8c2bf6cc4095c169', 'Node 2', 3, 2, 1, 'Approved', '2025-10-24 15:14:38', '2025-10-24 12:11:38');
INSERT INTO `operation_log` (`user_id`, `module`, `operation`, `target_id`, `detail`, `user_agent`, `created_at`) VALUES (1, 'APPROVAL', 'APPROVE', 'e535f8a9cdac462a8c2bf6cc4095c169', 'Approved node 3', 'Generated Script', '2025-10-24 18:38:10');
INSERT INTO `approval_node` (`approval_id`, `node_name`, `approver_id`, `node_order`, `status`, `comment`, `approved_at`, `created_at`) VALUES ('e535f8a9cdac462a8c2bf6cc4095c169', 'Node 3', 1, 3, 1, 'Approved', '2025-10-24 18:38:10', '2025-10-24 12:11:38');
INSERT INTO `approval_record` (`id`, `title`, `type_code`, `content`, `initiator_id`, `priority`, `status`, `current_node_order`, `workflow_id`, `created_at`, `completed_at`) VALUES ('59822f61b0fc42ec9279b22ee9b11895', 'CONTRACT - Generated', 'CONTRACT', '{}', 17, 1, 3, 3, 6, '2026-01-02 14:58:39', '2026-01-04 14:06:52');
INSERT INTO `operation_log` (`user_id`, `module`, `operation`, `target_id`, `detail`, `user_agent`, `created_at`) VALUES (17, 'APPROVAL', 'SUBMIT', '59822f61b0fc42ec9279b22ee9b11895', 'Initiated Request', 'Generated Script', '2026-01-02 14:58:39');
INSERT INTO `operation_log` (`user_id`, `module`, `operation`, `target_id`, `detail`, `user_agent`, `created_at`) VALUES (5, 'APPROVAL', 'APPROVE', '59822f61b0fc42ec9279b22ee9b11895', 'Approved node 2', 'Generated Script', '2026-01-02 19:46:40');
INSERT INTO `approval_node` (`approval_id`, `node_name`, `approver_id`, `node_order`, `status`, `comment`, `approved_at`, `created_at`) VALUES ('59822f61b0fc42ec9279b22ee9b11895', 'Node 2', 5, 2, 1, 'Approved', '2026-01-02 19:46:40', '2026-01-02 14:58:39');
INSERT INTO `operation_log` (`user_id`, `module`, `operation`, `target_id`, `detail`, `user_agent`, `created_at`) VALUES (1, 'APPROVAL', 'APPROVE', '59822f61b0fc42ec9279b22ee9b11895', 'Approved node 3', 'Generated Script', '2026-01-02 22:17:32');
INSERT INTO `approval_node` (`approval_id`, `node_name`, `approver_id`, `node_order`, `status`, `comment`, `approved_at`, `created_at`) VALUES ('59822f61b0fc42ec9279b22ee9b11895', 'Node 3', 1, 3, 1, 'Approved', '2026-01-02 22:17:32', '2026-01-02 14:58:39');
INSERT INTO `approval_record` (`id`, `title`, `type_code`, `content`, `initiator_id`, `priority`, `status`, `current_node_order`, `workflow_id`, `created_at`, `completed_at`) VALUES ('6f4330c2a4544bd1956d24659391d213', 'PURCHASE - Generated', 'PURCHASE', '{}', 13, 0, 1, 1, 3, '2025-11-22 03:19:53', NULL);
INSERT INTO `operation_log` (`user_id`, `module`, `operation`, `target_id`, `detail`, `user_agent`, `created_at`) VALUES (13, 'APPROVAL', 'SUBMIT', '6f4330c2a4544bd1956d24659391d213', 'Initiated Request', 'Generated Script', '2025-11-22 03:19:53');
INSERT INTO `approval_record` (`id`, `title`, `type_code`, `content`, `initiator_id`, `priority`, `status`, `current_node_order`, `workflow_id`, `created_at`, `completed_at`) VALUES ('f4bd6ffb3a5c4111a4799d13bd80959e', 'PURCHASE - Generated', 'PURCHASE', '{}', 2, 2, 2, 2, 3, '2025-10-29 23:14:21', NULL);
INSERT INTO `operation_log` (`user_id`, `module`, `operation`, `target_id`, `detail`, `user_agent`, `created_at`) VALUES (2, 'APPROVAL', 'SUBMIT', 'f4bd6ffb3a5c4111a4799d13bd80959e', 'Initiated Request', 'Generated Script', '2025-10-29 23:14:21');
INSERT INTO `operation_log` (`user_id`, `module`, `operation`, `target_id`, `detail`, `user_agent`, `created_at`) VALUES (4, 'APPROVAL', 'APPROVE', 'f4bd6ffb3a5c4111a4799d13bd80959e', 'Approved node 2', 'Generated Script', '2025-10-30 03:25:27');
INSERT INTO `approval_node` (`approval_id`, `node_name`, `approver_id`, `node_order`, `status`, `comment`, `approved_at`, `created_at`) VALUES ('f4bd6ffb3a5c4111a4799d13bd80959e', 'Node 2', 4, 2, 1, 'Approved', '2025-10-30 03:25:27', '2025-10-29 23:14:21');
INSERT INTO `approval_record` (`id`, `title`, `type_code`, `content`, `initiator_id`, `priority`, `status`, `current_node_order`, `workflow_id`, `created_at`, `completed_at`) VALUES ('2c4db192ed3846c1a5eb5953c30f0463', 'OVERTIME - Generated', 'OVERTIME', '{}', 7, 1, 3, 3, 5, '2026-01-11 16:36:42', '2026-01-13 20:28:17');
INSERT INTO `operation_log` (`user_id`, `module`, `operation`, `target_id`, `detail`, `user_agent`, `created_at`) VALUES (7, 'APPROVAL', 'SUBMIT', '2c4db192ed3846c1a5eb5953c30f0463', 'Initiated Request', 'Generated Script', '2026-01-11 16:36:42');
INSERT INTO `operation_log` (`user_id`, `module`, `operation`, `target_id`, `detail`, `user_agent`, `created_at`) VALUES (5, 'APPROVAL', 'APPROVE', '2c4db192ed3846c1a5eb5953c30f0463', 'Approved node 2', 'Generated Script', '2026-01-11 19:11:44');
INSERT INTO `approval_node` (`approval_id`, `node_name`, `approver_id`, `node_order`, `status`, `comment`, `approved_at`, `created_at`) VALUES ('2c4db192ed3846c1a5eb5953c30f0463', 'Node 2', 5, 2, 1, 'Approved', '2026-01-11 19:11:44', '2026-01-11 16:36:42');
INSERT INTO `operation_log` (`user_id`, `module`, `operation`, `target_id`, `detail`, `user_agent`, `created_at`) VALUES (2, 'APPROVAL', 'APPROVE', '2c4db192ed3846c1a5eb5953c30f0463', 'Approved node 3', 'Generated Script', '2026-01-11 21:03:08');
INSERT INTO `approval_node` (`approval_id`, `node_name`, `approver_id`, `node_order`, `status`, `comment`, `approved_at`, `created_at`) VALUES ('2c4db192ed3846c1a5eb5953c30f0463', 'Node 3', 2, 3, 1, 'Approved', '2026-01-11 21:03:08', '2026-01-11 16:36:42');
INSERT INTO `approval_record` (`id`, `title`, `type_code`, `content`, `initiator_id`, `priority`, `status`, `current_node_order`, `workflow_id`, `created_at`, `completed_at`) VALUES ('dda7363e6dd649219eb9b2211d678b72', 'CONTRACT - Generated', 'CONTRACT', '{}', 7, 1, 4, 3, 6, '2026-01-13 09:52:22', '2026-01-16 01:37:43');
INSERT INTO `operation_log` (`user_id`, `module`, `operation`, `target_id`, `detail`, `user_agent`, `created_at`) VALUES (7, 'APPROVAL', 'SUBMIT', 'dda7363e6dd649219eb9b2211d678b72', 'Initiated Request', 'Generated Script', '2026-01-13 09:52:22');
INSERT INTO `operation_log` (`user_id`, `module`, `operation`, `target_id`, `detail`, `user_agent`, `created_at`) VALUES (4, 'APPROVAL', 'APPROVE', 'dda7363e6dd649219eb9b2211d678b72', 'Approved node 2', 'Generated Script', '2026-01-13 15:19:03');
INSERT INTO `approval_node` (`approval_id`, `node_name`, `approver_id`, `node_order`, `status`, `comment`, `approved_at`, `created_at`) VALUES ('dda7363e6dd649219eb9b2211d678b72', 'Node 2', 4, 2, 1, 'Approved', '2026-01-13 15:19:03', '2026-01-13 09:52:22');
INSERT INTO `operation_log` (`user_id`, `module`, `operation`, `target_id`, `detail`, `user_agent`, `created_at`) VALUES (2, 'APPROVAL', 'REJECT', 'dda7363e6dd649219eb9b2211d678b72', 'Rejected node 3', 'Generated Script', '2026-01-13 18:14:47');
INSERT INTO `approval_node` (`approval_id`, `node_name`, `approver_id`, `node_order`, `status`, `comment`, `approved_at`, `created_at`) VALUES ('dda7363e6dd649219eb9b2211d678b72', 'Node 3', 2, 3, 2, 'Rejected', '2026-01-13 18:14:47', '2026-01-13 09:52:22');
INSERT INTO `approval_record` (`id`, `title`, `type_code`, `content`, `initiator_id`, `priority`, `status`, `current_node_order`, `workflow_id`, `created_at`, `completed_at`) VALUES ('27545895daeb4ffbb859459419839f28', 'LEAVE - Generated', 'LEAVE', '{}', 12, 1, 2, 2, 1, '2025-10-21 11:36:05', NULL);
INSERT INTO `operation_log` (`user_id`, `module`, `operation`, `target_id`, `detail`, `user_agent`, `created_at`) VALUES (12, 'APPROVAL', 'SUBMIT', '27545895daeb4ffbb859459419839f28', 'Initiated Request', 'Generated Script', '2025-10-21 11:36:05');
INSERT INTO `operation_log` (`user_id`, `module`, `operation`, `target_id`, `detail`, `user_agent`, `created_at`) VALUES (1, 'APPROVAL', 'APPROVE', '27545895daeb4ffbb859459419839f28', 'Approved node 2', 'Generated Script', '2025-10-21 15:04:51');
INSERT INTO `approval_node` (`approval_id`, `node_name`, `approver_id`, `node_order`, `status`, `comment`, `approved_at`, `created_at`) VALUES ('27545895daeb4ffbb859459419839f28', 'Node 2', 1, 2, 1, 'Approved', '2025-10-21 15:04:51', '2025-10-21 11:36:05');
INSERT INTO `approval_record` (`id`, `title`, `type_code`, `content`, `initiator_id`, `priority`, `status`, `current_node_order`, `workflow_id`, `created_at`, `completed_at`) VALUES ('0df2f8a9275a4989a447a3e7446a8566', 'LEAVE - Generated', 'LEAVE', '{}', 5, 2, 4, 3, 1, '2025-11-24 23:51:02', '2025-11-27 06:15:28');
INSERT INTO `operation_log` (`user_id`, `module`, `operation`, `target_id`, `detail`, `user_agent`, `created_at`) VALUES (5, 'APPROVAL', 'SUBMIT', '0df2f8a9275a4989a447a3e7446a8566', 'Initiated Request', 'Generated Script', '2025-11-24 23:51:02');
INSERT INTO `operation_log` (`user_id`, `module`, `operation`, `target_id`, `detail`, `user_agent`, `created_at`) VALUES (3, 'APPROVAL', 'APPROVE', '0df2f8a9275a4989a447a3e7446a8566', 'Approved node 2', 'Generated Script', '2025-11-25 04:20:31');
INSERT INTO `approval_node` (`approval_id`, `node_name`, `approver_id`, `node_order`, `status`, `comment`, `approved_at`, `created_at`) VALUES ('0df2f8a9275a4989a447a3e7446a8566', 'Node 2', 3, 2, 1, 'Approved', '2025-11-25 04:20:31', '2025-11-24 23:51:02');
INSERT INTO `operation_log` (`user_id`, `module`, `operation`, `target_id`, `detail`, `user_agent`, `created_at`) VALUES (4, 'APPROVAL', 'REJECT', '0df2f8a9275a4989a447a3e7446a8566', 'Rejected node 3', 'Generated Script', '2025-11-25 06:10:29');
INSERT INTO `approval_node` (`approval_id`, `node_name`, `approver_id`, `node_order`, `status`, `comment`, `approved_at`, `created_at`) VALUES ('0df2f8a9275a4989a447a3e7446a8566', 'Node 3', 4, 3, 2, 'Rejected', '2025-11-25 06:10:29', '2025-11-24 23:51:02');
INSERT INTO `approval_record` (`id`, `title`, `type_code`, `content`, `initiator_id`, `priority`, `status`, `current_node_order`, `workflow_id`, `created_at`, `completed_at`) VALUES ('417d47d6595040e3a27eefbc97c94c74', 'PURCHASE - Generated', 'PURCHASE', '{}', 6, 0, 3, 3, 3, '2025-12-20 02:46:36', '2025-12-21 01:03:57');
INSERT INTO `operation_log` (`user_id`, `module`, `operation`, `target_id`, `detail`, `user_agent`, `created_at`) VALUES (6, 'APPROVAL', 'SUBMIT', '417d47d6595040e3a27eefbc97c94c74', 'Initiated Request', 'Generated Script', '2025-12-20 02:46:36');
INSERT INTO `operation_log` (`user_id`, `module`, `operation`, `target_id`, `detail`, `user_agent`, `created_at`) VALUES (5, 'APPROVAL', 'APPROVE', '417d47d6595040e3a27eefbc97c94c74', 'Approved node 2', 'Generated Script', '2025-12-20 07:12:00');
INSERT INTO `approval_node` (`approval_id`, `node_name`, `approver_id`, `node_order`, `status`, `comment`, `approved_at`, `created_at`) VALUES ('417d47d6595040e3a27eefbc97c94c74', 'Node 2', 5, 2, 1, 'Approved', '2025-12-20 07:12:00', '2025-12-20 02:46:36');
INSERT INTO `operation_log` (`user_id`, `module`, `operation`, `target_id`, `detail`, `user_agent`, `created_at`) VALUES (3, 'APPROVAL', 'APPROVE', '417d47d6595040e3a27eefbc97c94c74', 'Approved node 3', 'Generated Script', '2025-12-20 10:09:55');
INSERT INTO `approval_node` (`approval_id`, `node_name`, `approver_id`, `node_order`, `status`, `comment`, `approved_at`, `created_at`) VALUES ('417d47d6595040e3a27eefbc97c94c74', 'Node 3', 3, 3, 1, 'Approved', '2025-12-20 10:09:55', '2025-12-20 02:46:36');
INSERT INTO `approval_record` (`id`, `title`, `type_code`, `content`, `initiator_id`, `priority`, `status`, `current_node_order`, `workflow_id`, `created_at`, `completed_at`) VALUES ('b45b367dea124b9ab035f6d75703d3d4', 'CONTRACT - Generated', 'CONTRACT', '{}', 2, 1, 3, 3, 6, '2025-12-19 08:02:06', '2025-12-20 09:03:52');
INSERT INTO `operation_log` (`user_id`, `module`, `operation`, `target_id`, `detail`, `user_agent`, `created_at`) VALUES (2, 'APPROVAL', 'SUBMIT', 'b45b367dea124b9ab035f6d75703d3d4', 'Initiated Request', 'Generated Script', '2025-12-19 08:02:06');
INSERT INTO `operation_log` (`user_id`, `module`, `operation`, `target_id`, `detail`, `user_agent`, `created_at`) VALUES (3, 'APPROVAL', 'APPROVE', 'b45b367dea124b9ab035f6d75703d3d4', 'Approved node 2', 'Generated Script', '2025-12-19 13:33:12');
INSERT INTO `approval_node` (`approval_id`, `node_name`, `approver_id`, `node_order`, `status`, `comment`, `approved_at`, `created_at`) VALUES ('b45b367dea124b9ab035f6d75703d3d4', 'Node 2', 3, 2, 1, 'Approved', '2025-12-19 13:33:12', '2025-12-19 08:02:06');
INSERT INTO `operation_log` (`user_id`, `module`, `operation`, `target_id`, `detail`, `user_agent`, `created_at`) VALUES (2, 'APPROVAL', 'APPROVE', 'b45b367dea124b9ab035f6d75703d3d4', 'Approved node 3', 'Generated Script', '2025-12-19 16:39:46');
INSERT INTO `approval_node` (`approval_id`, `node_name`, `approver_id`, `node_order`, `status`, `comment`, `approved_at`, `created_at`) VALUES ('b45b367dea124b9ab035f6d75703d3d4', 'Node 3', 2, 3, 1, 'Approved', '2025-12-19 16:39:46', '2025-12-19 08:02:06');
INSERT INTO `approval_record` (`id`, `title`, `type_code`, `content`, `initiator_id`, `priority`, `status`, `current_node_order`, `workflow_id`, `created_at`, `completed_at`) VALUES ('d93ed163aa084c5fb12dc6c84c0050a6', 'CONTRACT - Generated', 'CONTRACT', '{}', 13, 1, 3, 3, 6, '2025-10-22 03:13:29', '2025-10-25 00:40:24');
INSERT INTO `operation_log` (`user_id`, `module`, `operation`, `target_id`, `detail`, `user_agent`, `created_at`) VALUES (13, 'APPROVAL', 'SUBMIT', 'd93ed163aa084c5fb12dc6c84c0050a6', 'Initiated Request', 'Generated Script', '2025-10-22 03:13:29');
INSERT INTO `operation_log` (`user_id`, `module`, `operation`, `target_id`, `detail`, `user_agent`, `created_at`) VALUES (4, 'APPROVAL', 'APPROVE', 'd93ed163aa084c5fb12dc6c84c0050a6', 'Approved node 2', 'Generated Script', '2025-10-22 05:38:32');
INSERT INTO `approval_node` (`approval_id`, `node_name`, `approver_id`, `node_order`, `status`, `comment`, `approved_at`, `created_at`) VALUES ('d93ed163aa084c5fb12dc6c84c0050a6', 'Node 2', 4, 2, 1, 'Approved', '2025-10-22 05:38:32', '2025-10-22 03:13:29');
INSERT INTO `operation_log` (`user_id`, `module`, `operation`, `target_id`, `detail`, `user_agent`, `created_at`) VALUES (3, 'APPROVAL', 'APPROVE', 'd93ed163aa084c5fb12dc6c84c0050a6', 'Approved node 3', 'Generated Script', '2025-10-22 06:54:16');
INSERT INTO `approval_node` (`approval_id`, `node_name`, `approver_id`, `node_order`, `status`, `comment`, `approved_at`, `created_at`) VALUES ('d93ed163aa084c5fb12dc6c84c0050a6', 'Node 3', 3, 3, 1, 'Approved', '2025-10-22 06:54:16', '2025-10-22 03:13:29');
INSERT INTO `approval_record` (`id`, `title`, `type_code`, `content`, `initiator_id`, `priority`, `status`, `current_node_order`, `workflow_id`, `created_at`, `completed_at`) VALUES ('f6569f17395d4c8ab6cfd0587519cccc', 'CONTRACT - Generated', 'CONTRACT', '{}', 10, 0, 3, 3, 6, '2025-11-03 12:42:27', '2025-11-06 07:42:54');
INSERT INTO `operation_log` (`user_id`, `module`, `operation`, `target_id`, `detail`, `user_agent`, `created_at`) VALUES (10, 'APPROVAL', 'SUBMIT', 'f6569f17395d4c8ab6cfd0587519cccc', 'Initiated Request', 'Generated Script', '2025-11-03 12:42:27');
INSERT INTO `operation_log` (`user_id`, `module`, `operation`, `target_id`, `detail`, `user_agent`, `created_at`) VALUES (3, 'APPROVAL', 'APPROVE', 'f6569f17395d4c8ab6cfd0587519cccc', 'Approved node 2', 'Generated Script', '2025-11-03 18:50:22');
INSERT INTO `approval_node` (`approval_id`, `node_name`, `approver_id`, `node_order`, `status`, `comment`, `approved_at`, `created_at`) VALUES ('f6569f17395d4c8ab6cfd0587519cccc', 'Node 2', 3, 2, 1, 'Approved', '2025-11-03 18:50:22', '2025-11-03 12:42:27');
INSERT INTO `operation_log` (`user_id`, `module`, `operation`, `target_id`, `detail`, `user_agent`, `created_at`) VALUES (4, 'APPROVAL', 'APPROVE', 'f6569f17395d4c8ab6cfd0587519cccc', 'Approved node 3', 'Generated Script', '2025-11-03 22:41:57');
INSERT INTO `approval_node` (`approval_id`, `node_name`, `approver_id`, `node_order`, `status`, `comment`, `approved_at`, `created_at`) VALUES ('f6569f17395d4c8ab6cfd0587519cccc', 'Node 3', 4, 3, 1, 'Approved', '2025-11-03 22:41:57', '2025-11-03 12:42:27');
INSERT INTO `approval_record` (`id`, `title`, `type_code`, `content`, `initiator_id`, `priority`, `status`, `current_node_order`, `workflow_id`, `created_at`, `completed_at`) VALUES ('1032408db3ce4587803cea0a0ce631eb', 'CONTRACT - Generated', 'CONTRACT', '{}', 1, 2, 1, 1, 6, '2025-10-25 00:48:49', NULL);
INSERT INTO `operation_log` (`user_id`, `module`, `operation`, `target_id`, `detail`, `user_agent`, `created_at`) VALUES (1, 'APPROVAL', 'SUBMIT', '1032408db3ce4587803cea0a0ce631eb', 'Initiated Request', 'Generated Script', '2025-10-25 00:48:49');
INSERT INTO `approval_record` (`id`, `title`, `type_code`, `content`, `initiator_id`, `priority`, `status`, `current_node_order`, `workflow_id`, `created_at`, `completed_at`) VALUES ('b8570481b3bf410596758cf0cdd8abdb', 'PURCHASE - Generated', 'PURCHASE', '{}', 7, 2, 4, 3, 3, '2025-11-16 20:33:02', '2025-11-19 08:21:14');
INSERT INTO `operation_log` (`user_id`, `module`, `operation`, `target_id`, `detail`, `user_agent`, `created_at`) VALUES (7, 'APPROVAL', 'SUBMIT', 'b8570481b3bf410596758cf0cdd8abdb', 'Initiated Request', 'Generated Script', '2025-11-16 20:33:02');
INSERT INTO `operation_log` (`user_id`, `module`, `operation`, `target_id`, `detail`, `user_agent`, `created_at`) VALUES (3, 'APPROVAL', 'APPROVE', 'b8570481b3bf410596758cf0cdd8abdb', 'Approved node 2', 'Generated Script', '2025-11-17 04:05:25');
INSERT INTO `approval_node` (`approval_id`, `node_name`, `approver_id`, `node_order`, `status`, `comment`, `approved_at`, `created_at`) VALUES ('b8570481b3bf410596758cf0cdd8abdb', 'Node 2', 3, 2, 1, 'Approved', '2025-11-17 04:05:25', '2025-11-16 20:33:02');
INSERT INTO `operation_log` (`user_id`, `module`, `operation`, `target_id`, `detail`, `user_agent`, `created_at`) VALUES (4, 'APPROVAL', 'REJECT', 'b8570481b3bf410596758cf0cdd8abdb', 'Rejected node 3', 'Generated Script', '2025-11-17 07:39:39');
INSERT INTO `approval_node` (`approval_id`, `node_name`, `approver_id`, `node_order`, `status`, `comment`, `approved_at`, `created_at`) VALUES ('b8570481b3bf410596758cf0cdd8abdb', 'Node 3', 4, 3, 2, 'Rejected', '2025-11-17 07:39:39', '2025-11-16 20:33:02');
INSERT INTO `approval_record` (`id`, `title`, `type_code`, `content`, `initiator_id`, `priority`, `status`, `current_node_order`, `workflow_id`, `created_at`, `completed_at`) VALUES ('1f3417cab91f45d9a699157770c2f6b4', 'CONTRACT - Generated', 'CONTRACT', '{}', 8, 1, 2, 2, 6, '2025-10-29 14:54:17', NULL);
INSERT INTO `operation_log` (`user_id`, `module`, `operation`, `target_id`, `detail`, `user_agent`, `created_at`) VALUES (8, 'APPROVAL', 'SUBMIT', '1f3417cab91f45d9a699157770c2f6b4', 'Initiated Request', 'Generated Script', '2025-10-29 14:54:17');
INSERT INTO `operation_log` (`user_id`, `module`, `operation`, `target_id`, `detail`, `user_agent`, `created_at`) VALUES (5, 'APPROVAL', 'APPROVE', '1f3417cab91f45d9a699157770c2f6b4', 'Approved node 2', 'Generated Script', '2025-10-29 20:17:08');
INSERT INTO `approval_node` (`approval_id`, `node_name`, `approver_id`, `node_order`, `status`, `comment`, `approved_at`, `created_at`) VALUES ('1f3417cab91f45d9a699157770c2f6b4', 'Node 2', 5, 2, 1, 'Approved', '2025-10-29 20:17:08', '2025-10-29 14:54:17');
INSERT INTO `approval_record` (`id`, `title`, `type_code`, `content`, `initiator_id`, `priority`, `status`, `current_node_order`, `workflow_id`, `created_at`, `completed_at`) VALUES ('d06d08b53214443b93ed9d5803640009', 'EXPENSE - Generated', 'EXPENSE', '{}', 1, 0, 3, 3, 2, '2025-12-27 15:20:25', '2025-12-28 05:26:44');
INSERT INTO `operation_log` (`user_id`, `module`, `operation`, `target_id`, `detail`, `user_agent`, `created_at`) VALUES (1, 'APPROVAL', 'SUBMIT', 'd06d08b53214443b93ed9d5803640009', 'Initiated Request', 'Generated Script', '2025-12-27 15:20:25');
INSERT INTO `operation_log` (`user_id`, `module`, `operation`, `target_id`, `detail`, `user_agent`, `created_at`) VALUES (3, 'APPROVAL', 'APPROVE', 'd06d08b53214443b93ed9d5803640009', 'Approved node 2', 'Generated Script', '2025-12-27 20:07:26');
INSERT INTO `approval_node` (`approval_id`, `node_name`, `approver_id`, `node_order`, `status`, `comment`, `approved_at`, `created_at`) VALUES ('d06d08b53214443b93ed9d5803640009', 'Node 2', 3, 2, 1, 'Approved', '2025-12-27 20:07:26', '2025-12-27 15:20:25');
INSERT INTO `operation_log` (`user_id`, `module`, `operation`, `target_id`, `detail`, `user_agent`, `created_at`) VALUES (4, 'APPROVAL', 'APPROVE', 'd06d08b53214443b93ed9d5803640009', 'Approved node 3', 'Generated Script', '2025-12-27 23:27:31');
INSERT INTO `approval_node` (`approval_id`, `node_name`, `approver_id`, `node_order`, `status`, `comment`, `approved_at`, `created_at`) VALUES ('d06d08b53214443b93ed9d5803640009', 'Node 3', 4, 3, 1, 'Approved', '2025-12-27 23:27:31', '2025-12-27 15:20:25');
INSERT INTO `approval_record` (`id`, `title`, `type_code`, `content`, `initiator_id`, `priority`, `status`, `current_node_order`, `workflow_id`, `created_at`, `completed_at`) VALUES ('60b3969ae23f4dfaab0793420c0acc93', 'BUSINESS_TRIP - Generated', 'BUSINESS_TRIP', '{}', 7, 2, 3, 3, 4, '2025-11-03 05:46:58', '2025-11-04 21:08:52');
INSERT INTO `operation_log` (`user_id`, `module`, `operation`, `target_id`, `detail`, `user_agent`, `created_at`) VALUES (7, 'APPROVAL', 'SUBMIT', '60b3969ae23f4dfaab0793420c0acc93', 'Initiated Request', 'Generated Script', '2025-11-03 05:46:58');
INSERT INTO `operation_log` (`user_id`, `module`, `operation`, `target_id`, `detail`, `user_agent`, `created_at`) VALUES (3, 'APPROVAL', 'APPROVE', '60b3969ae23f4dfaab0793420c0acc93', 'Approved node 2', 'Generated Script', '2025-11-03 09:51:15');
INSERT INTO `approval_node` (`approval_id`, `node_name`, `approver_id`, `node_order`, `status`, `comment`, `approved_at`, `created_at`) VALUES ('60b3969ae23f4dfaab0793420c0acc93', 'Node 2', 3, 2, 1, 'Approved', '2025-11-03 09:51:15', '2025-11-03 05:46:58');
INSERT INTO `operation_log` (`user_id`, `module`, `operation`, `target_id`, `detail`, `user_agent`, `created_at`) VALUES (1, 'APPROVAL', 'APPROVE', '60b3969ae23f4dfaab0793420c0acc93', 'Approved node 3', 'Generated Script', '2025-11-03 11:55:02');
INSERT INTO `approval_node` (`approval_id`, `node_name`, `approver_id`, `node_order`, `status`, `comment`, `approved_at`, `created_at`) VALUES ('60b3969ae23f4dfaab0793420c0acc93', 'Node 3', 1, 3, 1, 'Approved', '2025-11-03 11:55:02', '2025-11-03 05:46:58');
INSERT INTO `approval_record` (`id`, `title`, `type_code`, `content`, `initiator_id`, `priority`, `status`, `current_node_order`, `workflow_id`, `created_at`, `completed_at`) VALUES ('d121243b1f0d4eeb8d866c3cb163c4c4', 'BUSINESS_TRIP - Generated', 'BUSINESS_TRIP', '{}', 3, 0, 3, 3, 4, '2025-11-28 08:10:01', '2025-11-30 06:48:58');
INSERT INTO `operation_log` (`user_id`, `module`, `operation`, `target_id`, `detail`, `user_agent`, `created_at`) VALUES (3, 'APPROVAL', 'SUBMIT', 'd121243b1f0d4eeb8d866c3cb163c4c4', 'Initiated Request', 'Generated Script', '2025-11-28 08:10:01');
INSERT INTO `operation_log` (`user_id`, `module`, `operation`, `target_id`, `detail`, `user_agent`, `created_at`) VALUES (5, 'APPROVAL', 'APPROVE', 'd121243b1f0d4eeb8d866c3cb163c4c4', 'Approved node 2', 'Generated Script', '2025-11-28 12:57:10');
INSERT INTO `approval_node` (`approval_id`, `node_name`, `approver_id`, `node_order`, `status`, `comment`, `approved_at`, `created_at`) VALUES ('d121243b1f0d4eeb8d866c3cb163c4c4', 'Node 2', 5, 2, 1, 'Approved', '2025-11-28 12:57:10', '2025-11-28 08:10:01');
INSERT INTO `operation_log` (`user_id`, `module`, `operation`, `target_id`, `detail`, `user_agent`, `created_at`) VALUES (2, 'APPROVAL', 'APPROVE', 'd121243b1f0d4eeb8d866c3cb163c4c4', 'Approved node 3', 'Generated Script', '2025-11-28 15:59:38');
INSERT INTO `approval_node` (`approval_id`, `node_name`, `approver_id`, `node_order`, `status`, `comment`, `approved_at`, `created_at`) VALUES ('d121243b1f0d4eeb8d866c3cb163c4c4', 'Node 3', 2, 3, 1, 'Approved', '2025-11-28 15:59:38', '2025-11-28 08:10:01');
INSERT INTO `approval_record` (`id`, `title`, `type_code`, `content`, `initiator_id`, `priority`, `status`, `current_node_order`, `workflow_id`, `created_at`, `completed_at`) VALUES ('f68993b6b29e4348add30fb252a27e3b', 'PURCHASE - Generated', 'PURCHASE', '{}', 1, 2, 4, 3, 3, '2025-12-05 03:52:55', '2025-12-06 00:15:45');
INSERT INTO `operation_log` (`user_id`, `module`, `operation`, `target_id`, `detail`, `user_agent`, `created_at`) VALUES (1, 'APPROVAL', 'SUBMIT', 'f68993b6b29e4348add30fb252a27e3b', 'Initiated Request', 'Generated Script', '2025-12-05 03:52:55');
INSERT INTO `operation_log` (`user_id`, `module`, `operation`, `target_id`, `detail`, `user_agent`, `created_at`) VALUES (3, 'APPROVAL', 'APPROVE', 'f68993b6b29e4348add30fb252a27e3b', 'Approved node 2', 'Generated Script', '2025-12-05 09:58:49');
INSERT INTO `approval_node` (`approval_id`, `node_name`, `approver_id`, `node_order`, `status`, `comment`, `approved_at`, `created_at`) VALUES ('f68993b6b29e4348add30fb252a27e3b', 'Node 2', 3, 2, 1, 'Approved', '2025-12-05 09:58:49', '2025-12-05 03:52:55');
INSERT INTO `operation_log` (`user_id`, `module`, `operation`, `target_id`, `detail`, `user_agent`, `created_at`) VALUES (1, 'APPROVAL', 'REJECT', 'f68993b6b29e4348add30fb252a27e3b', 'Rejected node 3', 'Generated Script', '2025-12-05 13:25:13');
INSERT INTO `approval_node` (`approval_id`, `node_name`, `approver_id`, `node_order`, `status`, `comment`, `approved_at`, `created_at`) VALUES ('f68993b6b29e4348add30fb252a27e3b', 'Node 3', 1, 3, 2, 'Rejected', '2025-12-05 13:25:13', '2025-12-05 03:52:55');
INSERT INTO `approval_record` (`id`, `title`, `type_code`, `content`, `initiator_id`, `priority`, `status`, `current_node_order`, `workflow_id`, `created_at`, `completed_at`) VALUES ('ce6b6532f5df41c093b8cf48cc9ffaf6', 'BUSINESS_TRIP - Generated', 'BUSINESS_TRIP', '{}', 13, 0, 1, 1, 4, '2025-11-17 20:22:02', NULL);
INSERT INTO `operation_log` (`user_id`, `module`, `operation`, `target_id`, `detail`, `user_agent`, `created_at`) VALUES (13, 'APPROVAL', 'SUBMIT', 'ce6b6532f5df41c093b8cf48cc9ffaf6', 'Initiated Request', 'Generated Script', '2025-11-17 20:22:02');
INSERT INTO `approval_record` (`id`, `title`, `type_code`, `content`, `initiator_id`, `priority`, `status`, `current_node_order`, `workflow_id`, `created_at`, `completed_at`) VALUES ('c33c1c1e723f4212bc0307d893713e1a', 'CONTRACT - Generated', 'CONTRACT', '{}', 17, 2, 4, 3, 6, '2025-12-25 20:51:26', '2025-12-26 19:38:33');
INSERT INTO `operation_log` (`user_id`, `module`, `operation`, `target_id`, `detail`, `user_agent`, `created_at`) VALUES (17, 'APPROVAL', 'SUBMIT', 'c33c1c1e723f4212bc0307d893713e1a', 'Initiated Request', 'Generated Script', '2025-12-25 20:51:26');
INSERT INTO `operation_log` (`user_id`, `module`, `operation`, `target_id`, `detail`, `user_agent`, `created_at`) VALUES (4, 'APPROVAL', 'APPROVE', 'c33c1c1e723f4212bc0307d893713e1a', 'Approved node 2', 'Generated Script', '2025-12-26 04:37:10');
INSERT INTO `approval_node` (`approval_id`, `node_name`, `approver_id`, `node_order`, `status`, `comment`, `approved_at`, `created_at`) VALUES ('c33c1c1e723f4212bc0307d893713e1a', 'Node 2', 4, 2, 1, 'Approved', '2025-12-26 04:37:10', '2025-12-25 20:51:26');
INSERT INTO `operation_log` (`user_id`, `module`, `operation`, `target_id`, `detail`, `user_agent`, `created_at`) VALUES (5, 'APPROVAL', 'REJECT', 'c33c1c1e723f4212bc0307d893713e1a', 'Rejected node 3', 'Generated Script', '2025-12-26 08:12:13');
INSERT INTO `approval_node` (`approval_id`, `node_name`, `approver_id`, `node_order`, `status`, `comment`, `approved_at`, `created_at`) VALUES ('c33c1c1e723f4212bc0307d893713e1a', 'Node 3', 5, 3, 2, 'Rejected', '2025-12-26 08:12:13', '2025-12-25 20:51:26');
INSERT INTO `approval_record` (`id`, `title`, `type_code`, `content`, `initiator_id`, `priority`, `status`, `current_node_order`, `workflow_id`, `created_at`, `completed_at`) VALUES ('4c980793b61f4bd4acabce69f4632bb6', 'PURCHASE - Generated', 'PURCHASE', '{}', 7, 0, 1, 1, 3, '2025-12-23 03:32:27', NULL);
INSERT INTO `operation_log` (`user_id`, `module`, `operation`, `target_id`, `detail`, `user_agent`, `created_at`) VALUES (7, 'APPROVAL', 'SUBMIT', '4c980793b61f4bd4acabce69f4632bb6', 'Initiated Request', 'Generated Script', '2025-12-23 03:32:27');
INSERT INTO `approval_record` (`id`, `title`, `type_code`, `content`, `initiator_id`, `priority`, `status`, `current_node_order`, `workflow_id`, `created_at`, `completed_at`) VALUES ('3507caa1873748218bef677170334422', 'CONTRACT - Generated', 'CONTRACT', '{}', 5, 2, 1, 1, 6, '2025-11-18 01:18:31', NULL);
INSERT INTO `operation_log` (`user_id`, `module`, `operation`, `target_id`, `detail`, `user_agent`, `created_at`) VALUES (5, 'APPROVAL', 'SUBMIT', '3507caa1873748218bef677170334422', 'Initiated Request', 'Generated Script', '2025-11-18 01:18:31');
INSERT INTO `approval_record` (`id`, `title`, `type_code`, `content`, `initiator_id`, `priority`, `status`, `current_node_order`, `workflow_id`, `created_at`, `completed_at`) VALUES ('31b53a5932814cea84563c864606d3c7', 'PURCHASE - Generated', 'PURCHASE', '{}', 18, 0, 3, 3, 3, '2025-12-31 10:38:41', '2026-01-02 22:28:19');
INSERT INTO `operation_log` (`user_id`, `module`, `operation`, `target_id`, `detail`, `user_agent`, `created_at`) VALUES (18, 'APPROVAL', 'SUBMIT', '31b53a5932814cea84563c864606d3c7', 'Initiated Request', 'Generated Script', '2025-12-31 10:38:41');
INSERT INTO `operation_log` (`user_id`, `module`, `operation`, `target_id`, `detail`, `user_agent`, `created_at`) VALUES (5, 'APPROVAL', 'APPROVE', '31b53a5932814cea84563c864606d3c7', 'Approved node 2', 'Generated Script', '2025-12-31 14:38:43');
INSERT INTO `approval_node` (`approval_id`, `node_name`, `approver_id`, `node_order`, `status`, `comment`, `approved_at`, `created_at`) VALUES ('31b53a5932814cea84563c864606d3c7', 'Node 2', 5, 2, 1, 'Approved', '2025-12-31 14:38:43', '2025-12-31 10:38:41');
INSERT INTO `operation_log` (`user_id`, `module`, `operation`, `target_id`, `detail`, `user_agent`, `created_at`) VALUES (3, 'APPROVAL', 'APPROVE', '31b53a5932814cea84563c864606d3c7', 'Approved node 3', 'Generated Script', '2025-12-31 17:02:18');
INSERT INTO `approval_node` (`approval_id`, `node_name`, `approver_id`, `node_order`, `status`, `comment`, `approved_at`, `created_at`) VALUES ('31b53a5932814cea84563c864606d3c7', 'Node 3', 3, 3, 1, 'Approved', '2025-12-31 17:02:18', '2025-12-31 10:38:41');
INSERT INTO `approval_record` (`id`, `title`, `type_code`, `content`, `initiator_id`, `priority`, `status`, `current_node_order`, `workflow_id`, `created_at`, `completed_at`) VALUES ('afe8759a103848e1b0bc6cc6a9ab3ef4', 'BUSINESS_TRIP - Generated', 'BUSINESS_TRIP', '{}', 10, 2, 1, 1, 4, '2025-12-07 07:58:18', NULL);
INSERT INTO `operation_log` (`user_id`, `module`, `operation`, `target_id`, `detail`, `user_agent`, `created_at`) VALUES (10, 'APPROVAL', 'SUBMIT', 'afe8759a103848e1b0bc6cc6a9ab3ef4', 'Initiated Request', 'Generated Script', '2025-12-07 07:58:18');
INSERT INTO `approval_record` (`id`, `title`, `type_code`, `content`, `initiator_id`, `priority`, `status`, `current_node_order`, `workflow_id`, `created_at`, `completed_at`) VALUES ('b1e0cc4f518848f9a0db16cbdf66e3e8', 'BUSINESS_TRIP - Generated', 'BUSINESS_TRIP', '{}', 4, 2, 4, 3, 4, '2025-12-14 05:43:15', '2025-12-16 23:30:02');
INSERT INTO `operation_log` (`user_id`, `module`, `operation`, `target_id`, `detail`, `user_agent`, `created_at`) VALUES (4, 'APPROVAL', 'SUBMIT', 'b1e0cc4f518848f9a0db16cbdf66e3e8', 'Initiated Request', 'Generated Script', '2025-12-14 05:43:15');
INSERT INTO `operation_log` (`user_id`, `module`, `operation`, `target_id`, `detail`, `user_agent`, `created_at`) VALUES (2, 'APPROVAL', 'APPROVE', 'b1e0cc4f518848f9a0db16cbdf66e3e8', 'Approved node 2', 'Generated Script', '2025-12-14 09:23:01');
INSERT INTO `approval_node` (`approval_id`, `node_name`, `approver_id`, `node_order`, `status`, `comment`, `approved_at`, `created_at`) VALUES ('b1e0cc4f518848f9a0db16cbdf66e3e8', 'Node 2', 2, 2, 1, 'Approved', '2025-12-14 09:23:01', '2025-12-14 05:43:15');
INSERT INTO `operation_log` (`user_id`, `module`, `operation`, `target_id`, `detail`, `user_agent`, `created_at`) VALUES (3, 'APPROVAL', 'REJECT', 'b1e0cc4f518848f9a0db16cbdf66e3e8', 'Rejected node 3', 'Generated Script', '2025-12-14 12:44:03');
INSERT INTO `approval_node` (`approval_id`, `node_name`, `approver_id`, `node_order`, `status`, `comment`, `approved_at`, `created_at`) VALUES ('b1e0cc4f518848f9a0db16cbdf66e3e8', 'Node 3', 3, 3, 2, 'Rejected', '2025-12-14 12:44:03', '2025-12-14 05:43:15');
INSERT INTO `approval_record` (`id`, `title`, `type_code`, `content`, `initiator_id`, `priority`, `status`, `current_node_order`, `workflow_id`, `created_at`, `completed_at`) VALUES ('e624af23850d4b47a59ddb914eab7473', 'PURCHASE - Generated', 'PURCHASE', '{}', 1, 0, 3, 3, 3, '2025-12-29 18:02:41', '2025-12-29 21:30:39');
INSERT INTO `operation_log` (`user_id`, `module`, `operation`, `target_id`, `detail`, `user_agent`, `created_at`) VALUES (1, 'APPROVAL', 'SUBMIT', 'e624af23850d4b47a59ddb914eab7473', 'Initiated Request', 'Generated Script', '2025-12-29 18:02:41');
INSERT INTO `operation_log` (`user_id`, `module`, `operation`, `target_id`, `detail`, `user_agent`, `created_at`) VALUES (3, 'APPROVAL', 'APPROVE', 'e624af23850d4b47a59ddb914eab7473', 'Approved node 2', 'Generated Script', '2025-12-30 00:16:26');
INSERT INTO `approval_node` (`approval_id`, `node_name`, `approver_id`, `node_order`, `status`, `comment`, `approved_at`, `created_at`) VALUES ('e624af23850d4b47a59ddb914eab7473', 'Node 2', 3, 2, 1, 'Approved', '2025-12-30 00:16:26', '2025-12-29 18:02:41');
INSERT INTO `operation_log` (`user_id`, `module`, `operation`, `target_id`, `detail`, `user_agent`, `created_at`) VALUES (4, 'APPROVAL', 'APPROVE', 'e624af23850d4b47a59ddb914eab7473', 'Approved node 3', 'Generated Script', '2025-12-30 02:57:00');
INSERT INTO `approval_node` (`approval_id`, `node_name`, `approver_id`, `node_order`, `status`, `comment`, `approved_at`, `created_at`) VALUES ('e624af23850d4b47a59ddb914eab7473', 'Node 3', 4, 3, 1, 'Approved', '2025-12-30 02:57:00', '2025-12-29 18:02:41');
INSERT INTO `approval_record` (`id`, `title`, `type_code`, `content`, `initiator_id`, `priority`, `status`, `current_node_order`, `workflow_id`, `created_at`, `completed_at`) VALUES ('6ebba2e58ec0484ba0dd999c08502ef8', 'EXPENSE - Generated', 'EXPENSE', '{}', 9, 0, 1, 1, 2, '2025-11-19 12:06:19', NULL);
INSERT INTO `operation_log` (`user_id`, `module`, `operation`, `target_id`, `detail`, `user_agent`, `created_at`) VALUES (9, 'APPROVAL', 'SUBMIT', '6ebba2e58ec0484ba0dd999c08502ef8', 'Initiated Request', 'Generated Script', '2025-11-19 12:06:19');
INSERT INTO `approval_record` (`id`, `title`, `type_code`, `content`, `initiator_id`, `priority`, `status`, `current_node_order`, `workflow_id`, `created_at`, `completed_at`) VALUES ('9ef7591f650444688795498fec3f99c2', 'CONTRACT - Generated', 'CONTRACT', '{}', 19, 1, 4, 3, 6, '2025-12-02 11:32:44', '2025-12-04 00:01:16');
INSERT INTO `operation_log` (`user_id`, `module`, `operation`, `target_id`, `detail`, `user_agent`, `created_at`) VALUES (19, 'APPROVAL', 'SUBMIT', '9ef7591f650444688795498fec3f99c2', 'Initiated Request', 'Generated Script', '2025-12-02 11:32:44');
INSERT INTO `operation_log` (`user_id`, `module`, `operation`, `target_id`, `detail`, `user_agent`, `created_at`) VALUES (4, 'APPROVAL', 'APPROVE', '9ef7591f650444688795498fec3f99c2', 'Approved node 2', 'Generated Script', '2025-12-02 17:29:21');
INSERT INTO `approval_node` (`approval_id`, `node_name`, `approver_id`, `node_order`, `status`, `comment`, `approved_at`, `created_at`) VALUES ('9ef7591f650444688795498fec3f99c2', 'Node 2', 4, 2, 1, 'Approved', '2025-12-02 17:29:21', '2025-12-02 11:32:44');
INSERT INTO `operation_log` (`user_id`, `module`, `operation`, `target_id`, `detail`, `user_agent`, `created_at`) VALUES (2, 'APPROVAL', 'REJECT', '9ef7591f650444688795498fec3f99c2', 'Rejected node 3', 'Generated Script', '2025-12-02 20:55:59');
INSERT INTO `approval_node` (`approval_id`, `node_name`, `approver_id`, `node_order`, `status`, `comment`, `approved_at`, `created_at`) VALUES ('9ef7591f650444688795498fec3f99c2', 'Node 3', 2, 3, 2, 'Rejected', '2025-12-02 20:55:59', '2025-12-02 11:32:44');
INSERT INTO `approval_record` (`id`, `title`, `type_code`, `content`, `initiator_id`, `priority`, `status`, `current_node_order`, `workflow_id`, `created_at`, `completed_at`) VALUES ('bc8145e5bff847b28a8e02124b6b4e92', 'PURCHASE - Generated', 'PURCHASE', '{}', 19, 2, 1, 1, 3, '2025-10-24 03:40:43', NULL);
INSERT INTO `operation_log` (`user_id`, `module`, `operation`, `target_id`, `detail`, `user_agent`, `created_at`) VALUES (19, 'APPROVAL', 'SUBMIT', 'bc8145e5bff847b28a8e02124b6b4e92', 'Initiated Request', 'Generated Script', '2025-10-24 03:40:43');
INSERT INTO `approval_record` (`id`, `title`, `type_code`, `content`, `initiator_id`, `priority`, `status`, `current_node_order`, `workflow_id`, `created_at`, `completed_at`) VALUES ('beeb46342f934a4a8487e3d43e14661f', 'CONTRACT - Generated', 'CONTRACT', '{}', 18, 1, 3, 3, 6, '2025-12-28 17:48:36', '2025-12-30 12:43:55');
INSERT INTO `operation_log` (`user_id`, `module`, `operation`, `target_id`, `detail`, `user_agent`, `created_at`) VALUES (18, 'APPROVAL', 'SUBMIT', 'beeb46342f934a4a8487e3d43e14661f', 'Initiated Request', 'Generated Script', '2025-12-28 17:48:36');
INSERT INTO `operation_log` (`user_id`, `module`, `operation`, `target_id`, `detail`, `user_agent`, `created_at`) VALUES (1, 'APPROVAL', 'APPROVE', 'beeb46342f934a4a8487e3d43e14661f', 'Approved node 2', 'Generated Script', '2025-12-28 19:18:36');
INSERT INTO `approval_node` (`approval_id`, `node_name`, `approver_id`, `node_order`, `status`, `comment`, `approved_at`, `created_at`) VALUES ('beeb46342f934a4a8487e3d43e14661f', 'Node 2', 1, 2, 1, 'Approved', '2025-12-28 19:18:36', '2025-12-28 17:48:36');
INSERT INTO `operation_log` (`user_id`, `module`, `operation`, `target_id`, `detail`, `user_agent`, `created_at`) VALUES (2, 'APPROVAL', 'APPROVE', 'beeb46342f934a4a8487e3d43e14661f', 'Approved node 3', 'Generated Script', '2025-12-28 22:02:08');
INSERT INTO `approval_node` (`approval_id`, `node_name`, `approver_id`, `node_order`, `status`, `comment`, `approved_at`, `created_at`) VALUES ('beeb46342f934a4a8487e3d43e14661f', 'Node 3', 2, 3, 1, 'Approved', '2025-12-28 22:02:08', '2025-12-28 17:48:36');
INSERT INTO `approval_record` (`id`, `title`, `type_code`, `content`, `initiator_id`, `priority`, `status`, `current_node_order`, `workflow_id`, `created_at`, `completed_at`) VALUES ('3a27929d61ce40b292381aed0513ed00', 'BUSINESS_TRIP - Generated', 'BUSINESS_TRIP', '{}', 19, 0, 1, 1, 4, '2025-12-21 10:26:18', NULL);
INSERT INTO `operation_log` (`user_id`, `module`, `operation`, `target_id`, `detail`, `user_agent`, `created_at`) VALUES (19, 'APPROVAL', 'SUBMIT', '3a27929d61ce40b292381aed0513ed00', 'Initiated Request', 'Generated Script', '2025-12-21 10:26:18');
INSERT INTO `approval_record` (`id`, `title`, `type_code`, `content`, `initiator_id`, `priority`, `status`, `current_node_order`, `workflow_id`, `created_at`, `completed_at`) VALUES ('eb19f82d945a458299247f9f75a94870', 'EXPENSE - Generated', 'EXPENSE', '{}', 7, 0, 3, 3, 2, '2025-10-22 18:54:08', '2025-10-24 21:22:54');
INSERT INTO `operation_log` (`user_id`, `module`, `operation`, `target_id`, `detail`, `user_agent`, `created_at`) VALUES (7, 'APPROVAL', 'SUBMIT', 'eb19f82d945a458299247f9f75a94870', 'Initiated Request', 'Generated Script', '2025-10-22 18:54:08');
INSERT INTO `operation_log` (`user_id`, `module`, `operation`, `target_id`, `detail`, `user_agent`, `created_at`) VALUES (5, 'APPROVAL', 'APPROVE', 'eb19f82d945a458299247f9f75a94870', 'Approved node 2', 'Generated Script', '2025-10-23 00:55:43');
INSERT INTO `approval_node` (`approval_id`, `node_name`, `approver_id`, `node_order`, `status`, `comment`, `approved_at`, `created_at`) VALUES ('eb19f82d945a458299247f9f75a94870', 'Node 2', 5, 2, 1, 'Approved', '2025-10-23 00:55:43', '2025-10-22 18:54:08');
INSERT INTO `operation_log` (`user_id`, `module`, `operation`, `target_id`, `detail`, `user_agent`, `created_at`) VALUES (2, 'APPROVAL', 'APPROVE', 'eb19f82d945a458299247f9f75a94870', 'Approved node 3', 'Generated Script', '2025-10-23 02:16:30');
INSERT INTO `approval_node` (`approval_id`, `node_name`, `approver_id`, `node_order`, `status`, `comment`, `approved_at`, `created_at`) VALUES ('eb19f82d945a458299247f9f75a94870', 'Node 3', 2, 3, 1, 'Approved', '2025-10-23 02:16:30', '2025-10-22 18:54:08');
INSERT INTO `approval_record` (`id`, `title`, `type_code`, `content`, `initiator_id`, `priority`, `status`, `current_node_order`, `workflow_id`, `created_at`, `completed_at`) VALUES ('6cb2635fba154f92b7663b49b840cd74', 'PURCHASE - Generated', 'PURCHASE', '{}', 6, 0, 1, 1, 3, '2025-11-22 14:53:20', NULL);
INSERT INTO `operation_log` (`user_id`, `module`, `operation`, `target_id`, `detail`, `user_agent`, `created_at`) VALUES (6, 'APPROVAL', 'SUBMIT', '6cb2635fba154f92b7663b49b840cd74', 'Initiated Request', 'Generated Script', '2025-11-22 14:53:20');
INSERT INTO `approval_record` (`id`, `title`, `type_code`, `content`, `initiator_id`, `priority`, `status`, `current_node_order`, `workflow_id`, `created_at`, `completed_at`) VALUES ('f20c5a0897df483080743d48d70c10a1', 'PURCHASE - Generated', 'PURCHASE', '{}', 18, 0, 4, 3, 3, '2025-12-26 15:16:26', '2025-12-27 17:37:25');
INSERT INTO `operation_log` (`user_id`, `module`, `operation`, `target_id`, `detail`, `user_agent`, `created_at`) VALUES (18, 'APPROVAL', 'SUBMIT', 'f20c5a0897df483080743d48d70c10a1', 'Initiated Request', 'Generated Script', '2025-12-26 15:16:26');
INSERT INTO `operation_log` (`user_id`, `module`, `operation`, `target_id`, `detail`, `user_agent`, `created_at`) VALUES (3, 'APPROVAL', 'APPROVE', 'f20c5a0897df483080743d48d70c10a1', 'Approved node 2', 'Generated Script', '2025-12-26 18:55:05');
INSERT INTO `approval_node` (`approval_id`, `node_name`, `approver_id`, `node_order`, `status`, `comment`, `approved_at`, `created_at`) VALUES ('f20c5a0897df483080743d48d70c10a1', 'Node 2', 3, 2, 1, 'Approved', '2025-12-26 18:55:05', '2025-12-26 15:16:26');
INSERT INTO `operation_log` (`user_id`, `module`, `operation`, `target_id`, `detail`, `user_agent`, `created_at`) VALUES (5, 'APPROVAL', 'REJECT', 'f20c5a0897df483080743d48d70c10a1', 'Rejected node 3', 'Generated Script', '2025-12-26 20:01:31');
INSERT INTO `approval_node` (`approval_id`, `node_name`, `approver_id`, `node_order`, `status`, `comment`, `approved_at`, `created_at`) VALUES ('f20c5a0897df483080743d48d70c10a1', 'Node 3', 5, 3, 2, 'Rejected', '2025-12-26 20:01:31', '2025-12-26 15:16:26');
INSERT INTO `approval_record` (`id`, `title`, `type_code`, `content`, `initiator_id`, `priority`, `status`, `current_node_order`, `workflow_id`, `created_at`, `completed_at`) VALUES ('098fe499557d47e18a6c66b2ffa5b678', 'CONTRACT - Generated', 'CONTRACT', '{}', 12, 0, 3, 3, 6, '2026-01-17 17:16:55', '2026-01-18 02:44:10');
INSERT INTO `operation_log` (`user_id`, `module`, `operation`, `target_id`, `detail`, `user_agent`, `created_at`) VALUES (12, 'APPROVAL', 'SUBMIT', '098fe499557d47e18a6c66b2ffa5b678', 'Initiated Request', 'Generated Script', '2026-01-17 17:16:55');
INSERT INTO `operation_log` (`user_id`, `module`, `operation`, `target_id`, `detail`, `user_agent`, `created_at`) VALUES (1, 'APPROVAL', 'APPROVE', '098fe499557d47e18a6c66b2ffa5b678', 'Approved node 2', 'Generated Script', '2026-01-17 22:08:04');
INSERT INTO `approval_node` (`approval_id`, `node_name`, `approver_id`, `node_order`, `status`, `comment`, `approved_at`, `created_at`) VALUES ('098fe499557d47e18a6c66b2ffa5b678', 'Node 2', 1, 2, 1, 'Approved', '2026-01-17 22:08:04', '2026-01-17 17:16:55');
INSERT INTO `operation_log` (`user_id`, `module`, `operation`, `target_id`, `detail`, `user_agent`, `created_at`) VALUES (4, 'APPROVAL', 'APPROVE', '098fe499557d47e18a6c66b2ffa5b678', 'Approved node 3', 'Generated Script', '2026-01-17 23:12:08');
INSERT INTO `approval_node` (`approval_id`, `node_name`, `approver_id`, `node_order`, `status`, `comment`, `approved_at`, `created_at`) VALUES ('098fe499557d47e18a6c66b2ffa5b678', 'Node 3', 4, 3, 1, 'Approved', '2026-01-17 23:12:08', '2026-01-17 17:16:55');
INSERT INTO `approval_record` (`id`, `title`, `type_code`, `content`, `initiator_id`, `priority`, `status`, `current_node_order`, `workflow_id`, `created_at`, `completed_at`) VALUES ('74186ee9cae04f66b288187503987deb', 'LEAVE - Generated', 'LEAVE', '{}', 16, 0, 3, 3, 1, '2025-11-12 15:10:58', '2025-11-13 00:51:01');
INSERT INTO `operation_log` (`user_id`, `module`, `operation`, `target_id`, `detail`, `user_agent`, `created_at`) VALUES (16, 'APPROVAL', 'SUBMIT', '74186ee9cae04f66b288187503987deb', 'Initiated Request', 'Generated Script', '2025-11-12 15:10:58');
INSERT INTO `operation_log` (`user_id`, `module`, `operation`, `target_id`, `detail`, `user_agent`, `created_at`) VALUES (1, 'APPROVAL', 'APPROVE', '74186ee9cae04f66b288187503987deb', 'Approved node 2', 'Generated Script', '2025-11-12 17:41:30');
INSERT INTO `approval_node` (`approval_id`, `node_name`, `approver_id`, `node_order`, `status`, `comment`, `approved_at`, `created_at`) VALUES ('74186ee9cae04f66b288187503987deb', 'Node 2', 1, 2, 1, 'Approved', '2025-11-12 17:41:30', '2025-11-12 15:10:58');
INSERT INTO `operation_log` (`user_id`, `module`, `operation`, `target_id`, `detail`, `user_agent`, `created_at`) VALUES (3, 'APPROVAL', 'APPROVE', '74186ee9cae04f66b288187503987deb', 'Approved node 3', 'Generated Script', '2025-11-12 21:38:54');
INSERT INTO `approval_node` (`approval_id`, `node_name`, `approver_id`, `node_order`, `status`, `comment`, `approved_at`, `created_at`) VALUES ('74186ee9cae04f66b288187503987deb', 'Node 3', 3, 3, 1, 'Approved', '2025-11-12 21:38:54', '2025-11-12 15:10:58');
INSERT INTO `approval_record` (`id`, `title`, `type_code`, `content`, `initiator_id`, `priority`, `status`, `current_node_order`, `workflow_id`, `created_at`, `completed_at`) VALUES ('a64a92828a014c56af5665c447933671', 'LEAVE - Generated', 'LEAVE', '{}', 17, 0, 3, 3, 1, '2025-11-13 05:44:40', '2025-11-13 19:45:05');
INSERT INTO `operation_log` (`user_id`, `module`, `operation`, `target_id`, `detail`, `user_agent`, `created_at`) VALUES (17, 'APPROVAL', 'SUBMIT', 'a64a92828a014c56af5665c447933671', 'Initiated Request', 'Generated Script', '2025-11-13 05:44:40');
INSERT INTO `operation_log` (`user_id`, `module`, `operation`, `target_id`, `detail`, `user_agent`, `created_at`) VALUES (1, 'APPROVAL', 'APPROVE', 'a64a92828a014c56af5665c447933671', 'Approved node 2', 'Generated Script', '2025-11-13 12:03:20');
INSERT INTO `approval_node` (`approval_id`, `node_name`, `approver_id`, `node_order`, `status`, `comment`, `approved_at`, `created_at`) VALUES ('a64a92828a014c56af5665c447933671', 'Node 2', 1, 2, 1, 'Approved', '2025-11-13 12:03:20', '2025-11-13 05:44:40');
INSERT INTO `operation_log` (`user_id`, `module`, `operation`, `target_id`, `detail`, `user_agent`, `created_at`) VALUES (5, 'APPROVAL', 'APPROVE', 'a64a92828a014c56af5665c447933671', 'Approved node 3', 'Generated Script', '2025-11-13 15:45:54');
INSERT INTO `approval_node` (`approval_id`, `node_name`, `approver_id`, `node_order`, `status`, `comment`, `approved_at`, `created_at`) VALUES ('a64a92828a014c56af5665c447933671', 'Node 3', 5, 3, 1, 'Approved', '2025-11-13 15:45:54', '2025-11-13 05:44:40');
INSERT INTO `approval_record` (`id`, `title`, `type_code`, `content`, `initiator_id`, `priority`, `status`, `current_node_order`, `workflow_id`, `created_at`, `completed_at`) VALUES ('9ff524783f6943ebaea5de2ebf1ff40d', 'LEAVE - Generated', 'LEAVE', '{}', 13, 1, 3, 3, 1, '2025-12-13 00:24:49', '2025-12-14 14:47:03');
INSERT INTO `operation_log` (`user_id`, `module`, `operation`, `target_id`, `detail`, `user_agent`, `created_at`) VALUES (13, 'APPROVAL', 'SUBMIT', '9ff524783f6943ebaea5de2ebf1ff40d', 'Initiated Request', 'Generated Script', '2025-12-13 00:24:49');
INSERT INTO `operation_log` (`user_id`, `module`, `operation`, `target_id`, `detail`, `user_agent`, `created_at`) VALUES (4, 'APPROVAL', 'APPROVE', '9ff524783f6943ebaea5de2ebf1ff40d', 'Approved node 2', 'Generated Script', '2025-12-13 05:34:20');
INSERT INTO `approval_node` (`approval_id`, `node_name`, `approver_id`, `node_order`, `status`, `comment`, `approved_at`, `created_at`) VALUES ('9ff524783f6943ebaea5de2ebf1ff40d', 'Node 2', 4, 2, 1, 'Approved', '2025-12-13 05:34:20', '2025-12-13 00:24:49');
INSERT INTO `operation_log` (`user_id`, `module`, `operation`, `target_id`, `detail`, `user_agent`, `created_at`) VALUES (1, 'APPROVAL', 'APPROVE', '9ff524783f6943ebaea5de2ebf1ff40d', 'Approved node 3', 'Generated Script', '2025-12-13 08:23:51');
INSERT INTO `approval_node` (`approval_id`, `node_name`, `approver_id`, `node_order`, `status`, `comment`, `approved_at`, `created_at`) VALUES ('9ff524783f6943ebaea5de2ebf1ff40d', 'Node 3', 1, 3, 1, 'Approved', '2025-12-13 08:23:51', '2025-12-13 00:24:49');
INSERT INTO `approval_record` (`id`, `title`, `type_code`, `content`, `initiator_id`, `priority`, `status`, `current_node_order`, `workflow_id`, `created_at`, `completed_at`) VALUES ('831f3dd43ae34e95bccd987de67857a1', 'PURCHASE - Generated', 'PURCHASE', '{}', 18, 2, 3, 3, 3, '2025-12-17 18:48:20', '2025-12-19 23:24:35');
INSERT INTO `operation_log` (`user_id`, `module`, `operation`, `target_id`, `detail`, `user_agent`, `created_at`) VALUES (18, 'APPROVAL', 'SUBMIT', '831f3dd43ae34e95bccd987de67857a1', 'Initiated Request', 'Generated Script', '2025-12-17 18:48:20');
INSERT INTO `operation_log` (`user_id`, `module`, `operation`, `target_id`, `detail`, `user_agent`, `created_at`) VALUES (1, 'APPROVAL', 'APPROVE', '831f3dd43ae34e95bccd987de67857a1', 'Approved node 2', 'Generated Script', '2025-12-17 22:00:01');
INSERT INTO `approval_node` (`approval_id`, `node_name`, `approver_id`, `node_order`, `status`, `comment`, `approved_at`, `created_at`) VALUES ('831f3dd43ae34e95bccd987de67857a1', 'Node 2', 1, 2, 1, 'Approved', '2025-12-17 22:00:01', '2025-12-17 18:48:20');
INSERT INTO `operation_log` (`user_id`, `module`, `operation`, `target_id`, `detail`, `user_agent`, `created_at`) VALUES (4, 'APPROVAL', 'APPROVE', '831f3dd43ae34e95bccd987de67857a1', 'Approved node 3', 'Generated Script', '2025-12-17 22:52:25');
INSERT INTO `approval_node` (`approval_id`, `node_name`, `approver_id`, `node_order`, `status`, `comment`, `approved_at`, `created_at`) VALUES ('831f3dd43ae34e95bccd987de67857a1', 'Node 3', 4, 3, 1, 'Approved', '2025-12-17 22:52:25', '2025-12-17 18:48:20');
INSERT INTO `approval_record` (`id`, `title`, `type_code`, `content`, `initiator_id`, `priority`, `status`, `current_node_order`, `workflow_id`, `created_at`, `completed_at`) VALUES ('d880c642a8504b73bc913d4c13dbc022', 'CONTRACT - Generated', 'CONTRACT', '{}', 18, 0, 2, 2, 6, '2025-12-13 14:54:28', NULL);
INSERT INTO `operation_log` (`user_id`, `module`, `operation`, `target_id`, `detail`, `user_agent`, `created_at`) VALUES (18, 'APPROVAL', 'SUBMIT', 'd880c642a8504b73bc913d4c13dbc022', 'Initiated Request', 'Generated Script', '2025-12-13 14:54:28');
INSERT INTO `operation_log` (`user_id`, `module`, `operation`, `target_id`, `detail`, `user_agent`, `created_at`) VALUES (1, 'APPROVAL', 'APPROVE', 'd880c642a8504b73bc913d4c13dbc022', 'Approved node 2', 'Generated Script', '2025-12-13 19:02:54');
INSERT INTO `approval_node` (`approval_id`, `node_name`, `approver_id`, `node_order`, `status`, `comment`, `approved_at`, `created_at`) VALUES ('d880c642a8504b73bc913d4c13dbc022', 'Node 2', 1, 2, 1, 'Approved', '2025-12-13 19:02:54', '2025-12-13 14:54:28');
INSERT INTO `approval_record` (`id`, `title`, `type_code`, `content`, `initiator_id`, `priority`, `status`, `current_node_order`, `workflow_id`, `created_at`, `completed_at`) VALUES ('f0cef1d02e0d4cce82f555b0e5c341b4', 'EXPENSE - Generated', 'EXPENSE', '{}', 12, 0, 4, 3, 2, '2025-11-30 06:50:11', '2025-11-30 16:11:57');
INSERT INTO `operation_log` (`user_id`, `module`, `operation`, `target_id`, `detail`, `user_agent`, `created_at`) VALUES (12, 'APPROVAL', 'SUBMIT', 'f0cef1d02e0d4cce82f555b0e5c341b4', 'Initiated Request', 'Generated Script', '2025-11-30 06:50:11');
INSERT INTO `operation_log` (`user_id`, `module`, `operation`, `target_id`, `detail`, `user_agent`, `created_at`) VALUES (3, 'APPROVAL', 'APPROVE', 'f0cef1d02e0d4cce82f555b0e5c341b4', 'Approved node 2', 'Generated Script', '2025-11-30 11:23:40');
INSERT INTO `approval_node` (`approval_id`, `node_name`, `approver_id`, `node_order`, `status`, `comment`, `approved_at`, `created_at`) VALUES ('f0cef1d02e0d4cce82f555b0e5c341b4', 'Node 2', 3, 2, 1, 'Approved', '2025-11-30 11:23:40', '2025-11-30 06:50:11');
INSERT INTO `operation_log` (`user_id`, `module`, `operation`, `target_id`, `detail`, `user_agent`, `created_at`) VALUES (4, 'APPROVAL', 'REJECT', 'f0cef1d02e0d4cce82f555b0e5c341b4', 'Rejected node 3', 'Generated Script', '2025-11-30 12:47:43');
INSERT INTO `approval_node` (`approval_id`, `node_name`, `approver_id`, `node_order`, `status`, `comment`, `approved_at`, `created_at`) VALUES ('f0cef1d02e0d4cce82f555b0e5c341b4', 'Node 3', 4, 3, 2, 'Rejected', '2025-11-30 12:47:43', '2025-11-30 06:50:11');
INSERT INTO `approval_record` (`id`, `title`, `type_code`, `content`, `initiator_id`, `priority`, `status`, `current_node_order`, `workflow_id`, `created_at`, `completed_at`) VALUES ('f97286f977594fa39c7ac27c0e70ae2b', 'PURCHASE - Generated', 'PURCHASE', '{}', 11, 2, 1, 1, 3, '2025-11-17 11:44:51', NULL);
INSERT INTO `operation_log` (`user_id`, `module`, `operation`, `target_id`, `detail`, `user_agent`, `created_at`) VALUES (11, 'APPROVAL', 'SUBMIT', 'f97286f977594fa39c7ac27c0e70ae2b', 'Initiated Request', 'Generated Script', '2025-11-17 11:44:51');
INSERT INTO `approval_record` (`id`, `title`, `type_code`, `content`, `initiator_id`, `priority`, `status`, `current_node_order`, `workflow_id`, `created_at`, `completed_at`) VALUES ('deb20a796f16480b8cf49f3aa393e1da', 'BUSINESS_TRIP - Generated', 'BUSINESS_TRIP', '{}', 11, 2, 1, 1, 4, '2025-11-10 16:27:46', NULL);
INSERT INTO `operation_log` (`user_id`, `module`, `operation`, `target_id`, `detail`, `user_agent`, `created_at`) VALUES (11, 'APPROVAL', 'SUBMIT', 'deb20a796f16480b8cf49f3aa393e1da', 'Initiated Request', 'Generated Script', '2025-11-10 16:27:46');
INSERT INTO `approval_record` (`id`, `title`, `type_code`, `content`, `initiator_id`, `priority`, `status`, `current_node_order`, `workflow_id`, `created_at`, `completed_at`) VALUES ('a21799840d9144edb6bc611eebc6513b', 'BUSINESS_TRIP - Generated', 'BUSINESS_TRIP', '{}', 10, 0, 3, 3, 4, '2025-11-18 13:48:50', '2025-11-21 03:06:54');
INSERT INTO `operation_log` (`user_id`, `module`, `operation`, `target_id`, `detail`, `user_agent`, `created_at`) VALUES (10, 'APPROVAL', 'SUBMIT', 'a21799840d9144edb6bc611eebc6513b', 'Initiated Request', 'Generated Script', '2025-11-18 13:48:50');
INSERT INTO `operation_log` (`user_id`, `module`, `operation`, `target_id`, `detail`, `user_agent`, `created_at`) VALUES (4, 'APPROVAL', 'APPROVE', 'a21799840d9144edb6bc611eebc6513b', 'Approved node 2', 'Generated Script', '2025-11-18 20:35:03');
INSERT INTO `approval_node` (`approval_id`, `node_name`, `approver_id`, `node_order`, `status`, `comment`, `approved_at`, `created_at`) VALUES ('a21799840d9144edb6bc611eebc6513b', 'Node 2', 4, 2, 1, 'Approved', '2025-11-18 20:35:03', '2025-11-18 13:48:50');
INSERT INTO `operation_log` (`user_id`, `module`, `operation`, `target_id`, `detail`, `user_agent`, `created_at`) VALUES (4, 'APPROVAL', 'APPROVE', 'a21799840d9144edb6bc611eebc6513b', 'Approved node 3', 'Generated Script', '2025-11-18 21:58:35');
INSERT INTO `approval_node` (`approval_id`, `node_name`, `approver_id`, `node_order`, `status`, `comment`, `approved_at`, `created_at`) VALUES ('a21799840d9144edb6bc611eebc6513b', 'Node 3', 4, 3, 1, 'Approved', '2025-11-18 21:58:35', '2025-11-18 13:48:50');
INSERT INTO `approval_record` (`id`, `title`, `type_code`, `content`, `initiator_id`, `priority`, `status`, `current_node_order`, `workflow_id`, `created_at`, `completed_at`) VALUES ('425f8d4b77a24e5882bfdd1784f66347', 'BUSINESS_TRIP - Generated', 'BUSINESS_TRIP', '{}', 10, 2, 3, 3, 4, '2025-12-16 20:53:31', '2025-12-16 22:14:50');
INSERT INTO `operation_log` (`user_id`, `module`, `operation`, `target_id`, `detail`, `user_agent`, `created_at`) VALUES (10, 'APPROVAL', 'SUBMIT', '425f8d4b77a24e5882bfdd1784f66347', 'Initiated Request', 'Generated Script', '2025-12-16 20:53:31');
INSERT INTO `operation_log` (`user_id`, `module`, `operation`, `target_id`, `detail`, `user_agent`, `created_at`) VALUES (2, 'APPROVAL', 'APPROVE', '425f8d4b77a24e5882bfdd1784f66347', 'Approved node 2', 'Generated Script', '2025-12-17 01:14:19');
INSERT INTO `approval_node` (`approval_id`, `node_name`, `approver_id`, `node_order`, `status`, `comment`, `approved_at`, `created_at`) VALUES ('425f8d4b77a24e5882bfdd1784f66347', 'Node 2', 2, 2, 1, 'Approved', '2025-12-17 01:14:19', '2025-12-16 20:53:31');
INSERT INTO `operation_log` (`user_id`, `module`, `operation`, `target_id`, `detail`, `user_agent`, `created_at`) VALUES (3, 'APPROVAL', 'APPROVE', '425f8d4b77a24e5882bfdd1784f66347', 'Approved node 3', 'Generated Script', '2025-12-17 04:45:35');
INSERT INTO `approval_node` (`approval_id`, `node_name`, `approver_id`, `node_order`, `status`, `comment`, `approved_at`, `created_at`) VALUES ('425f8d4b77a24e5882bfdd1784f66347', 'Node 3', 3, 3, 1, 'Approved', '2025-12-17 04:45:35', '2025-12-16 20:53:31');
INSERT INTO `approval_record` (`id`, `title`, `type_code`, `content`, `initiator_id`, `priority`, `status`, `current_node_order`, `workflow_id`, `created_at`, `completed_at`) VALUES ('c2616034ed14422998ae93defbab15e5', 'CONTRACT - Generated', 'CONTRACT', '{}', 6, 1, 3, 3, 6, '2025-10-24 02:27:42', '2025-10-26 12:19:39');
INSERT INTO `operation_log` (`user_id`, `module`, `operation`, `target_id`, `detail`, `user_agent`, `created_at`) VALUES (6, 'APPROVAL', 'SUBMIT', 'c2616034ed14422998ae93defbab15e5', 'Initiated Request', 'Generated Script', '2025-10-24 02:27:42');
INSERT INTO `operation_log` (`user_id`, `module`, `operation`, `target_id`, `detail`, `user_agent`, `created_at`) VALUES (3, 'APPROVAL', 'APPROVE', 'c2616034ed14422998ae93defbab15e5', 'Approved node 2', 'Generated Script', '2025-10-24 04:34:18');
INSERT INTO `approval_node` (`approval_id`, `node_name`, `approver_id`, `node_order`, `status`, `comment`, `approved_at`, `created_at`) VALUES ('c2616034ed14422998ae93defbab15e5', 'Node 2', 3, 2, 1, 'Approved', '2025-10-24 04:34:18', '2025-10-24 02:27:42');
INSERT INTO `operation_log` (`user_id`, `module`, `operation`, `target_id`, `detail`, `user_agent`, `created_at`) VALUES (3, 'APPROVAL', 'APPROVE', 'c2616034ed14422998ae93defbab15e5', 'Approved node 3', 'Generated Script', '2025-10-24 07:16:35');
INSERT INTO `approval_node` (`approval_id`, `node_name`, `approver_id`, `node_order`, `status`, `comment`, `approved_at`, `created_at`) VALUES ('c2616034ed14422998ae93defbab15e5', 'Node 3', 3, 3, 1, 'Approved', '2025-10-24 07:16:35', '2025-10-24 02:27:42');
INSERT INTO `approval_record` (`id`, `title`, `type_code`, `content`, `initiator_id`, `priority`, `status`, `current_node_order`, `workflow_id`, `created_at`, `completed_at`) VALUES ('81ae86f253734aed8fdd74013ecb1629', 'BUSINESS_TRIP - Generated', 'BUSINESS_TRIP', '{}', 4, 2, 3, 3, 4, '2025-11-08 05:26:53', '2025-11-09 02:08:25');
INSERT INTO `operation_log` (`user_id`, `module`, `operation`, `target_id`, `detail`, `user_agent`, `created_at`) VALUES (4, 'APPROVAL', 'SUBMIT', '81ae86f253734aed8fdd74013ecb1629', 'Initiated Request', 'Generated Script', '2025-11-08 05:26:53');
INSERT INTO `operation_log` (`user_id`, `module`, `operation`, `target_id`, `detail`, `user_agent`, `created_at`) VALUES (5, 'APPROVAL', 'APPROVE', '81ae86f253734aed8fdd74013ecb1629', 'Approved node 2', 'Generated Script', '2025-11-08 11:27:41');
INSERT INTO `approval_node` (`approval_id`, `node_name`, `approver_id`, `node_order`, `status`, `comment`, `approved_at`, `created_at`) VALUES ('81ae86f253734aed8fdd74013ecb1629', 'Node 2', 5, 2, 1, 'Approved', '2025-11-08 11:27:41', '2025-11-08 05:26:53');
INSERT INTO `operation_log` (`user_id`, `module`, `operation`, `target_id`, `detail`, `user_agent`, `created_at`) VALUES (4, 'APPROVAL', 'APPROVE', '81ae86f253734aed8fdd74013ecb1629', 'Approved node 3', 'Generated Script', '2025-11-08 13:01:59');
INSERT INTO `approval_node` (`approval_id`, `node_name`, `approver_id`, `node_order`, `status`, `comment`, `approved_at`, `created_at`) VALUES ('81ae86f253734aed8fdd74013ecb1629', 'Node 3', 4, 3, 1, 'Approved', '2025-11-08 13:01:59', '2025-11-08 05:26:53');
INSERT INTO `approval_record` (`id`, `title`, `type_code`, `content`, `initiator_id`, `priority`, `status`, `current_node_order`, `workflow_id`, `created_at`, `completed_at`) VALUES ('ba7ba4709def42b0aa640600581dee53', 'BUSINESS_TRIP - Generated', 'BUSINESS_TRIP', '{}', 8, 2, 3, 3, 4, '2025-12-25 07:25:24', '2025-12-28 03:17:46');
INSERT INTO `operation_log` (`user_id`, `module`, `operation`, `target_id`, `detail`, `user_agent`, `created_at`) VALUES (8, 'APPROVAL', 'SUBMIT', 'ba7ba4709def42b0aa640600581dee53', 'Initiated Request', 'Generated Script', '2025-12-25 07:25:24');
INSERT INTO `operation_log` (`user_id`, `module`, `operation`, `target_id`, `detail`, `user_agent`, `created_at`) VALUES (5, 'APPROVAL', 'APPROVE', 'ba7ba4709def42b0aa640600581dee53', 'Approved node 2', 'Generated Script', '2025-12-25 11:02:20');
INSERT INTO `approval_node` (`approval_id`, `node_name`, `approver_id`, `node_order`, `status`, `comment`, `approved_at`, `created_at`) VALUES ('ba7ba4709def42b0aa640600581dee53', 'Node 2', 5, 2, 1, 'Approved', '2025-12-25 11:02:20', '2025-12-25 07:25:24');
INSERT INTO `operation_log` (`user_id`, `module`, `operation`, `target_id`, `detail`, `user_agent`, `created_at`) VALUES (5, 'APPROVAL', 'APPROVE', 'ba7ba4709def42b0aa640600581dee53', 'Approved node 3', 'Generated Script', '2025-12-25 11:54:22');
INSERT INTO `approval_node` (`approval_id`, `node_name`, `approver_id`, `node_order`, `status`, `comment`, `approved_at`, `created_at`) VALUES ('ba7ba4709def42b0aa640600581dee53', 'Node 3', 5, 3, 1, 'Approved', '2025-12-25 11:54:22', '2025-12-25 07:25:24');
INSERT INTO `approval_record` (`id`, `title`, `type_code`, `content`, `initiator_id`, `priority`, `status`, `current_node_order`, `workflow_id`, `created_at`, `completed_at`) VALUES ('b3d062d3056a4b71ae86e44adad3f0b3', 'CONTRACT - Generated', 'CONTRACT', '{}', 17, 2, 3, 3, 6, '2026-01-17 19:52:52', '2026-01-18 09:09:15');
INSERT INTO `operation_log` (`user_id`, `module`, `operation`, `target_id`, `detail`, `user_agent`, `created_at`) VALUES (17, 'APPROVAL', 'SUBMIT', 'b3d062d3056a4b71ae86e44adad3f0b3', 'Initiated Request', 'Generated Script', '2026-01-17 19:52:52');
INSERT INTO `operation_log` (`user_id`, `module`, `operation`, `target_id`, `detail`, `user_agent`, `created_at`) VALUES (2, 'APPROVAL', 'APPROVE', 'b3d062d3056a4b71ae86e44adad3f0b3', 'Approved node 2', 'Generated Script', '2026-01-17 22:10:25');
INSERT INTO `approval_node` (`approval_id`, `node_name`, `approver_id`, `node_order`, `status`, `comment`, `approved_at`, `created_at`) VALUES ('b3d062d3056a4b71ae86e44adad3f0b3', 'Node 2', 2, 2, 1, 'Approved', '2026-01-17 22:10:25', '2026-01-17 19:52:52');
INSERT INTO `operation_log` (`user_id`, `module`, `operation`, `target_id`, `detail`, `user_agent`, `created_at`) VALUES (4, 'APPROVAL', 'APPROVE', 'b3d062d3056a4b71ae86e44adad3f0b3', 'Approved node 3', 'Generated Script', '2026-01-17 23:11:08');
INSERT INTO `approval_node` (`approval_id`, `node_name`, `approver_id`, `node_order`, `status`, `comment`, `approved_at`, `created_at`) VALUES ('b3d062d3056a4b71ae86e44adad3f0b3', 'Node 3', 4, 3, 1, 'Approved', '2026-01-17 23:11:08', '2026-01-17 19:52:52');
INSERT INTO `approval_record` (`id`, `title`, `type_code`, `content`, `initiator_id`, `priority`, `status`, `current_node_order`, `workflow_id`, `created_at`, `completed_at`) VALUES ('816c5da16f5c4e6a9c00ce168bd492ee', 'CONTRACT - Generated', 'CONTRACT', '{}', 14, 1, 4, 3, 6, '2025-10-31 02:20:35', '2025-10-31 03:25:18');
INSERT INTO `operation_log` (`user_id`, `module`, `operation`, `target_id`, `detail`, `user_agent`, `created_at`) VALUES (14, 'APPROVAL', 'SUBMIT', '816c5da16f5c4e6a9c00ce168bd492ee', 'Initiated Request', 'Generated Script', '2025-10-31 02:20:35');
INSERT INTO `operation_log` (`user_id`, `module`, `operation`, `target_id`, `detail`, `user_agent`, `created_at`) VALUES (1, 'APPROVAL', 'APPROVE', '816c5da16f5c4e6a9c00ce168bd492ee', 'Approved node 2', 'Generated Script', '2025-10-31 06:26:31');
INSERT INTO `approval_node` (`approval_id`, `node_name`, `approver_id`, `node_order`, `status`, `comment`, `approved_at`, `created_at`) VALUES ('816c5da16f5c4e6a9c00ce168bd492ee', 'Node 2', 1, 2, 1, 'Approved', '2025-10-31 06:26:31', '2025-10-31 02:20:35');
INSERT INTO `operation_log` (`user_id`, `module`, `operation`, `target_id`, `detail`, `user_agent`, `created_at`) VALUES (4, 'APPROVAL', 'REJECT', '816c5da16f5c4e6a9c00ce168bd492ee', 'Rejected node 3', 'Generated Script', '2025-10-31 07:28:06');
INSERT INTO `approval_node` (`approval_id`, `node_name`, `approver_id`, `node_order`, `status`, `comment`, `approved_at`, `created_at`) VALUES ('816c5da16f5c4e6a9c00ce168bd492ee', 'Node 3', 4, 3, 2, 'Rejected', '2025-10-31 07:28:06', '2025-10-31 02:20:35');
INSERT INTO `approval_record` (`id`, `title`, `type_code`, `content`, `initiator_id`, `priority`, `status`, `current_node_order`, `workflow_id`, `created_at`, `completed_at`) VALUES ('ef84e7ce46944dd7bb07d4ca4924e847', 'OVERTIME - Generated', 'OVERTIME', '{}', 11, 0, 4, 3, 5, '2025-12-12 15:29:48', '2025-12-12 20:57:17');
INSERT INTO `operation_log` (`user_id`, `module`, `operation`, `target_id`, `detail`, `user_agent`, `created_at`) VALUES (11, 'APPROVAL', 'SUBMIT', 'ef84e7ce46944dd7bb07d4ca4924e847', 'Initiated Request', 'Generated Script', '2025-12-12 15:29:48');
INSERT INTO `operation_log` (`user_id`, `module`, `operation`, `target_id`, `detail`, `user_agent`, `created_at`) VALUES (5, 'APPROVAL', 'APPROVE', 'ef84e7ce46944dd7bb07d4ca4924e847', 'Approved node 2', 'Generated Script', '2025-12-12 17:27:10');
INSERT INTO `approval_node` (`approval_id`, `node_name`, `approver_id`, `node_order`, `status`, `comment`, `approved_at`, `created_at`) VALUES ('ef84e7ce46944dd7bb07d4ca4924e847', 'Node 2', 5, 2, 1, 'Approved', '2025-12-12 17:27:10', '2025-12-12 15:29:48');
INSERT INTO `operation_log` (`user_id`, `module`, `operation`, `target_id`, `detail`, `user_agent`, `created_at`) VALUES (4, 'APPROVAL', 'REJECT', 'ef84e7ce46944dd7bb07d4ca4924e847', 'Rejected node 3', 'Generated Script', '2025-12-12 18:10:00');
INSERT INTO `approval_node` (`approval_id`, `node_name`, `approver_id`, `node_order`, `status`, `comment`, `approved_at`, `created_at`) VALUES ('ef84e7ce46944dd7bb07d4ca4924e847', 'Node 3', 4, 3, 2, 'Rejected', '2025-12-12 18:10:00', '2025-12-12 15:29:48');
INSERT INTO `approval_record` (`id`, `title`, `type_code`, `content`, `initiator_id`, `priority`, `status`, `current_node_order`, `workflow_id`, `created_at`, `completed_at`) VALUES ('09cc0c155837407abd2d9fbbe10bafdc', 'EXPENSE - Generated', 'EXPENSE', '{}', 5, 0, 3, 3, 2, '2025-10-27 19:56:53', '2025-10-28 04:50:33');
INSERT INTO `operation_log` (`user_id`, `module`, `operation`, `target_id`, `detail`, `user_agent`, `created_at`) VALUES (5, 'APPROVAL', 'SUBMIT', '09cc0c155837407abd2d9fbbe10bafdc', 'Initiated Request', 'Generated Script', '2025-10-27 19:56:53');
INSERT INTO `operation_log` (`user_id`, `module`, `operation`, `target_id`, `detail`, `user_agent`, `created_at`) VALUES (5, 'APPROVAL', 'APPROVE', '09cc0c155837407abd2d9fbbe10bafdc', 'Approved node 2', 'Generated Script', '2025-10-28 01:38:00');
INSERT INTO `approval_node` (`approval_id`, `node_name`, `approver_id`, `node_order`, `status`, `comment`, `approved_at`, `created_at`) VALUES ('09cc0c155837407abd2d9fbbe10bafdc', 'Node 2', 5, 2, 1, 'Approved', '2025-10-28 01:38:00', '2025-10-27 19:56:53');
INSERT INTO `operation_log` (`user_id`, `module`, `operation`, `target_id`, `detail`, `user_agent`, `created_at`) VALUES (4, 'APPROVAL', 'APPROVE', '09cc0c155837407abd2d9fbbe10bafdc', 'Approved node 3', 'Generated Script', '2025-10-28 02:51:09');
INSERT INTO `approval_node` (`approval_id`, `node_name`, `approver_id`, `node_order`, `status`, `comment`, `approved_at`, `created_at`) VALUES ('09cc0c155837407abd2d9fbbe10bafdc', 'Node 3', 4, 3, 1, 'Approved', '2025-10-28 02:51:09', '2025-10-27 19:56:53');
INSERT INTO `approval_record` (`id`, `title`, `type_code`, `content`, `initiator_id`, `priority`, `status`, `current_node_order`, `workflow_id`, `created_at`, `completed_at`) VALUES ('65b202c06cf94ee88a373306ee7af280', 'EXPENSE - Generated', 'EXPENSE', '{}', 19, 0, 3, 3, 2, '2026-01-04 23:01:24', '2026-01-06 23:39:51');
INSERT INTO `operation_log` (`user_id`, `module`, `operation`, `target_id`, `detail`, `user_agent`, `created_at`) VALUES (19, 'APPROVAL', 'SUBMIT', '65b202c06cf94ee88a373306ee7af280', 'Initiated Request', 'Generated Script', '2026-01-04 23:01:24');
INSERT INTO `operation_log` (`user_id`, `module`, `operation`, `target_id`, `detail`, `user_agent`, `created_at`) VALUES (4, 'APPROVAL', 'APPROVE', '65b202c06cf94ee88a373306ee7af280', 'Approved node 2', 'Generated Script', '2026-01-05 02:27:51');
INSERT INTO `approval_node` (`approval_id`, `node_name`, `approver_id`, `node_order`, `status`, `comment`, `approved_at`, `created_at`) VALUES ('65b202c06cf94ee88a373306ee7af280', 'Node 2', 4, 2, 1, 'Approved', '2026-01-05 02:27:51', '2026-01-04 23:01:24');
INSERT INTO `operation_log` (`user_id`, `module`, `operation`, `target_id`, `detail`, `user_agent`, `created_at`) VALUES (2, 'APPROVAL', 'APPROVE', '65b202c06cf94ee88a373306ee7af280', 'Approved node 3', 'Generated Script', '2026-01-05 03:42:02');
INSERT INTO `approval_node` (`approval_id`, `node_name`, `approver_id`, `node_order`, `status`, `comment`, `approved_at`, `created_at`) VALUES ('65b202c06cf94ee88a373306ee7af280', 'Node 3', 2, 3, 1, 'Approved', '2026-01-05 03:42:02', '2026-01-04 23:01:24');
INSERT INTO `approval_record` (`id`, `title`, `type_code`, `content`, `initiator_id`, `priority`, `status`, `current_node_order`, `workflow_id`, `created_at`, `completed_at`) VALUES ('06947c40866b4a11b278d355cadca0e9', 'OVERTIME - Generated', 'OVERTIME', '{}', 6, 2, 1, 1, 5, '2025-12-27 07:27:12', NULL);
INSERT INTO `operation_log` (`user_id`, `module`, `operation`, `target_id`, `detail`, `user_agent`, `created_at`) VALUES (6, 'APPROVAL', 'SUBMIT', '06947c40866b4a11b278d355cadca0e9', 'Initiated Request', 'Generated Script', '2025-12-27 07:27:12');
INSERT INTO `approval_record` (`id`, `title`, `type_code`, `content`, `initiator_id`, `priority`, `status`, `current_node_order`, `workflow_id`, `created_at`, `completed_at`) VALUES ('e3989aa71744463c8e4a0e18a16650e3', 'BUSINESS_TRIP - Generated', 'BUSINESS_TRIP', '{}', 1, 0, 1, 1, 4, '2025-12-12 02:22:58', NULL);
INSERT INTO `operation_log` (`user_id`, `module`, `operation`, `target_id`, `detail`, `user_agent`, `created_at`) VALUES (1, 'APPROVAL', 'SUBMIT', 'e3989aa71744463c8e4a0e18a16650e3', 'Initiated Request', 'Generated Script', '2025-12-12 02:22:58');
INSERT INTO `approval_record` (`id`, `title`, `type_code`, `content`, `initiator_id`, `priority`, `status`, `current_node_order`, `workflow_id`, `created_at`, `completed_at`) VALUES ('ee251a56d730449393640c1ca17e59f7', 'EXPENSE - Generated', 'EXPENSE', '{}', 4, 1, 3, 3, 2, '2025-10-27 12:48:45', '2025-10-29 09:37:53');
INSERT INTO `operation_log` (`user_id`, `module`, `operation`, `target_id`, `detail`, `user_agent`, `created_at`) VALUES (4, 'APPROVAL', 'SUBMIT', 'ee251a56d730449393640c1ca17e59f7', 'Initiated Request', 'Generated Script', '2025-10-27 12:48:45');
INSERT INTO `operation_log` (`user_id`, `module`, `operation`, `target_id`, `detail`, `user_agent`, `created_at`) VALUES (2, 'APPROVAL', 'APPROVE', 'ee251a56d730449393640c1ca17e59f7', 'Approved node 2', 'Generated Script', '2025-10-27 18:08:01');
INSERT INTO `approval_node` (`approval_id`, `node_name`, `approver_id`, `node_order`, `status`, `comment`, `approved_at`, `created_at`) VALUES ('ee251a56d730449393640c1ca17e59f7', 'Node 2', 2, 2, 1, 'Approved', '2025-10-27 18:08:01', '2025-10-27 12:48:45');
INSERT INTO `operation_log` (`user_id`, `module`, `operation`, `target_id`, `detail`, `user_agent`, `created_at`) VALUES (3, 'APPROVAL', 'APPROVE', 'ee251a56d730449393640c1ca17e59f7', 'Approved node 3', 'Generated Script', '2025-10-27 18:48:53');
INSERT INTO `approval_node` (`approval_id`, `node_name`, `approver_id`, `node_order`, `status`, `comment`, `approved_at`, `created_at`) VALUES ('ee251a56d730449393640c1ca17e59f7', 'Node 3', 3, 3, 1, 'Approved', '2025-10-27 18:48:53', '2025-10-27 12:48:45');
INSERT INTO `approval_record` (`id`, `title`, `type_code`, `content`, `initiator_id`, `priority`, `status`, `current_node_order`, `workflow_id`, `created_at`, `completed_at`) VALUES ('0a387f2a6e584fe6b23124b3d089f2a4', 'PURCHASE - Generated', 'PURCHASE', '{}', 8, 2, 1, 1, 3, '2025-10-24 21:59:05', NULL);
INSERT INTO `operation_log` (`user_id`, `module`, `operation`, `target_id`, `detail`, `user_agent`, `created_at`) VALUES (8, 'APPROVAL', 'SUBMIT', '0a387f2a6e584fe6b23124b3d089f2a4', 'Initiated Request', 'Generated Script', '2025-10-24 21:59:05');